V2	V(n002)	I(R2)
Step Information: Vbb=0  (Step: 1/26)
0.000000000000000e+00	0.000000e+00	0.000000e+00
1.000000000000000e-01	1.000000e-01	3.820861e-13
2.000000000000000e-01	2.000000e-01	3.254374e-13
3.000000000000000e-01	3.000000e-01	4.272798e-13
4.000000000000000e-01	4.000000e-01	5.275766e-13
5.000000000000000e-01	5.000000e-01	6.276047e-13
6.000000000000001e-01	6.000000e-01	7.276168e-13
7.000000000000001e-01	7.000000e-01	8.276384e-13
8.000000000000000e-01	8.000000e-01	9.276516e-13
9.000000000000000e-01	9.000000e-01	1.027664e-12
1.000000000000000e+00	1.000000e+00	1.127676e-12
1.100000000000000e+00	1.100000e+00	1.227687e-12
1.200000000000000e+00	1.200000e+00	1.327699e-12
1.300000000000000e+00	1.300000e+00	1.427711e-12
1.400000000000000e+00	1.400000e+00	1.527722e-12
1.500000000000000e+00	1.500000e+00	1.627734e-12
1.600000000000000e+00	1.600000e+00	1.727746e-12
1.700000000000000e+00	1.700000e+00	1.827758e-12
1.800000000000000e+00	1.800000e+00	1.927769e-12
1.900000000000000e+00	1.900000e+00	2.027782e-12
2.000000000000000e+00	2.000000e+00	2.127793e-12
2.100000000000000e+00	2.100000e+00	2.227805e-12
2.200000000000000e+00	2.200000e+00	2.327817e-12
2.300000000000000e+00	2.300000e+00	2.427829e-12
2.400000000000000e+00	2.400000e+00	2.527840e-12
2.500000000000000e+00	2.500000e+00	2.627853e-12
2.600000000000000e+00	2.600000e+00	2.727864e-12
2.700000000000000e+00	2.700000e+00	2.827876e-12
2.800000000000000e+00	2.800000e+00	2.927887e-12
2.900000000000000e+00	2.900000e+00	3.027899e-12
3.000000000000000e+00	3.000000e+00	3.127911e-12
3.100000000000000e+00	3.100000e+00	3.227924e-12
3.200000000000000e+00	3.200000e+00	3.327935e-12
3.300000000000000e+00	3.300000e+00	3.427947e-12
3.400000000000000e+00	3.400000e+00	3.527958e-12
3.500000000000000e+00	3.500000e+00	3.627971e-12
3.600000000000000e+00	3.600000e+00	3.727981e-12
3.700000000000000e+00	3.700000e+00	3.827993e-12
3.800000000000000e+00	3.800000e+00	3.928006e-12
3.900000000000000e+00	3.900000e+00	4.028017e-12
4.000000000000000e+00	4.000000e+00	4.128029e-12
4.100000000000001e+00	4.100000e+00	4.228040e-12
4.200000000000000e+00	4.200000e+00	4.328054e-12
4.300000000000000e+00	4.300000e+00	4.428064e-12
4.400000000000000e+00	4.400000e+00	4.528076e-12
4.500000000000000e+00	4.500000e+00	4.628088e-12
4.600000000000001e+00	4.600000e+00	4.728100e-12
4.700000000000000e+00	4.700000e+00	4.828112e-12
4.800000000000001e+00	4.800000e+00	4.928121e-12
4.900000000000000e+00	4.900000e+00	5.028133e-12
5.000000000000000e+00	5.000000e+00	5.128147e-12
5.100000000000001e+00	5.100000e+00	5.228159e-12
5.200000000000000e+00	5.200000e+00	5.328170e-12
5.300000000000001e+00	5.300000e+00	5.428182e-12
5.400000000000000e+00	5.400000e+00	5.528194e-12
5.500000000000000e+00	5.500000e+00	5.628204e-12
5.600000000000001e+00	5.600000e+00	5.728217e-12
5.700000000000000e+00	5.700000e+00	5.828229e-12
5.800000000000001e+00	5.800000e+00	5.928242e-12
5.900000000000000e+00	5.900000e+00	6.028253e-12
6.000000000000000e+00	6.000000e+00	6.128265e-12
6.100000000000001e+00	6.100000e+00	6.228275e-12
6.200000000000000e+00	6.200000e+00	6.328290e-12
6.300000000000001e+00	6.300000e+00	6.428299e-12
6.400000000000000e+00	6.400000e+00	6.528311e-12
6.500000000000000e+00	6.500000e+00	6.628323e-12
6.600000000000001e+00	6.600000e+00	6.728335e-12
6.700000000000000e+00	6.700000e+00	6.828347e-12
6.800000000000001e+00	6.800000e+00	6.928358e-12
6.900000000000000e+00	6.900000e+00	7.028368e-12
7.000000000000000e+00	7.000000e+00	7.128385e-12
7.100000000000001e+00	7.100000e+00	7.228394e-12
7.200000000000000e+00	7.200000e+00	7.328406e-12
7.300000000000001e+00	7.300000e+00	7.428418e-12
7.400000000000000e+00	7.400000e+00	7.528430e-12
7.500000000000000e+00	7.500000e+00	7.628440e-12
7.600000000000001e+00	7.600000e+00	7.728456e-12
7.700000000000000e+00	7.700000e+00	7.828464e-12
7.800000000000001e+00	7.800000e+00	7.928476e-12
7.900000000000000e+00	7.900000e+00	8.028489e-12
8.000000000000000e+00	8.000000e+00	8.128500e-12
8.100000000000000e+00	8.100000e+00	8.228513e-12
8.200000000000001e+00	8.200000e+00	8.328525e-12
8.300000000000001e+00	8.300000e+00	8.428534e-12
8.400000000000000e+00	8.400000e+00	8.528549e-12
8.500000000000000e+00	8.500000e+00	8.628561e-12
8.600000000000000e+00	8.600000e+00	8.728570e-12
8.700000000000001e+00	8.700000e+00	8.828582e-12
8.800000000000001e+00	8.800000e+00	8.928594e-12
8.900000000000000e+00	8.900000e+00	9.028609e-12
9.000000000000000e+00	9.000000e+00	9.128619e-12
9.100000000000000e+00	9.100000e+00	9.228631e-12
9.200000000000001e+00	9.200000e+00	9.328643e-12
9.300000000000001e+00	9.300000e+00	9.428651e-12
9.400000000000000e+00	9.400000e+00	9.528667e-12
9.500000000000000e+00	9.500000e+00	9.628675e-12
9.600000000000001e+00	9.600000e+00	9.728687e-12
9.700000000000001e+00	9.700000e+00	9.828697e-12
9.800000000000001e+00	9.800000e+00	9.928709e-12
9.900000000000000e+00	9.900000e+00	1.002873e-11
1.000000000000000e+01	1.000000e+01	1.012874e-11
Step Information: Vbb=200m  (Step: 2/26)
0.000000000000000e+00	-1.367751e-08	2.442413e-11
1.000000000000000e-01	9.999997e-02	4.517491e-11
2.000000000000000e-01	2.000000e-01	4.657636e-11
3.000000000000000e-01	3.000000e-01	4.683941e-11
4.000000000000000e-01	4.000000e-01	4.700408e-11
5.000000000000000e-01	5.000000e-01	4.715714e-11
6.000000000000001e-01	6.000000e-01	4.730860e-11
7.000000000000001e-01	7.000000e-01	4.745990e-11
8.000000000000000e-01	8.000000e-01	4.761113e-11
9.000000000000000e-01	9.000000e-01	4.776227e-11
1.000000000000000e+00	1.000000e+00	4.791349e-11
1.100000000000000e+00	1.100000e+00	4.806470e-11
1.200000000000000e+00	1.200000e+00	4.821592e-11
1.300000000000000e+00	1.300000e+00	4.836714e-11
1.400000000000000e+00	1.400000e+00	4.851836e-11
1.500000000000000e+00	1.500000e+00	4.866958e-11
1.600000000000000e+00	1.600000e+00	4.882079e-11
1.700000000000000e+00	1.700000e+00	4.897201e-11
1.800000000000000e+00	1.800000e+00	4.912323e-11
1.900000000000000e+00	1.900000e+00	4.927445e-11
2.000000000000000e+00	2.000000e+00	4.942566e-11
2.100000000000000e+00	2.100000e+00	4.957688e-11
2.200000000000000e+00	2.200000e+00	4.972809e-11
2.300000000000000e+00	2.300000e+00	4.987931e-11
2.400000000000000e+00	2.400000e+00	5.003053e-11
2.500000000000000e+00	2.500000e+00	5.018175e-11
2.600000000000000e+00	2.600000e+00	5.033296e-11
2.700000000000000e+00	2.700000e+00	5.048418e-11
2.800000000000000e+00	2.800000e+00	5.063540e-11
2.900000000000000e+00	2.900000e+00	5.078661e-11
3.000000000000000e+00	3.000000e+00	5.093783e-11
3.100000000000000e+00	3.100000e+00	5.108905e-11
3.200000000000000e+00	3.200000e+00	5.124027e-11
3.300000000000000e+00	3.300000e+00	5.139148e-11
3.400000000000000e+00	3.400000e+00	5.154270e-11
3.500000000000000e+00	3.500000e+00	5.169392e-11
3.600000000000000e+00	3.600000e+00	5.184514e-11
3.700000000000000e+00	3.700000e+00	5.199635e-11
3.800000000000000e+00	3.800000e+00	5.214757e-11
3.900000000000000e+00	3.900000e+00	5.229879e-11
4.000000000000000e+00	4.000000e+00	5.245000e-11
4.100000000000001e+00	4.100000e+00	5.260122e-11
4.200000000000000e+00	4.200000e+00	5.275244e-11
4.300000000000000e+00	4.300000e+00	5.290365e-11
4.400000000000000e+00	4.400000e+00	5.305487e-11
4.500000000000000e+00	4.500000e+00	5.320609e-11
4.600000000000001e+00	4.600000e+00	5.335730e-11
4.700000000000000e+00	4.700000e+00	5.350852e-11
4.800000000000001e+00	4.800000e+00	5.365974e-11
4.900000000000000e+00	4.900000e+00	5.381096e-11
5.000000000000000e+00	5.000000e+00	5.396218e-11
5.100000000000001e+00	5.100000e+00	5.411339e-11
5.200000000000000e+00	5.200000e+00	5.426461e-11
5.300000000000001e+00	5.300000e+00	5.441582e-11
5.400000000000000e+00	5.400000e+00	5.456704e-11
5.500000000000000e+00	5.500000e+00	5.471826e-11
5.600000000000001e+00	5.600000e+00	5.486948e-11
5.700000000000000e+00	5.700000e+00	5.502069e-11
5.800000000000001e+00	5.800000e+00	5.517191e-11
5.900000000000000e+00	5.900000e+00	5.532312e-11
6.000000000000000e+00	6.000000e+00	5.547434e-11
6.100000000000001e+00	6.100000e+00	5.562556e-11
6.200000000000000e+00	6.200000e+00	5.577678e-11
6.300000000000001e+00	6.300000e+00	5.592799e-11
6.400000000000000e+00	6.400000e+00	5.607921e-11
6.500000000000000e+00	6.500000e+00	5.623043e-11
6.600000000000001e+00	6.600000e+00	5.638165e-11
6.700000000000000e+00	6.700000e+00	5.653287e-11
6.800000000000001e+00	6.800000e+00	5.668408e-11
6.900000000000000e+00	6.900000e+00	5.683530e-11
7.000000000000000e+00	7.000000e+00	5.698652e-11
7.100000000000001e+00	7.100000e+00	5.713773e-11
7.200000000000000e+00	7.200000e+00	5.728895e-11
7.300000000000001e+00	7.300000e+00	5.744016e-11
7.400000000000000e+00	7.400000e+00	5.759139e-11
7.500000000000000e+00	7.500000e+00	5.774260e-11
7.600000000000001e+00	7.600000e+00	5.789382e-11
7.700000000000000e+00	7.700000e+00	5.804503e-11
7.800000000000001e+00	7.800000e+00	5.819625e-11
7.900000000000000e+00	7.900000e+00	5.834747e-11
8.000000000000000e+00	8.000000e+00	5.849869e-11
8.100000000000000e+00	8.100000e+00	5.864990e-11
8.200000000000001e+00	8.200000e+00	5.880112e-11
8.300000000000001e+00	8.300000e+00	5.895234e-11
8.400000000000000e+00	8.400000e+00	5.910356e-11
8.500000000000000e+00	8.500000e+00	5.925477e-11
8.600000000000000e+00	8.600000e+00	5.940599e-11
8.700000000000001e+00	8.700000e+00	5.955721e-11
8.800000000000001e+00	8.800000e+00	5.970843e-11
8.900000000000000e+00	8.900000e+00	5.985964e-11
9.000000000000000e+00	9.000000e+00	6.001086e-11
9.100000000000000e+00	9.100000e+00	6.016208e-11
9.200000000000001e+00	9.200000e+00	6.031329e-11
9.300000000000001e+00	9.300000e+00	6.046451e-11
9.400000000000000e+00	9.400000e+00	6.061573e-11
9.500000000000000e+00	9.500000e+00	6.076694e-11
9.600000000000001e+00	9.600000e+00	6.091816e-11
9.700000000000001e+00	9.700000e+00	6.106937e-11
9.800000000000001e+00	9.800000e+00	6.122059e-11
9.900000000000000e+00	9.900000e+00	6.137182e-11
1.000000000000000e+01	1.000000e+01	6.152303e-11
Step Information: Vbb=400m  (Step: 3/26)
0.000000000000000e+00	-5.583141e-05	9.969894e-08
1.000000000000000e-01	9.993814e-02	1.104697e-07
2.000000000000000e-01	1.999378e-01	1.110404e-07
3.000000000000000e-01	2.999377e-01	1.111849e-07
4.000000000000000e-01	3.999377e-01	1.113097e-07
5.000000000000000e-01	4.999376e-01	1.114333e-07
6.000000000000001e-01	5.999375e-01	1.115568e-07
7.000000000000001e-01	6.999375e-01	1.116803e-07
8.000000000000000e-01	7.999374e-01	1.118038e-07
9.000000000000000e-01	8.999373e-01	1.119272e-07
1.000000000000000e+00	9.999372e-01	1.120507e-07
1.100000000000000e+00	1.099937e+00	1.121742e-07
1.200000000000000e+00	1.199937e+00	1.122977e-07
1.300000000000000e+00	1.299937e+00	1.124212e-07
1.400000000000000e+00	1.399937e+00	1.125447e-07
1.500000000000000e+00	1.499937e+00	1.126682e-07
1.600000000000000e+00	1.599937e+00	1.127916e-07
1.700000000000000e+00	1.699937e+00	1.129151e-07
1.800000000000000e+00	1.799937e+00	1.130386e-07
1.900000000000000e+00	1.899937e+00	1.131621e-07
2.000000000000000e+00	1.999937e+00	1.132856e-07
2.100000000000000e+00	2.099936e+00	1.134091e-07
2.200000000000000e+00	2.199936e+00	1.135326e-07
2.300000000000000e+00	2.299936e+00	1.136561e-07
2.400000000000000e+00	2.399936e+00	1.137795e-07
2.500000000000000e+00	2.499936e+00	1.139030e-07
2.600000000000000e+00	2.599936e+00	1.140265e-07
2.700000000000000e+00	2.699936e+00	1.141500e-07
2.800000000000000e+00	2.799936e+00	1.142735e-07
2.900000000000000e+00	2.899936e+00	1.143970e-07
3.000000000000000e+00	2.999936e+00	1.145205e-07
3.100000000000000e+00	3.099936e+00	1.146439e-07
3.200000000000000e+00	3.199936e+00	1.147674e-07
3.300000000000000e+00	3.299936e+00	1.148909e-07
3.400000000000000e+00	3.399935e+00	1.150144e-07
3.500000000000000e+00	3.499936e+00	1.151379e-07
3.600000000000000e+00	3.599936e+00	1.152614e-07
3.700000000000000e+00	3.699935e+00	1.153849e-07
3.800000000000000e+00	3.799935e+00	1.155084e-07
3.900000000000000e+00	3.899935e+00	1.156318e-07
4.000000000000000e+00	3.999935e+00	1.157553e-07
4.100000000000001e+00	4.099935e+00	1.158788e-07
4.200000000000000e+00	4.199935e+00	1.160023e-07
4.300000000000000e+00	4.299935e+00	1.161258e-07
4.400000000000000e+00	4.399935e+00	1.162493e-07
4.500000000000000e+00	4.499935e+00	1.163728e-07
4.600000000000001e+00	4.599935e+00	1.164963e-07
4.700000000000000e+00	4.699934e+00	1.166197e-07
4.800000000000001e+00	4.799934e+00	1.167432e-07
4.900000000000000e+00	4.899935e+00	1.168667e-07
5.000000000000000e+00	4.999935e+00	1.169902e-07
5.100000000000001e+00	5.099935e+00	1.171137e-07
5.200000000000000e+00	5.199934e+00	1.172372e-07
5.300000000000001e+00	5.299934e+00	1.173607e-07
5.400000000000000e+00	5.399934e+00	1.174841e-07
5.500000000000000e+00	5.499934e+00	1.176076e-07
5.600000000000001e+00	5.599934e+00	1.177311e-07
5.700000000000000e+00	5.699934e+00	1.178546e-07
5.800000000000001e+00	5.799934e+00	1.179781e-07
5.900000000000000e+00	5.899934e+00	1.181016e-07
6.000000000000000e+00	5.999934e+00	1.182251e-07
6.100000000000001e+00	6.099934e+00	1.183486e-07
6.200000000000000e+00	6.199934e+00	1.184720e-07
6.300000000000001e+00	6.299933e+00	1.185955e-07
6.400000000000000e+00	6.399933e+00	1.187190e-07
6.500000000000000e+00	6.499933e+00	1.188425e-07
6.600000000000001e+00	6.599933e+00	1.189660e-07
6.700000000000000e+00	6.699934e+00	1.190895e-07
6.800000000000001e+00	6.799933e+00	1.192130e-07
6.900000000000000e+00	6.899933e+00	1.193364e-07
7.000000000000000e+00	6.999933e+00	1.194599e-07
7.100000000000001e+00	7.099933e+00	1.195834e-07
7.200000000000000e+00	7.199933e+00	1.197069e-07
7.300000000000001e+00	7.299933e+00	1.198304e-07
7.400000000000000e+00	7.399933e+00	1.199539e-07
7.500000000000000e+00	7.499933e+00	1.200774e-07
7.600000000000001e+00	7.599933e+00	1.202009e-07
7.700000000000000e+00	7.699933e+00	1.203243e-07
7.800000000000001e+00	7.799932e+00	1.204478e-07
7.900000000000000e+00	7.899932e+00	1.205713e-07
8.000000000000000e+00	7.999932e+00	1.206948e-07
8.100000000000000e+00	8.099933e+00	1.208183e-07
8.200000000000001e+00	8.199932e+00	1.209418e-07
8.300000000000001e+00	8.299932e+00	1.210653e-07
8.400000000000000e+00	8.399932e+00	1.211888e-07
8.500000000000000e+00	8.499932e+00	1.213122e-07
8.600000000000000e+00	8.599932e+00	1.214357e-07
8.700000000000001e+00	8.699932e+00	1.215592e-07
8.800000000000001e+00	8.799932e+00	1.216827e-07
8.900000000000000e+00	8.899932e+00	1.218062e-07
9.000000000000000e+00	8.999931e+00	1.219297e-07
9.100000000000000e+00	9.099932e+00	1.220532e-07
9.200000000000001e+00	9.199931e+00	1.221767e-07
9.300000000000001e+00	9.299932e+00	1.223001e-07
9.400000000000000e+00	9.399932e+00	1.224236e-07
9.500000000000000e+00	9.499931e+00	1.225471e-07
9.600000000000001e+00	9.599932e+00	1.226706e-07
9.700000000000001e+00	9.699931e+00	1.227941e-07
9.800000000000001e+00	9.799932e+00	1.229176e-07
9.900000000000000e+00	9.899931e+00	1.230411e-07
1.000000000000000e+01	9.999931e+00	1.231646e-07
Step Information: Vbb=600m  (Step: 4/26)
0.000000000000000e+00	-3.990042e-02	7.125075e-05
1.000000000000000e-01	1.550385e-02	1.508860e-04
2.000000000000000e-01	9.286534e-02	1.913119e-04
3.000000000000000e-01	1.901112e-01	1.962300e-04
4.000000000000000e-01	2.898639e-01	1.966717e-04
5.000000000000000e-01	3.897356e-01	1.969007e-04
6.000000000000001e-01	4.896126e-01	1.971204e-04
7.000000000000001e-01	5.894900e-01	1.973393e-04
8.000000000000000e-01	6.893674e-01	1.975583e-04
9.000000000000000e-01	7.892448e-01	1.977772e-04
1.000000000000000e+00	8.891222e-01	1.979961e-04
1.100000000000000e+00	9.889996e-01	1.982150e-04
1.200000000000000e+00	1.088877e+00	1.984339e-04
1.300000000000000e+00	1.188754e+00	1.986529e-04
1.400000000000000e+00	1.288632e+00	1.988718e-04
1.500000000000000e+00	1.388509e+00	1.990907e-04
1.600000000000000e+00	1.488387e+00	1.993096e-04
1.700000000000000e+00	1.588264e+00	1.995285e-04
1.800000000000000e+00	1.688141e+00	1.997474e-04
1.900000000000000e+00	1.788019e+00	1.999662e-04
2.000000000000000e+00	1.887896e+00	2.001851e-04
2.100000000000000e+00	1.987774e+00	2.004040e-04
2.200000000000000e+00	2.087651e+00	2.006229e-04
2.300000000000000e+00	2.187529e+00	2.008418e-04
2.400000000000000e+00	2.287406e+00	2.010607e-04
2.500000000000000e+00	2.387284e+00	2.012796e-04
2.600000000000000e+00	2.487161e+00	2.014984e-04
2.700000000000000e+00	2.587038e+00	2.017173e-04
2.800000000000000e+00	2.686916e+00	2.019362e-04
2.900000000000000e+00	2.786793e+00	2.021550e-04
3.000000000000000e+00	2.886671e+00	2.023739e-04
3.100000000000000e+00	2.986548e+00	2.025928e-04
3.200000000000000e+00	3.086426e+00	2.028116e-04
3.300000000000000e+00	3.186303e+00	2.030305e-04
3.400000000000000e+00	3.286180e+00	2.032493e-04
3.500000000000000e+00	3.386058e+00	2.034682e-04
3.600000000000000e+00	3.485935e+00	2.036870e-04
3.700000000000000e+00	3.585813e+00	2.039058e-04
3.800000000000000e+00	3.685690e+00	2.041247e-04
3.900000000000000e+00	3.785568e+00	2.043435e-04
4.000000000000000e+00	3.885445e+00	2.045624e-04
4.100000000000001e+00	3.985322e+00	2.047812e-04
4.200000000000000e+00	4.085200e+00	2.050000e-04
4.300000000000000e+00	4.185078e+00	2.052188e-04
4.400000000000000e+00	4.284955e+00	2.054377e-04
4.500000000000000e+00	4.384832e+00	2.056565e-04
4.600000000000001e+00	4.484710e+00	2.058753e-04
4.700000000000000e+00	4.584587e+00	2.060941e-04
4.800000000000001e+00	4.684465e+00	2.063129e-04
4.900000000000000e+00	4.784342e+00	2.065317e-04
5.000000000000000e+00	4.884220e+00	2.067505e-04
5.100000000000001e+00	4.984097e+00	2.069693e-04
5.200000000000000e+00	5.083975e+00	2.071881e-04
5.300000000000001e+00	5.183852e+00	2.074069e-04
5.400000000000000e+00	5.283730e+00	2.076257e-04
5.500000000000000e+00	5.383607e+00	2.078445e-04
5.600000000000001e+00	5.483485e+00	2.080633e-04
5.700000000000000e+00	5.583362e+00	2.082821e-04
5.800000000000001e+00	5.683239e+00	2.085009e-04
5.900000000000000e+00	5.783117e+00	2.087196e-04
6.000000000000000e+00	5.882995e+00	2.089384e-04
6.100000000000001e+00	5.982872e+00	2.091572e-04
6.200000000000000e+00	6.082749e+00	2.093760e-04
6.300000000000001e+00	6.182627e+00	2.095947e-04
6.400000000000000e+00	6.282505e+00	2.098135e-04
6.500000000000000e+00	6.382382e+00	2.100322e-04
6.600000000000001e+00	6.482259e+00	2.102510e-04
6.700000000000000e+00	6.582137e+00	2.104698e-04
6.800000000000001e+00	6.682014e+00	2.106885e-04
6.900000000000000e+00	6.781892e+00	2.109073e-04
7.000000000000000e+00	6.881770e+00	2.111260e-04
7.100000000000001e+00	6.981647e+00	2.113448e-04
7.200000000000000e+00	7.081524e+00	2.115635e-04
7.300000000000001e+00	7.181402e+00	2.117822e-04
7.400000000000000e+00	7.281280e+00	2.120010e-04
7.500000000000000e+00	7.381157e+00	2.122197e-04
7.600000000000001e+00	7.481034e+00	2.124384e-04
7.700000000000000e+00	7.580912e+00	2.126571e-04
7.800000000000001e+00	7.680789e+00	2.128759e-04
7.900000000000000e+00	7.780667e+00	2.130946e-04
8.000000000000000e+00	7.880545e+00	2.133133e-04
8.100000000000000e+00	7.980422e+00	2.135320e-04
8.200000000000001e+00	8.080299e+00	2.137507e-04
8.300000000000001e+00	8.180177e+00	2.139695e-04
8.400000000000000e+00	8.280055e+00	2.141882e-04
8.500000000000000e+00	8.379932e+00	2.144069e-04
8.600000000000000e+00	8.479810e+00	2.146256e-04
8.700000000000001e+00	8.579687e+00	2.148443e-04
8.800000000000001e+00	8.679564e+00	2.150630e-04
8.900000000000000e+00	8.779442e+00	2.152817e-04
9.000000000000000e+00	8.879320e+00	2.155003e-04
9.100000000000000e+00	8.979198e+00	2.157190e-04
9.200000000000001e+00	9.079075e+00	2.159377e-04
9.300000000000001e+00	9.178952e+00	2.161564e-04
9.400000000000000e+00	9.278830e+00	2.163751e-04
9.500000000000000e+00	9.378708e+00	2.165937e-04
9.600000000000001e+00	9.478585e+00	2.168124e-04
9.700000000000001e+00	9.578463e+00	2.170311e-04
9.800000000000001e+00	9.678340e+00	2.172498e-04
9.900000000000000e+00	9.778217e+00	2.174684e-04
1.000000000000000e+01	9.878096e+00	2.176871e-04
Step Information: Vbb=800m  (Step: 5/26)
0.000000000000000e+00	-7.725981e-02	1.379640e-04
1.000000000000000e-01	-6.015609e-02	2.859930e-04
2.000000000000000e-01	-4.764538e-02	4.422239e-04
3.000000000000000e-01	-3.759005e-02	6.028394e-04
4.000000000000000e-01	-2.900283e-02	7.660765e-04
5.000000000000000e-01	-2.133848e-02	9.309616e-04
6.000000000000001e-01	-1.432773e-02	1.097014e-03
7.000000000000001e-01	-7.729335e-03	1.263802e-03
8.000000000000000e-01	-1.394621e-03	1.431062e-03
9.000000000000000e-01	4.804510e-03	1.598563e-03
1.000000000000000e+00	1.096125e-02	1.766141e-03
1.100000000000000e+00	1.717719e-02	1.933612e-03
1.200000000000000e+00	2.355724e-02	2.100791e-03
1.300000000000000e+00	3.022092e-02	2.267463e-03
1.400000000000000e+00	3.732083e-02	2.433356e-03
1.500000000000000e+00	4.506752e-02	2.598094e-03
1.600000000000000e+00	5.377732e-02	2.761112e-03
1.700000000000000e+00	6.397227e-02	2.921478e-03
1.800000000000000e+00	7.661879e-02	3.077467e-03
1.900000000000000e+00	9.380452e-02	3.225349e-03
2.000000000000000e+00	1.210932e-01	3.355191e-03
2.100000000000000e+00	1.745177e-01	3.438361e-03
2.200000000000000e+00	2.628876e-01	3.459129e-03
2.300000000000000e+00	3.602115e-01	3.463908e-03
2.400000000000000e+00	4.580922e-01	3.467693e-03
2.500000000000000e+00	5.560005e-01	3.471428e-03
2.600000000000000e+00	6.539105e-01	3.475160e-03
2.700000000000000e+00	7.518207e-01	3.478892e-03
2.800000000000000e+00	8.497310e-01	3.482623e-03
2.900000000000000e+00	9.476414e-01	3.486355e-03
3.000000000000000e+00	1.045552e+00	3.490086e-03
3.100000000000000e+00	1.143463e+00	3.493817e-03
3.200000000000000e+00	1.241373e+00	3.497548e-03
3.300000000000000e+00	1.339284e+00	3.501279e-03
3.400000000000000e+00	1.437195e+00	3.505009e-03
3.500000000000000e+00	1.535106e+00	3.508739e-03
3.600000000000000e+00	1.633017e+00	3.512470e-03
3.700000000000000e+00	1.730928e+00	3.516200e-03
3.800000000000000e+00	1.828839e+00	3.519929e-03
3.900000000000000e+00	1.926751e+00	3.523659e-03
4.000000000000000e+00	2.024662e+00	3.527389e-03
4.100000000000001e+00	2.122574e+00	3.531118e-03
4.200000000000000e+00	2.220485e+00	3.534847e-03
4.300000000000000e+00	2.318397e+00	3.538576e-03
4.400000000000000e+00	2.416309e+00	3.542305e-03
4.500000000000000e+00	2.514221e+00	3.546034e-03
4.600000000000001e+00	2.612133e+00	3.549762e-03
4.700000000000000e+00	2.710045e+00	3.553491e-03
4.800000000000001e+00	2.807957e+00	3.557219e-03
4.900000000000000e+00	2.905870e+00	3.560947e-03
5.000000000000000e+00	3.003782e+00	3.564674e-03
5.100000000000001e+00	3.101695e+00	3.568402e-03
5.200000000000000e+00	3.199607e+00	3.572129e-03
5.300000000000001e+00	3.297520e+00	3.575857e-03
5.400000000000000e+00	3.395433e+00	3.579584e-03
5.500000000000000e+00	3.493346e+00	3.583311e-03
5.600000000000001e+00	3.591259e+00	3.587038e-03
5.700000000000000e+00	3.689172e+00	3.590764e-03
5.800000000000001e+00	3.787085e+00	3.594490e-03
5.900000000000000e+00	3.884999e+00	3.598217e-03
6.000000000000000e+00	3.982912e+00	3.601943e-03
6.100000000000001e+00	4.080825e+00	3.605669e-03
6.200000000000000e+00	4.178739e+00	3.609394e-03
6.300000000000001e+00	4.276653e+00	3.613120e-03
6.400000000000000e+00	4.374567e+00	3.616845e-03
6.500000000000000e+00	4.472480e+00	3.620571e-03
6.600000000000001e+00	4.570395e+00	3.624296e-03
6.700000000000000e+00	4.668309e+00	3.628021e-03
6.800000000000001e+00	4.766222e+00	3.631745e-03
6.900000000000000e+00	4.864137e+00	3.635470e-03
7.000000000000000e+00	4.962051e+00	3.639194e-03
7.100000000000001e+00	5.059966e+00	3.642918e-03
7.200000000000000e+00	5.157880e+00	3.646642e-03
7.300000000000001e+00	5.255795e+00	3.650366e-03
7.400000000000000e+00	5.353710e+00	3.654090e-03
7.500000000000000e+00	5.451624e+00	3.657813e-03
7.600000000000001e+00	5.549540e+00	3.661537e-03
7.700000000000000e+00	5.647455e+00	3.665260e-03
7.800000000000001e+00	5.745370e+00	3.668983e-03
7.900000000000000e+00	5.843285e+00	3.672705e-03
8.000000000000000e+00	5.941200e+00	3.676428e-03
8.100000000000000e+00	6.039116e+00	3.680150e-03
8.200000000000001e+00	6.137031e+00	3.683873e-03
8.300000000000001e+00	6.234947e+00	3.687595e-03
8.400000000000000e+00	6.332862e+00	3.691317e-03
8.500000000000000e+00	6.430779e+00	3.695039e-03
8.600000000000000e+00	6.528694e+00	3.698760e-03
8.700000000000001e+00	6.626610e+00	3.702482e-03
8.800000000000001e+00	6.724526e+00	3.706203e-03
8.900000000000000e+00	6.822443e+00	3.709924e-03
9.000000000000000e+00	6.920359e+00	3.713645e-03
9.100000000000000e+00	7.018275e+00	3.717366e-03
9.200000000000001e+00	7.116192e+00	3.721086e-03
9.300000000000001e+00	7.214108e+00	3.724806e-03
9.400000000000000e+00	7.312025e+00	3.728527e-03
9.500000000000000e+00	7.409942e+00	3.732247e-03
9.600000000000001e+00	7.507859e+00	3.735967e-03
9.700000000000001e+00	7.605776e+00	3.739686e-03
9.800000000000001e+00	7.703693e+00	3.743406e-03
9.900000000000000e+00	7.801610e+00	3.747125e-03
1.000000000000000e+01	7.899527e+00	3.750844e-03
Step Information: Vbb=1  (Step: 6/26)
0.000000000000000e+00	-8.902748e-02	1.589776e-04
1.000000000000000e-01	-7.640133e-02	3.150024e-04
2.000000000000000e-01	-6.687764e-02	4.765672e-04
3.000000000000000e-01	-5.910885e-02	6.412658e-04
4.000000000000000e-01	-5.259394e-02	8.082035e-04
5.000000000000000e-01	-4.688043e-02	9.765722e-04
6.000000000000001e-01	-4.174729e-02	1.145977e-03
7.000000000000001e-01	-3.705836e-02	1.316176e-03
8.000000000000000e-01	-3.271573e-02	1.486992e-03
9.000000000000000e-01	-2.864801e-02	1.658300e-03
1.000000000000000e+00	-2.480190e-02	1.830003e-03
1.100000000000000e+00	-2.113639e-02	2.002029e-03
1.200000000000000e+00	-1.761918e-02	2.174320e-03
1.300000000000000e+00	-1.422418e-02	2.346829e-03
1.400000000000000e+00	-1.092994e-02	2.519518e-03
1.500000000000000e+00	-7.718419e-03	2.692354e-03
1.600000000000000e+00	-4.574164e-03	2.865311e-03
1.700000000000000e+00	-1.483681e-03	3.038364e-03
1.800000000000000e+00	1.565046e-03	3.211491e-03
1.900000000000000e+00	4.582934e-03	3.384673e-03
2.000000000000000e+00	7.580101e-03	3.557893e-03
2.100000000000000e+00	1.056612e-02	3.731132e-03
2.200000000000000e+00	1.355026e-02	3.904375e-03
2.300000000000000e+00	1.654165e-02	4.077604e-03
2.400000000000000e+00	1.954952e-02	4.250804e-03
2.500000000000000e+00	2.258339e-02	4.423958e-03
2.600000000000000e+00	2.565324e-02	4.597048e-03
2.700000000000000e+00	2.876983e-02	4.770054e-03
2.800000000000000e+00	3.194491e-02	4.942955e-03
2.900000000000000e+00	3.519160e-02	5.115729e-03
3.000000000000000e+00	3.852478e-02	5.288349e-03
3.100000000000000e+00	4.196172e-02	5.460782e-03
3.200000000000000e+00	4.552271e-02	5.632995e-03
3.300000000000000e+00	4.923212e-02	5.804942e-03
3.400000000000000e+00	5.311973e-02	5.976572e-03
3.500000000000000e+00	5.722275e-02	6.147816e-03
3.600000000000000e+00	6.158863e-02	6.318592e-03
3.700000000000000e+00	6.628140e-02	6.488783e-03
3.800000000000000e+00	7.138211e-02	6.658246e-03
3.900000000000000e+00	7.700927e-02	6.826769e-03
4.000000000000000e+00	8.333364e-02	6.994047e-03
4.100000000000001e+00	9.061765e-02	7.159611e-03
4.200000000000000e+00	9.929320e-02	7.322691e-03
4.300000000000000e+00	1.101405e-01	7.481892e-03
4.400000000000000e+00	1.247645e-01	7.634349e-03
4.500000000000000e+00	1.471345e-01	7.772974e-03
4.600000000000001e+00	1.888326e-01	7.877084e-03
4.700000000000000e+00	2.662092e-01	7.917483e-03
4.800000000000001e+00	3.599473e-01	7.928666e-03
4.900000000000000e+00	4.552245e-01	7.937099e-03
5.000000000000000e+00	5.505615e-01	7.945426e-03
5.100000000000001e+00	6.459032e-01	7.953744e-03
5.200000000000000e+00	7.412454e-01	7.962062e-03
5.300000000000001e+00	8.365879e-01	7.970379e-03
5.400000000000000e+00	9.319306e-01	7.978695e-03
5.500000000000000e+00	1.027274e+00	7.987011e-03
5.600000000000001e+00	1.122617e+00	7.995327e-03
5.700000000000000e+00	1.217960e+00	8.003643e-03
5.800000000000001e+00	1.313304e+00	8.011958e-03
5.900000000000000e+00	1.408648e+00	8.020272e-03
6.000000000000000e+00	1.503991e+00	8.028586e-03
6.100000000000001e+00	1.599336e+00	8.036900e-03
6.200000000000000e+00	1.694680e+00	8.045214e-03
6.300000000000001e+00	1.790025e+00	8.053527e-03
6.400000000000000e+00	1.885370e+00	8.061839e-03
6.500000000000000e+00	1.980715e+00	8.070152e-03
6.600000000000001e+00	2.076060e+00	8.078464e-03
6.700000000000000e+00	2.171406e+00	8.086775e-03
6.800000000000001e+00	2.266752e+00	8.095087e-03
6.900000000000000e+00	2.362098e+00	8.103398e-03
7.000000000000000e+00	2.457444e+00	8.111708e-03
7.100000000000001e+00	2.552790e+00	8.120018e-03
7.200000000000000e+00	2.648137e+00	8.128327e-03
7.300000000000001e+00	2.743484e+00	8.136637e-03
7.400000000000000e+00	2.838830e+00	8.144946e-03
7.500000000000000e+00	2.934178e+00	8.153254e-03
7.600000000000001e+00	3.029525e+00	8.161562e-03
7.700000000000000e+00	3.124873e+00	8.169870e-03
7.800000000000001e+00	3.220221e+00	8.178177e-03
7.900000000000000e+00	3.315569e+00	8.186484e-03
8.000000000000000e+00	3.410917e+00	8.194790e-03
8.100000000000000e+00	3.506266e+00	8.203097e-03
8.200000000000001e+00	3.601615e+00	8.211402e-03
8.300000000000001e+00	3.696964e+00	8.219708e-03
8.400000000000000e+00	3.792313e+00	8.228013e-03
8.500000000000000e+00	3.887662e+00	8.236318e-03
8.600000000000000e+00	3.983012e+00	8.244622e-03
8.700000000000001e+00	4.078362e+00	8.252925e-03
8.800000000000001e+00	4.173712e+00	8.261229e-03
8.900000000000000e+00	4.269062e+00	8.269532e-03
9.000000000000000e+00	4.364413e+00	8.277834e-03
9.100000000000000e+00	4.459763e+00	8.286137e-03
9.200000000000001e+00	4.555114e+00	8.294439e-03
9.300000000000001e+00	4.650465e+00	8.302741e-03
9.400000000000000e+00	4.745817e+00	8.311042e-03
9.500000000000000e+00	4.841168e+00	8.319343e-03
9.600000000000001e+00	4.936520e+00	8.327642e-03
9.700000000000001e+00	5.031872e+00	8.335942e-03
9.800000000000001e+00	5.127224e+00	8.344242e-03
9.900000000000000e+00	5.222577e+00	8.352541e-03
1.000000000000000e+01	5.317929e+00	8.360840e-03
Step Information: Vbb=1.2  (Step: 7/26)
0.000000000000000e+00	-9.547808e-02	1.704966e-04
1.000000000000000e-01	-8.501218e-02	3.303789e-04
2.000000000000000e-01	-7.694496e-02	4.945446e-04
3.000000000000000e-01	-7.022626e-02	6.611183e-04
4.000000000000000e-01	-6.451652e-02	8.294938e-04
5.000000000000000e-01	-5.949039e-02	9.990900e-04
6.000000000000001e-01	-5.497289e-02	1.169594e-03
7.000000000000001e-01	-5.085188e-02	1.340807e-03
8.000000000000000e-01	-4.704661e-02	1.512583e-03
9.000000000000000e-01	-4.349772e-02	1.684817e-03
1.000000000000000e+00	-4.016052e-02	1.857430e-03
1.100000000000000e+00	-3.700055e-02	2.030358e-03
1.200000000000000e+00	-3.399066e-02	2.203555e-03
1.300000000000000e+00	-3.110906e-02	2.376980e-03
1.400000000000000e+00	-2.833801e-02	2.550604e-03
1.500000000000000e+00	-2.566285e-02	2.724398e-03
1.600000000000000e+00	-2.307129e-02	2.898342e-03
1.700000000000000e+00	-2.055295e-02	3.072416e-03
1.800000000000000e+00	-1.809891e-02	3.246605e-03
1.900000000000000e+00	-1.570148e-02	3.420895e-03
2.000000000000000e+00	-1.335395e-02	3.595275e-03
2.100000000000000e+00	-1.105039e-02	3.769733e-03
2.200000000000000e+00	-8.785558e-03	3.944260e-03
2.300000000000000e+00	-6.554735e-03	4.118848e-03
2.400000000000000e+00	-4.353670e-03	4.293489e-03
2.500000000000000e+00	-2.178488e-03	4.468176e-03
2.600000000000000e+00	-2.562742e-05	4.642903e-03
2.700000000000000e+00	2.108207e-03	4.817664e-03
2.800000000000000e+00	4.226094e-03	4.992453e-03
2.900000000000000e+00	6.330932e-03	5.167266e-03
3.000000000000000e+00	8.425479e-03	5.342097e-03
3.100000000000000e+00	1.051237e-02	5.516942e-03
3.200000000000000e+00	1.259416e-02	5.691796e-03
3.300000000000000e+00	1.467335e-02	5.866655e-03
3.400000000000000e+00	1.675237e-02	6.041514e-03
3.500000000000000e+00	1.883367e-02	6.216369e-03
3.600000000000000e+00	2.091969e-02	6.391215e-03
3.700000000000000e+00	2.301289e-02	6.566049e-03
3.800000000000000e+00	2.511580e-02	6.740865e-03
3.900000000000000e+00	2.723100e-02	6.915659e-03
4.000000000000000e+00	2.936119e-02	7.090427e-03
4.100000000000001e+00	3.150918e-02	7.265162e-03
4.200000000000000e+00	3.367796e-02	7.439861e-03
4.300000000000000e+00	3.587069e-02	7.614517e-03
4.400000000000000e+00	3.809076e-02	7.789124e-03
4.500000000000000e+00	4.034184e-02	7.963675e-03
4.600000000000001e+00	4.262793e-02	8.138164e-03
4.700000000000000e+00	4.495342e-02	8.312583e-03
4.800000000000001e+00	4.732316e-02	8.486923e-03
4.900000000000000e+00	4.974256e-02	8.661174e-03
5.000000000000000e+00	5.221768e-02	8.835326e-03
5.100000000000001e+00	5.475540e-02	9.009365e-03
5.200000000000000e+00	5.736356e-02	9.183279e-03
5.300000000000001e+00	6.005117e-02	9.357052e-03
5.400000000000000e+00	6.282873e-02	9.530663e-03
5.500000000000000e+00	6.570851e-02	9.704092e-03
5.600000000000001e+00	6.870510e-02	9.877312e-03
5.700000000000000e+00	7.183599e-02	1.005029e-02
5.800000000000001e+00	7.512238e-02	1.022300e-02
5.900000000000000e+00	7.859045e-02	1.039537e-02
6.000000000000000e+00	8.227294e-02	1.056737e-02
6.100000000000001e+00	8.621167e-02	1.073891e-02
6.200000000000000e+00	9.046271e-02	1.090989e-02
6.300000000000001e+00	9.509657e-02	1.108018e-02
6.400000000000000e+00	1.002151e-01	1.124962e-02
6.500000000000000e+00	1.059625e-01	1.141792e-02
6.600000000000001e+00	1.125556e-01	1.158472e-02
6.700000000000000e+00	1.203400e-01	1.174939e-02
6.800000000000001e+00	1.299130e-01	1.191087e-02
6.900000000000000e+00	1.424276e-01	1.206709e-02
7.000000000000000e+00	1.604858e-01	1.221342e-02
7.100000000000001e+00	1.912054e-01	1.233713e-02
7.200000000000000e+00	2.515312e-01	1.240798e-02
7.300000000000001e+00	3.391633e-01	1.243007e-02
7.400000000000000e+00	4.317100e-01	1.244337e-02
7.500000000000000e+00	5.245685e-01	1.245613e-02
7.600000000000001e+00	6.174445e-01	1.246885e-02
7.700000000000000e+00	7.103220e-01	1.248157e-02
7.800000000000001e+00	8.031999e-01	1.249429e-02
7.900000000000000e+00	8.960782e-01	1.250700e-02
8.000000000000000e+00	9.889567e-01	1.251972e-02
8.100000000000000e+00	1.081836e+00	1.253244e-02
8.200000000000001e+00	1.174715e+00	1.254515e-02
8.300000000000001e+00	1.267594e+00	1.255787e-02
8.400000000000000e+00	1.360474e+00	1.257058e-02
8.500000000000000e+00	1.453354e+00	1.258330e-02
8.600000000000000e+00	1.546235e+00	1.259601e-02
8.700000000000001e+00	1.639115e+00	1.260872e-02
8.800000000000001e+00	1.731996e+00	1.262144e-02
8.900000000000000e+00	1.824878e+00	1.263415e-02
9.000000000000000e+00	1.917759e+00	1.264686e-02
9.100000000000000e+00	2.010641e+00	1.265957e-02
9.200000000000001e+00	2.103524e+00	1.267228e-02
9.300000000000001e+00	2.196406e+00	1.268499e-02
9.400000000000000e+00	2.289289e+00	1.269770e-02
9.500000000000000e+00	2.382172e+00	1.271041e-02
9.600000000000001e+00	2.475056e+00	1.272311e-02
9.700000000000001e+00	2.567940e+00	1.273582e-02
9.800000000000001e+00	2.660824e+00	1.274853e-02
9.900000000000000e+00	2.753708e+00	1.276124e-02
1.000000000000000e+01	2.846593e+00	1.277394e-02
Step Information: Vbb=1.4  (Step: 8/26)
0.000000000000000e+00	-9.972957e-02	1.780885e-04
1.000000000000000e-01	-9.070247e-02	3.405401e-04
2.000000000000000e-01	-8.347862e-02	5.062118e-04
3.000000000000000e-01	-7.748937e-02	6.740881e-04
4.000000000000000e-01	-7.229777e-02	8.433888e-04
5.000000000000000e-01	-6.769120e-02	1.013734e-03
6.000000000000001e-01	-6.353609e-02	1.184886e-03
7.000000000000001e-01	-5.973683e-02	1.356673e-03
8.000000000000000e-01	-5.622439e-02	1.528972e-03
9.000000000000000e-01	-5.294758e-02	1.701692e-03
1.000000000000000e+00	-4.986749e-02	1.874763e-03
1.100000000000000e+00	-4.695382e-02	2.048132e-03
1.200000000000000e+00	-4.418255e-02	2.221755e-03
1.300000000000000e+00	-4.153434e-02	2.395597e-03
1.400000000000000e+00	-3.899334e-02	2.569631e-03
1.500000000000000e+00	-3.654644e-02	2.743833e-03
1.600000000000000e+00	-3.418265e-02	2.918183e-03
1.700000000000000e+00	-3.189266e-02	3.092665e-03
1.800000000000000e+00	-2.966852e-02	3.267265e-03
1.900000000000000e+00	-2.750338e-02	3.441970e-03
2.000000000000000e+00	-2.539130e-02	3.616770e-03
2.100000000000000e+00	-2.332706e-02	3.791655e-03
2.200000000000000e+00	-2.130609e-02	3.966618e-03
2.300000000000000e+00	-1.932433e-02	4.141651e-03
2.400000000000000e+00	-1.737816e-02	4.316747e-03
2.500000000000000e+00	-1.546433e-02	4.491901e-03
2.600000000000000e+00	-1.357993e-02	4.667107e-03
2.700000000000000e+00	-1.172230e-02	4.842361e-03
2.800000000000000e+00	-9.889041e-03	5.017659e-03
2.900000000000000e+00	-8.077940e-03	5.192996e-03
3.000000000000000e+00	-6.286974e-03	5.368370e-03
3.100000000000000e+00	-4.514272e-03	5.543775e-03
3.200000000000000e+00	-2.758099e-03	5.719211e-03
3.300000000000000e+00	-1.016837e-03	5.894673e-03
3.400000000000000e+00	7.110278e-04	6.070159e-03
3.500000000000000e+00	2.426920e-03	6.245666e-03
3.600000000000000e+00	4.132186e-03	6.421193e-03
3.700000000000000e+00	5.828103e-03	6.596736e-03
3.800000000000000e+00	7.515889e-03	6.772293e-03
3.900000000000000e+00	9.196714e-03	6.947863e-03
4.000000000000000e+00	1.087170e-02	7.123443e-03
4.100000000000001e+00	1.254194e-02	7.299032e-03
4.200000000000000e+00	1.420849e-02	7.474628e-03
4.300000000000000e+00	1.587238e-02	7.650228e-03
4.400000000000000e+00	1.753462e-02	7.825831e-03
4.500000000000000e+00	1.919624e-02	8.001436e-03
4.600000000000001e+00	2.085820e-02	8.177039e-03
4.700000000000000e+00	2.252152e-02	8.352640e-03
4.800000000000001e+00	2.418718e-02	8.528237e-03
4.900000000000000e+00	2.585617e-02	8.703828e-03
5.000000000000000e+00	2.752952e-02	8.879412e-03
5.100000000000001e+00	2.920826e-02	9.054985e-03
5.200000000000000e+00	3.089342e-02	9.230548e-03
5.300000000000001e+00	3.258611e-02	9.406096e-03
5.400000000000000e+00	3.428741e-02	9.581629e-03
5.500000000000000e+00	3.599850e-02	9.757145e-03
5.600000000000001e+00	3.772057e-02	9.932642e-03
5.700000000000000e+00	3.945488e-02	1.010812e-02
5.800000000000001e+00	4.120275e-02	1.028357e-02
5.900000000000000e+00	4.296557e-02	1.045899e-02
6.000000000000000e+00	4.474482e-02	1.063438e-02
6.100000000000001e+00	4.654205e-02	1.080975e-02
6.200000000000000e+00	4.835895e-02	1.098507e-02
6.300000000000001e+00	5.019732e-02	1.116036e-02
6.400000000000000e+00	5.205908e-02	1.133561e-02
6.500000000000000e+00	5.394635e-02	1.151081e-02
6.600000000000001e+00	5.586138e-02	1.168596e-02
6.700000000000000e+00	5.780666e-02	1.186106e-02
6.800000000000001e+00	5.978491e-02	1.203610e-02
6.900000000000000e+00	6.179913e-02	1.221107e-02
7.000000000000000e+00	6.385262e-02	1.238598e-02
7.100000000000001e+00	6.594907e-02	1.256081e-02
7.200000000000000e+00	6.809260e-02	1.273555e-02
7.300000000000001e+00	7.028780e-02	1.291020e-02
7.400000000000000e+00	7.253990e-02	1.308475e-02
7.500000000000000e+00	7.485483e-02	1.325919e-02
7.600000000000001e+00	7.723934e-02	1.343350e-02
7.700000000000000e+00	7.970125e-02	1.360768e-02
7.800000000000001e+00	8.224959e-02	1.378170e-02
7.900000000000000e+00	8.489494e-02	1.395554e-02
8.000000000000000e+00	8.764979e-02	1.412920e-02
8.100000000000000e+00	9.052902e-02	1.430263e-02
8.200000000000001e+00	9.355059e-02	1.447580e-02
8.300000000000001e+00	9.673638e-02	1.464869e-02
8.400000000000000e+00	1.001135e-01	1.482123e-02
8.500000000000000e+00	1.037161e-01	1.499336e-02
8.600000000000000e+00	1.075879e-01	1.516502e-02
8.700000000000001e+00	1.117879e-01	1.533609e-02
8.800000000000001e+00	1.163907e-01	1.550645e-02
8.900000000000000e+00	1.215047e-01	1.567588e-02
9.000000000000000e+00	1.272847e-01	1.584413e-02
9.100000000000000e+00	1.339656e-01	1.601078e-02
9.200000000000001e+00	1.419262e-01	1.617513e-02
9.300000000000001e+00	1.518317e-01	1.633601e-02
9.400000000000000e+00	1.649937e-01	1.649108e-02
9.500000000000000e+00	1.844511e-01	1.663491e-02
9.600000000000001e+00	2.185845e-01	1.675253e-02
9.700000000000001e+00	2.837526e-01	1.681473e-02
9.800000000000001e+00	3.709202e-01	1.683764e-02
9.900000000000000e+00	4.612844e-01	1.685485e-02
1.000000000000000e+01	5.518540e-01	1.687169e-02
Step Information: Vbb=1.6  (Step: 9/26)
0.000000000000000e+00	-1.028122e-01	1.835933e-04
1.000000000000000e-01	-9.481715e-02	3.478878e-04
2.000000000000000e-01	-8.828411e-02	5.147930e-04
3.000000000000000e-01	-8.277682e-02	6.835301e-04
4.000000000000000e-01	-7.796153e-02	8.535027e-04
5.000000000000000e-01	-7.366373e-02	1.024400e-03
6.000000000000001e-01	-6.976966e-02	1.196017e-03
7.000000000000001e-01	-6.619754e-02	1.368210e-03
8.000000000000000e-01	-6.288757e-02	1.540871e-03
9.000000000000000e-01	-5.979489e-02	1.713919e-03
1.000000000000000e+00	-5.688503e-02	1.887295e-03
1.100000000000000e+00	-5.413097e-02	2.060948e-03
1.200000000000000e+00	-5.151112e-02	2.234841e-03
1.300000000000000e+00	-4.900796e-02	2.408943e-03
1.400000000000000e+00	-4.660712e-02	2.583227e-03
1.500000000000000e+00	-4.429663e-02	2.757672e-03
1.600000000000000e+00	-4.206642e-02	2.932261e-03
1.700000000000000e+00	-3.990795e-02	3.106978e-03
1.800000000000000e+00	-3.781390e-02	3.281811e-03
1.900000000000000e+00	-3.577797e-02	3.456746e-03
2.000000000000000e+00	-3.379466e-02	3.631776e-03
2.100000000000000e+00	-3.185918e-02	3.806891e-03
2.200000000000000e+00	-2.996731e-02	3.982084e-03
2.300000000000000e+00	-2.811529e-02	4.157349e-03
2.400000000000000e+00	-2.629981e-02	4.332678e-03
2.500000000000000e+00	-2.451789e-02	4.508068e-03
2.600000000000000e+00	-2.276686e-02	4.683512e-03
2.700000000000000e+00	-2.104430e-02	4.859008e-03
2.800000000000000e+00	-1.934803e-02	5.034550e-03
2.900000000000000e+00	-1.767607e-02	5.210136e-03
3.000000000000000e+00	-1.602660e-02	5.385762e-03
3.100000000000000e+00	-1.439795e-02	5.561425e-03
3.200000000000000e+00	-1.278861e-02	5.737123e-03
3.300000000000000e+00	-1.119716e-02	5.912852e-03
3.400000000000000e+00	-9.622303e-03	6.088611e-03
3.500000000000000e+00	-8.062822e-03	6.264398e-03
3.600000000000000e+00	-6.517591e-03	6.440210e-03
3.700000000000000e+00	-4.985559e-03	6.616046e-03
3.800000000000000e+00	-3.465739e-03	6.791903e-03
3.900000000000000e+00	-1.957204e-03	6.967781e-03
4.000000000000000e+00	-4.590789e-04	7.143677e-03
4.100000000000001e+00	1.029461e-03	7.319590e-03
4.200000000000000e+00	2.509200e-03	7.495519e-03
4.300000000000000e+00	3.980883e-03	7.671463e-03
4.400000000000000e+00	5.445220e-03	7.847419e-03
4.500000000000000e+00	6.902890e-03	8.023388e-03
4.600000000000001e+00	8.354547e-03	8.199367e-03
4.700000000000000e+00	9.800818e-03	8.375356e-03
4.800000000000001e+00	1.124231e-02	8.551353e-03
4.900000000000000e+00	1.267960e-02	8.727358e-03
5.000000000000000e+00	1.411328e-02	8.903369e-03
5.100000000000001e+00	1.554388e-02	9.079386e-03
5.200000000000000e+00	1.697196e-02	9.255407e-03
5.300000000000001e+00	1.839804e-02	9.431432e-03
5.400000000000000e+00	1.982266e-02	9.607459e-03
5.500000000000000e+00	2.124633e-02	9.783489e-03
5.600000000000001e+00	2.266955e-02	9.959519e-03
5.700000000000000e+00	2.409283e-02	1.013555e-02
5.800000000000001e+00	2.551670e-02	1.031158e-02
5.900000000000000e+00	2.694164e-02	1.048760e-02
6.000000000000000e+00	2.836816e-02	1.066363e-02
6.100000000000001e+00	2.979679e-02	1.083965e-02
6.200000000000000e+00	3.122802e-02	1.101566e-02
6.300000000000001e+00	3.266239e-02	1.119167e-02
6.400000000000000e+00	3.410042e-02	1.136768e-02
6.500000000000000e+00	3.554266e-02	1.154367e-02
6.600000000000001e+00	3.698965e-02	1.171966e-02
6.700000000000000e+00	3.844196e-02	1.189564e-02
6.800000000000001e+00	3.990016e-02	1.207161e-02
6.900000000000000e+00	4.136487e-02	1.224756e-02
7.000000000000000e+00	4.283669e-02	1.242351e-02
7.100000000000001e+00	4.431627e-02	1.259944e-02
7.200000000000000e+00	4.580428e-02	1.277535e-02
7.300000000000001e+00	4.730141e-02	1.295125e-02
7.400000000000000e+00	4.880838e-02	1.312713e-02
7.500000000000000e+00	5.032597e-02	1.330299e-02
7.600000000000001e+00	5.185498e-02	1.347883e-02
7.700000000000000e+00	5.339624e-02	1.365465e-02
7.800000000000001e+00	5.495064e-02	1.383045e-02
7.900000000000000e+00	5.651915e-02	1.400622e-02
8.000000000000000e+00	5.810276e-02	1.418196e-02
8.100000000000000e+00	5.970254e-02	1.435767e-02
8.200000000000001e+00	6.131964e-02	1.453336e-02
8.300000000000001e+00	6.295528e-02	1.470901e-02
8.400000000000000e+00	6.461079e-02	1.488462e-02
8.500000000000000e+00	6.628757e-02	1.506020e-02
8.600000000000000e+00	6.798717e-02	1.523574e-02
8.700000000000001e+00	6.971124e-02	1.541123e-02
8.800000000000001e+00	7.146158e-02	1.558668e-02
8.900000000000000e+00	7.324018e-02	1.576207e-02
9.000000000000000e+00	7.504918e-02	1.593741e-02
9.100000000000000e+00	7.689095e-02	1.611269e-02
9.200000000000001e+00	7.876810e-02	1.628791e-02
9.300000000000001e+00	8.068351e-02	1.646307e-02
9.400000000000000e+00	8.264038e-02	1.663814e-02
9.500000000000000e+00	8.464230e-02	1.681314e-02
9.600000000000001e+00	8.669325e-02	1.698805e-02
9.700000000000001e+00	8.879776e-02	1.716286e-02
9.800000000000001e+00	9.096092e-02	1.733757e-02
9.900000000000000e+00	9.318855e-02	1.751216e-02
1.000000000000000e+01	9.548729e-02	1.768663e-02
Step Information: Vbb=1.8  (Step: 10/26)
0.000000000000000e+00	-1.051841e-01	1.878287e-04
1.000000000000000e-01	-9.797736e-02	3.535310e-04
2.000000000000000e-01	-9.198515e-02	5.214020e-04
3.000000000000000e-01	-8.686374e-02	6.908281e-04
4.000000000000000e-01	-8.234996e-02	8.613392e-04
5.000000000000000e-01	-7.829812e-02	1.032675e-03
6.000000000000001e-01	-7.461055e-02	1.204662e-03
7.000000000000001e-01	-7.121639e-02	1.377172e-03
8.000000000000000e-01	-6.806324e-02	1.550113e-03
9.000000000000000e-01	-6.511135e-02	1.723413e-03
1.000000000000000e+00	-6.232994e-02	1.897018e-03
1.100000000000000e+00	-5.969464e-02	2.070883e-03
1.200000000000000e+00	-5.718588e-02	2.244975e-03
1.300000000000000e+00	-5.478768e-02	2.419264e-03
1.400000000000000e+00	-5.248686e-02	2.593727e-03
1.500000000000000e+00	-5.027240e-02	2.768344e-03
1.600000000000000e+00	-4.813500e-02	2.943098e-03
1.700000000000000e+00	-4.606674e-02	3.117976e-03
1.800000000000000e+00	-4.406082e-02	3.292966e-03
1.900000000000000e+00	-4.211136e-02	3.468056e-03
2.000000000000000e+00	-4.021323e-02	3.643238e-03
2.100000000000000e+00	-3.836195e-02	3.818504e-03
2.200000000000000e+00	-3.655355e-02	3.993846e-03
2.300000000000000e+00	-3.478454e-02	4.169258e-03
2.400000000000000e+00	-3.305178e-02	4.344735e-03
2.500000000000000e+00	-3.135249e-02	4.520272e-03
2.600000000000000e+00	-2.968416e-02	4.695864e-03
2.700000000000000e+00	-2.804452e-02	4.871508e-03
2.800000000000000e+00	-2.643153e-02	5.047199e-03
2.900000000000000e+00	-2.484334e-02	5.222934e-03
3.000000000000000e+00	-2.327823e-02	5.398711e-03
3.100000000000000e+00	-2.173466e-02	5.574526e-03
3.200000000000000e+00	-2.021122e-02	5.750377e-03
3.300000000000000e+00	-1.870658e-02	5.926262e-03
3.400000000000000e+00	-1.721955e-02	6.102178e-03
3.500000000000000e+00	-1.574900e-02	6.278123e-03
3.600000000000000e+00	-1.429391e-02	6.454096e-03
3.700000000000000e+00	-1.285330e-02	6.630095e-03
3.800000000000000e+00	-1.142628e-02	6.806118e-03
3.900000000000000e+00	-1.001202e-02	6.982164e-03
4.000000000000000e+00	-8.609718e-03	7.158231e-03
4.100000000000001e+00	-7.218649e-03	7.334319e-03
4.200000000000000e+00	-5.838119e-03	7.510425e-03
4.300000000000000e+00	-4.467473e-03	7.686549e-03
4.400000000000000e+00	-3.106095e-03	7.862690e-03
4.500000000000000e+00	-1.753401e-03	8.038845e-03
4.600000000000001e+00	-4.088356e-04	8.215016e-03
4.700000000000000e+00	9.281263e-04	8.391200e-03
4.800000000000001e+00	2.257987e-03	8.567397e-03
4.900000000000000e+00	3.581226e-03	8.743605e-03
5.000000000000000e+00	4.898300e-03	8.919825e-03
5.100000000000001e+00	6.209650e-03	9.096054e-03
5.200000000000000e+00	7.515697e-03	9.272293e-03
5.300000000000001e+00	8.816848e-03	9.448541e-03
5.400000000000000e+00	1.011349e-02	9.624797e-03
5.500000000000000e+00	1.140601e-02	9.801061e-03
5.600000000000001e+00	1.269477e-02	9.977330e-03
5.700000000000000e+00	1.398013e-02	1.015361e-02
5.800000000000001e+00	1.526243e-02	1.032989e-02
5.900000000000000e+00	1.654202e-02	1.050617e-02
6.000000000000000e+00	1.781921e-02	1.068247e-02
6.100000000000001e+00	1.909434e-02	1.085876e-02
6.200000000000000e+00	2.036773e-02	1.103506e-02
6.300000000000001e+00	2.163968e-02	1.121136e-02
6.400000000000000e+00	2.291050e-02	1.138766e-02
6.500000000000000e+00	2.418051e-02	1.156396e-02
6.600000000000001e+00	2.544999e-02	1.174027e-02
6.700000000000000e+00	2.671925e-02	1.191657e-02
6.800000000000001e+00	2.798858e-02	1.209288e-02
6.900000000000000e+00	2.925829e-02	1.226918e-02
7.000000000000000e+00	3.052867e-02	1.244548e-02
7.100000000000001e+00	3.180001e-02	1.262179e-02
7.200000000000000e+00	3.307262e-02	1.279808e-02
7.300000000000001e+00	3.434680e-02	1.297438e-02
7.400000000000000e+00	3.562284e-02	1.315067e-02
7.500000000000000e+00	3.690106e-02	1.332696e-02
7.600000000000001e+00	3.818175e-02	1.350325e-02
7.700000000000000e+00	3.946525e-02	1.367953e-02
7.800000000000001e+00	4.075186e-02	1.385580e-02
7.900000000000000e+00	4.204192e-02	1.403207e-02
8.000000000000000e+00	4.333575e-02	1.420833e-02
8.100000000000000e+00	4.463369e-02	1.438458e-02
8.200000000000001e+00	4.593611e-02	1.456083e-02
8.300000000000001e+00	4.724335e-02	1.473707e-02
8.400000000000000e+00	4.855578e-02	1.491329e-02
8.500000000000000e+00	4.987379e-02	1.508951e-02
8.600000000000000e+00	5.119777e-02	1.526572e-02
8.700000000000001e+00	5.252814e-02	1.544191e-02
8.800000000000001e+00	5.386531e-02	1.561810e-02
8.900000000000000e+00	5.520972e-02	1.579427e-02
9.000000000000000e+00	5.656184e-02	1.597043e-02
9.100000000000000e+00	5.792215e-02	1.614657e-02
9.200000000000001e+00	5.929114e-02	1.632269e-02
9.300000000000001e+00	6.066935e-02	1.649880e-02
9.400000000000000e+00	6.205733e-02	1.667490e-02
9.500000000000000e+00	6.345565e-02	1.685097e-02
9.600000000000001e+00	6.486493e-02	1.702703e-02
9.700000000000001e+00	6.628583e-02	1.720306e-02
9.800000000000001e+00	6.771901e-02	1.737907e-02
9.900000000000000e+00	6.916520e-02	1.755506e-02
1.000000000000000e+01	7.062517e-02	1.773103e-02
Step Information: Vbb=2  (Step: 11/26)
0.000000000000000e+00	-1.070849e-01	1.912230e-04
1.000000000000000e-01	-1.005054e-01	3.580453e-04
2.000000000000000e-01	-9.495349e-02	5.267027e-04
3.000000000000000e-01	-9.015280e-02	6.967014e-04
4.000000000000000e-01	-8.589084e-02	8.676623e-04
5.000000000000000e-01	-8.204441e-02	1.039365e-03
6.000000000000001e-01	-7.852891e-02	1.211659e-03
7.000000000000001e-01	-7.528242e-02	1.384433e-03
8.000000000000000e-01	-7.225860e-02	1.557605e-03
9.000000000000000e-01	-6.942198e-02	1.731111e-03
1.000000000000000e+00	-6.674483e-02	1.904901e-03
1.100000000000000e+00	-6.420505e-02	2.078938e-03
1.200000000000000e+00	-6.178480e-02	2.253187e-03
1.300000000000000e+00	-5.946942e-02	2.427624e-03
1.400000000000000e+00	-5.724674e-02	2.602226e-03
1.500000000000000e+00	-5.510658e-02	2.776976e-03
1.600000000000000e+00	-5.304029e-02	2.951858e-03
1.700000000000000e+00	-5.104049e-02	3.126858e-03
1.800000000000000e+00	-4.910081e-02	3.301966e-03
1.900000000000000e+00	-4.721575e-02	3.477171e-03
2.000000000000000e+00	-4.538049e-02	3.652465e-03
2.100000000000000e+00	-4.359080e-02	3.827841e-03
2.200000000000000e+00	-4.184296e-02	4.003291e-03
2.300000000000000e+00	-4.013365e-02	4.178810e-03
2.400000000000000e+00	-3.845992e-02	4.354393e-03
2.500000000000000e+00	-3.681913e-02	4.530034e-03
2.600000000000000e+00	-3.520889e-02	4.705730e-03
2.700000000000000e+00	-3.362707e-02	4.881477e-03
2.800000000000000e+00	-3.207173e-02	5.057271e-03
2.900000000000000e+00	-3.054109e-02	5.233109e-03
3.000000000000000e+00	-2.903355e-02	5.408988e-03
3.100000000000000e+00	-2.754763e-02	5.584906e-03
3.200000000000000e+00	-2.608199e-02	5.760861e-03
3.300000000000000e+00	-2.463539e-02	5.936849e-03
3.400000000000000e+00	-2.320668e-02	6.112869e-03
3.500000000000000e+00	-2.179480e-02	6.288919e-03
3.600000000000000e+00	-2.039878e-02	6.464998e-03
3.700000000000000e+00	-1.901771e-02	6.641103e-03
3.800000000000000e+00	-1.765074e-02	6.817233e-03
3.900000000000000e+00	-1.629708e-02	6.993388e-03
4.000000000000000e+00	-1.495600e-02	7.169564e-03
4.100000000000001e+00	-1.362681e-02	7.345762e-03
4.200000000000000e+00	-1.230886e-02	7.521980e-03
4.300000000000000e+00	-1.100155e-02	7.698217e-03
4.400000000000000e+00	-9.704291e-03	7.874472e-03
4.500000000000000e+00	-8.416558e-03	8.050743e-03
4.600000000000001e+00	-7.137838e-03	8.227032e-03
4.700000000000000e+00	-5.867650e-03	8.403335e-03
4.800000000000001e+00	-4.605536e-03	8.579653e-03
4.900000000000000e+00	-3.351063e-03	8.755984e-03
5.000000000000000e+00	-2.103818e-03	8.932328e-03
5.100000000000001e+00	-8.634087e-04	9.108685e-03
5.200000000000000e+00	3.705394e-04	9.285052e-03
5.300000000000001e+00	1.598384e-03	9.461432e-03
5.400000000000000e+00	2.820469e-03	9.637821e-03
5.500000000000000e+00	4.037120e-03	9.814220e-03
5.600000000000001e+00	5.248655e-03	9.990627e-03
5.700000000000000e+00	6.455375e-03	1.016704e-02
5.800000000000001e+00	7.657572e-03	1.034347e-02
5.900000000000000e+00	8.855528e-03	1.051990e-02
6.000000000000000e+00	1.004952e-02	1.069634e-02
6.100000000000001e+00	1.123980e-02	1.087279e-02
6.200000000000000e+00	1.242662e-02	1.104924e-02
6.300000000000001e+00	1.361025e-02	1.122570e-02
6.400000000000000e+00	1.479091e-02	1.140216e-02
6.500000000000000e+00	1.596884e-02	1.157863e-02
6.600000000000001e+00	1.714427e-02	1.175510e-02
6.700000000000000e+00	1.831741e-02	1.193158e-02
6.800000000000001e+00	1.948850e-02	1.210806e-02
6.900000000000000e+00	2.065774e-02	1.228454e-02
7.000000000000000e+00	2.182535e-02	1.246103e-02
7.100000000000001e+00	2.299152e-02	1.263752e-02
7.200000000000000e+00	2.415646e-02	1.281401e-02
7.300000000000001e+00	2.532038e-02	1.299050e-02
7.400000000000000e+00	2.648347e-02	1.316699e-02
7.500000000000000e+00	2.764592e-02	1.334349e-02
7.600000000000001e+00	2.880794e-02	1.351999e-02
7.700000000000000e+00	2.996971e-02	1.369648e-02
7.800000000000001e+00	3.113142e-02	1.387298e-02
7.900000000000000e+00	3.229327e-02	1.404948e-02
8.000000000000000e+00	3.345545e-02	1.422597e-02
8.100000000000000e+00	3.461815e-02	1.440247e-02
8.200000000000001e+00	3.578156e-02	1.457896e-02
8.300000000000001e+00	3.694587e-02	1.475545e-02
8.400000000000000e+00	3.811127e-02	1.493194e-02
8.500000000000000e+00	3.927797e-02	1.510843e-02
8.600000000000000e+00	4.044615e-02	1.528492e-02
8.700000000000001e+00	4.161601e-02	1.546140e-02
8.800000000000001e+00	4.278775e-02	1.563788e-02
8.900000000000000e+00	4.396158e-02	1.581435e-02
9.000000000000000e+00	4.513770e-02	1.599083e-02
9.100000000000000e+00	4.631631e-02	1.616729e-02
9.200000000000001e+00	4.749764e-02	1.634375e-02
9.300000000000001e+00	4.868190e-02	1.652021e-02
9.400000000000000e+00	4.986930e-02	1.669666e-02
9.500000000000000e+00	5.106008e-02	1.687311e-02
9.600000000000001e+00	5.225447e-02	1.704955e-02
9.700000000000001e+00	5.345271e-02	1.722598e-02
9.800000000000001e+00	5.465504e-02	1.740240e-02
9.900000000000000e+00	5.586170e-02	1.757882e-02
1.000000000000000e+01	5.707297e-02	1.775523e-02
Step Information: Vbb=2.2  (Step: 12/26)
0.000000000000000e+00	-1.086544e-01	1.940257e-04
1.000000000000000e-01	-1.025883e-01	3.617648e-04
2.000000000000000e-01	-9.740459e-02	5.310796e-04
3.000000000000000e-01	-9.287708e-02	7.015662e-04
4.000000000000000e-01	-8.883109e-02	8.729126e-04
5.000000000000000e-01	-8.516126e-02	1.044931e-03
6.000000000000001e-01	-8.179383e-02	1.217489e-03
7.000000000000001e-01	-7.867423e-02	1.390490e-03
8.000000000000000e-01	-7.576124e-02	1.563859e-03
9.000000000000000e-01	-7.302296e-02	1.737541e-03
1.000000000000000e+00	-7.043432e-02	1.911490e-03
1.100000000000000e+00	-6.797516e-02	2.085670e-03
1.200000000000000e+00	-6.562913e-02	2.260052e-03
1.300000000000000e+00	-6.338272e-02	2.434612e-03
1.400000000000000e+00	-6.122467e-02	2.609330e-03
1.500000000000000e+00	-5.914550e-02	2.784188e-03
1.600000000000000e+00	-5.713717e-02	2.959173e-03
1.700000000000000e+00	-5.519274e-02	3.134273e-03
1.800000000000000e+00	-5.330627e-02	3.309475e-03
1.900000000000000e+00	-5.147256e-02	3.484773e-03
2.000000000000000e+00	-4.968707e-02	3.660155e-03
2.100000000000000e+00	-4.794582e-02	3.835618e-03
2.200000000000000e+00	-4.624526e-02	4.011152e-03
2.300000000000000e+00	-4.458226e-02	4.186754e-03
2.400000000000000e+00	-4.295402e-02	4.362418e-03
2.500000000000000e+00	-4.135802e-02	4.538139e-03
2.600000000000000e+00	-3.979199e-02	4.713914e-03
2.700000000000000e+00	-3.825390e-02	4.889739e-03
2.800000000000000e+00	-3.674189e-02	5.065611e-03
2.900000000000000e+00	-3.525427e-02	5.241525e-03
3.000000000000000e+00	-3.378952e-02	5.417481e-03
3.100000000000000e+00	-3.234621e-02	5.593475e-03
3.200000000000000e+00	-3.092306e-02	5.769506e-03
3.300000000000000e+00	-2.951890e-02	5.945569e-03
3.400000000000000e+00	-2.813261e-02	6.121665e-03
3.500000000000000e+00	-2.676319e-02	6.297791e-03
3.600000000000000e+00	-2.540971e-02	6.473946e-03
3.700000000000000e+00	-2.407129e-02	6.650127e-03
3.800000000000000e+00	-2.274713e-02	6.826334e-03
3.900000000000000e+00	-2.143648e-02	7.002565e-03
4.000000000000000e+00	-2.013863e-02	7.178819e-03
4.100000000000001e+00	-1.885292e-02	7.355094e-03
4.200000000000000e+00	-1.757874e-02	7.531391e-03
4.300000000000000e+00	-1.631551e-02	7.707706e-03
4.400000000000000e+00	-1.506269e-02	7.884040e-03
4.500000000000000e+00	-1.381977e-02	8.060392e-03
4.600000000000001e+00	-1.258626e-02	8.236761e-03
4.700000000000000e+00	-1.136171e-02	8.413146e-03
4.800000000000001e+00	-1.014569e-02	8.589546e-03
4.900000000000000e+00	-8.937791e-03	8.765960e-03
5.000000000000000e+00	-7.737623e-03	8.942389e-03
5.100000000000001e+00	-6.544821e-03	9.118830e-03
5.200000000000000e+00	-5.359035e-03	9.295284e-03
5.300000000000001e+00	-4.179934e-03	9.471750e-03
5.400000000000000e+00	-3.007198e-03	9.648227e-03
5.500000000000000e+00	-1.840526e-03	9.824716e-03
5.600000000000001e+00	-6.796269e-04	1.000121e-02
5.700000000000000e+00	4.757753e-04	1.017772e-02
5.800000000000001e+00	1.625946e-03	1.035424e-02
5.900000000000000e+00	2.771142e-03	1.053077e-02
6.000000000000000e+00	3.911606e-03	1.070730e-02
6.100000000000001e+00	5.047575e-03	1.088384e-02
6.200000000000000e+00	6.179275e-03	1.106039e-02
6.300000000000001e+00	7.306926e-03	1.123695e-02
6.400000000000000e+00	8.430738e-03	1.141352e-02
6.500000000000000e+00	9.550916e-03	1.159009e-02
6.600000000000001e+00	1.066766e-02	1.176666e-02
6.700000000000000e+00	1.178115e-02	1.194325e-02
6.800000000000001e+00	1.289159e-02	1.211984e-02
6.900000000000000e+00	1.399915e-02	1.229643e-02
7.000000000000000e+00	1.510400e-02	1.247303e-02
7.100000000000001e+00	1.620632e-02	1.264963e-02
7.200000000000000e+00	1.730628e-02	1.282624e-02
7.300000000000001e+00	1.840403e-02	1.300285e-02
7.400000000000000e+00	1.949974e-02	1.317947e-02
7.500000000000000e+00	2.059356e-02	1.335608e-02
7.600000000000001e+00	2.168565e-02	1.353270e-02
7.700000000000000e+00	2.277615e-02	1.370933e-02
7.800000000000001e+00	2.386520e-02	1.388596e-02
7.900000000000000e+00	2.495297e-02	1.406258e-02
8.000000000000000e+00	2.603958e-02	1.423922e-02
8.100000000000000e+00	2.712518e-02	1.441585e-02
8.200000000000001e+00	2.820990e-02	1.459248e-02
8.300000000000001e+00	2.929389e-02	1.476912e-02
8.400000000000000e+00	3.037729e-02	1.494575e-02
8.500000000000000e+00	3.146021e-02	1.512239e-02
8.600000000000000e+00	3.254280e-02	1.529903e-02
8.700000000000001e+00	3.362519e-02	1.547567e-02
8.800000000000001e+00	3.470752e-02	1.565231e-02
8.900000000000000e+00	3.578991e-02	1.582895e-02
9.000000000000000e+00	3.687250e-02	1.600558e-02
9.100000000000000e+00	3.795541e-02	1.618222e-02
9.200000000000001e+00	3.903879e-02	1.635886e-02
9.300000000000001e+00	4.012275e-02	1.653549e-02
9.400000000000000e+00	4.120744e-02	1.671213e-02
9.500000000000000e+00	4.229298e-02	1.688876e-02
9.600000000000001e+00	4.337952e-02	1.706539e-02
9.700000000000001e+00	4.446717e-02	1.724202e-02
9.800000000000001e+00	4.555609e-02	1.741865e-02
9.900000000000000e+00	4.664640e-02	1.759527e-02
1.000000000000000e+01	4.773825e-02	1.777190e-02
Step Information: Vbb=2.4  (Step: 13/26)
0.000000000000000e+00	-1.099804e-01	1.963935e-04
1.000000000000000e-01	-1.043436e-01	3.648993e-04
2.000000000000000e-01	-9.947374e-02	5.347746e-04
3.000000000000000e-01	-9.518304e-02	7.056840e-04
4.000000000000000e-01	-9.132565e-02	8.773672e-04
5.000000000000000e-01	-8.781070e-02	1.049662e-03
6.000000000000001e-01	-8.457341e-02	1.222452e-03
7.000000000000001e-01	-8.156542e-02	1.395653e-03
8.000000000000000e-01	-7.874978e-02	1.569196e-03
9.000000000000000e-01	-7.609774e-02	1.743032e-03
1.000000000000000e+00	-7.358646e-02	1.917119e-03
1.100000000000000e+00	-7.119752e-02	2.091424e-03
1.200000000000000e+00	-6.891584e-02	2.265921e-03
1.300000000000000e+00	-6.672896e-02	2.440587e-03
1.400000000000000e+00	-6.462640e-02	2.615404e-03
1.500000000000000e+00	-6.259932e-02	2.790356e-03
1.600000000000000e+00	-6.064021e-02	2.965429e-03
1.700000000000000e+00	-5.874257e-02	3.140612e-03
1.800000000000000e+00	-5.690078e-02	3.315894e-03
1.900000000000000e+00	-5.510997e-02	3.491268e-03
2.000000000000000e+00	-5.336582e-02	3.666725e-03
2.100000000000000e+00	-5.166456e-02	3.842258e-03
2.200000000000000e+00	-5.000284e-02	4.017862e-03
2.300000000000000e+00	-4.837767e-02	4.193531e-03
2.400000000000000e+00	-4.678638e-02	4.369261e-03
2.500000000000000e+00	-4.522657e-02	4.545047e-03
2.600000000000000e+00	-4.369609e-02	4.720886e-03
2.700000000000000e+00	-4.219297e-02	4.896773e-03
2.800000000000000e+00	-4.071546e-02	5.072706e-03
2.900000000000000e+00	-3.926192e-02	5.248682e-03
3.000000000000000e+00	-3.783089e-02	5.424698e-03
3.100000000000000e+00	-3.642102e-02	5.600752e-03
3.200000000000000e+00	-3.503106e-02	5.776841e-03
3.300000000000000e+00	-3.365989e-02	5.952964e-03
3.400000000000000e+00	-3.230645e-02	6.129119e-03
3.500000000000000e+00	-3.096976e-02	6.305303e-03
3.600000000000000e+00	-2.964893e-02	6.481516e-03
3.700000000000000e+00	-2.834313e-02	6.657755e-03
3.800000000000000e+00	-2.705157e-02	6.834021e-03
3.900000000000000e+00	-2.577353e-02	7.010310e-03
4.000000000000000e+00	-2.450833e-02	7.186622e-03
4.100000000000001e+00	-2.325535e-02	7.362956e-03
4.200000000000000e+00	-2.201398e-02	7.539310e-03
4.300000000000000e+00	-2.078369e-02	7.715685e-03
4.400000000000000e+00	-1.956394e-02	7.892079e-03
4.500000000000000e+00	-1.835424e-02	8.068490e-03
4.600000000000001e+00	-1.715413e-02	8.244918e-03
4.700000000000000e+00	-1.596317e-02	8.421362e-03
4.800000000000001e+00	-1.478096e-02	8.597823e-03
4.900000000000000e+00	-1.360710e-02	8.774298e-03
5.000000000000000e+00	-1.244122e-02	8.950788e-03
5.100000000000001e+00	-1.128296e-02	9.127291e-03
5.200000000000000e+00	-1.013201e-02	9.303807e-03
5.300000000000001e+00	-8.988039e-03	9.480336e-03
5.400000000000000e+00	-7.850746e-03	9.656876e-03
5.500000000000000e+00	-6.719845e-03	9.833428e-03
5.600000000000001e+00	-5.595063e-03	1.000999e-02
5.700000000000000e+00	-4.476137e-03	1.018656e-02
5.800000000000001e+00	-3.362818e-03	1.036315e-02
5.900000000000000e+00	-2.254865e-03	1.053974e-02
6.000000000000000e+00	-1.152050e-03	1.071634e-02
6.100000000000001e+00	-5.415071e-05	1.089295e-02
6.200000000000000e+00	1.039043e-03	1.106957e-02
6.300000000000001e+00	2.127734e-03	1.124620e-02
6.400000000000000e+00	3.212118e-03	1.142284e-02
6.500000000000000e+00	4.292383e-03	1.159948e-02
6.600000000000001e+00	5.368712e-03	1.177613e-02
6.700000000000000e+00	6.441279e-03	1.195278e-02
6.800000000000001e+00	7.510254e-03	1.212945e-02
6.900000000000000e+00	8.575799e-03	1.230611e-02
7.000000000000000e+00	9.638075e-03	1.248279e-02
7.100000000000001e+00	1.069723e-02	1.265947e-02
7.200000000000000e+00	1.175342e-02	1.283615e-02
7.300000000000001e+00	1.280679e-02	1.301285e-02
7.400000000000000e+00	1.385747e-02	1.318954e-02
7.500000000000000e+00	1.490561e-02	1.336624e-02
7.600000000000001e+00	1.595133e-02	1.354294e-02
7.700000000000000e+00	1.699476e-02	1.371965e-02
7.800000000000001e+00	1.803604e-02	1.389636e-02
7.900000000000000e+00	1.907529e-02	1.407308e-02
8.000000000000000e+00	2.011262e-02	1.424980e-02
8.100000000000000e+00	2.114815e-02	1.442652e-02
8.200000000000001e+00	2.218201e-02	1.460325e-02
8.300000000000001e+00	2.321430e-02	1.477997e-02
8.400000000000000e+00	2.424513e-02	1.495671e-02
8.500000000000000e+00	2.527461e-02	1.513344e-02
8.600000000000000e+00	2.630286e-02	1.531017e-02
8.700000000000001e+00	2.732998e-02	1.548691e-02
8.800000000000001e+00	2.835606e-02	1.566365e-02
8.900000000000000e+00	2.938122e-02	1.584039e-02
9.000000000000000e+00	3.040556e-02	1.601713e-02
9.100000000000000e+00	3.142918e-02	1.619388e-02
9.200000000000001e+00	3.245217e-02	1.637062e-02
9.300000000000001e+00	3.347463e-02	1.654737e-02
9.400000000000000e+00	3.449667e-02	1.672411e-02
9.500000000000000e+00	3.551838e-02	1.690086e-02
9.600000000000001e+00	3.653985e-02	1.707761e-02
9.700000000000001e+00	3.756119e-02	1.725435e-02
9.800000000000001e+00	3.858249e-02	1.743110e-02
9.900000000000000e+00	3.960384e-02	1.760785e-02
1.000000000000000e+01	4.062533e-02	1.778460e-02
Step Information: Vbb=2.6  (Step: 14/26)
0.000000000000000e+00	-1.111208e-01	1.984300e-04
1.000000000000000e-01	-1.058493e-01	3.675881e-04
2.000000000000000e-01	-1.012511e-01	5.379483e-04
3.000000000000000e-01	-9.716833e-02	7.092291e-04
4.000000000000000e-01	-9.347790e-02	8.812106e-04
5.000000000000000e-01	-9.010069e-02	1.053751e-03
6.000000000000001e-01	-8.697953e-02	1.226749e-03
7.000000000000001e-01	-8.407126e-02	1.400127e-03
8.000000000000000e-01	-8.134267e-02	1.573826e-03
9.000000000000000e-01	-7.876767e-02	1.747799e-03
1.000000000000000e+00	-7.632540e-02	1.922010e-03
1.100000000000000e+00	-7.399894e-02	2.096427e-03
1.200000000000000e+00	-7.177438e-02	2.271026e-03
1.300000000000000e+00	-6.964014e-02	2.445786e-03
1.400000000000000e+00	-6.758649e-02	2.620690e-03
1.500000000000000e+00	-6.560516e-02	2.795723e-03
1.600000000000000e+00	-6.368909e-02	2.970873e-03
1.700000000000000e+00	-6.183218e-02	3.146129e-03
1.800000000000000e+00	-6.002913e-02	3.321481e-03
1.900000000000000e+00	-5.827533e-02	3.496920e-03
2.000000000000000e+00	-5.656669e-02	3.672441e-03
2.100000000000000e+00	-5.489964e-02	3.848035e-03
2.200000000000000e+00	-5.327098e-02	4.023698e-03
2.300000000000000e+00	-5.167788e-02	4.199425e-03
2.400000000000000e+00	-5.011777e-02	4.375210e-03
2.500000000000000e+00	-4.858837e-02	4.551051e-03
2.600000000000000e+00	-4.708762e-02	4.726942e-03
2.700000000000000e+00	-4.561364e-02	4.902882e-03
2.800000000000000e+00	-4.416472e-02	5.078866e-03
2.900000000000000e+00	-4.273933e-02	5.254892e-03
3.000000000000000e+00	-4.133605e-02	5.430957e-03
3.100000000000000e+00	-3.995357e-02	5.607060e-03
3.200000000000000e+00	-3.859071e-02	5.783197e-03
3.300000000000000e+00	-3.724637e-02	5.959368e-03
3.400000000000000e+00	-3.591952e-02	6.135570e-03
3.500000000000000e+00	-3.460925e-02	6.311802e-03
3.600000000000000e+00	-3.331469e-02	6.488062e-03
3.700000000000000e+00	-3.203501e-02	6.664348e-03
3.800000000000000e+00	-3.076948e-02	6.840660e-03
3.900000000000000e+00	-2.951740e-02	7.016995e-03
4.000000000000000e+00	-2.827810e-02	7.193354e-03
4.100000000000001e+00	-2.705099e-02	7.369734e-03
4.200000000000000e+00	-2.583549e-02	7.546135e-03
4.300000000000000e+00	-2.463106e-02	7.722556e-03
4.400000000000000e+00	-2.343720e-02	7.898995e-03
4.500000000000000e+00	-2.225344e-02	8.075452e-03
4.600000000000001e+00	-2.107933e-02	8.251928e-03
4.700000000000000e+00	-1.991444e-02	8.428419e-03
4.800000000000001e+00	-1.875838e-02	8.604926e-03
4.900000000000000e+00	-1.761078e-02	8.781448e-03
5.000000000000000e+00	-1.647126e-02	8.957985e-03
5.100000000000001e+00	-1.533951e-02	9.134535e-03
5.200000000000000e+00	-1.421520e-02	9.311099e-03
5.300000000000001e+00	-1.309802e-02	9.487675e-03
5.400000000000000e+00	-1.198768e-02	9.664264e-03
5.500000000000000e+00	-1.088391e-02	9.840864e-03
5.600000000000001e+00	-9.786439e-03	1.001748e-02
5.700000000000000e+00	-8.695023e-03	1.019410e-02
5.800000000000001e+00	-7.609421e-03	1.037073e-02
5.900000000000000e+00	-6.529403e-03	1.054737e-02
6.000000000000000e+00	-5.454750e-03	1.072403e-02
6.100000000000001e+00	-4.385251e-03	1.090069e-02
6.200000000000000e+00	-3.320705e-03	1.107736e-02
6.300000000000001e+00	-2.260920e-03	1.125404e-02
6.400000000000000e+00	-1.205710e-03	1.143072e-02
6.500000000000000e+00	-1.548958e-04	1.160742e-02
6.600000000000001e+00	8.916933e-04	1.178412e-02
6.700000000000000e+00	1.934223e-03	1.196083e-02
6.800000000000001e+00	2.972852e-03	1.213755e-02
6.900000000000000e+00	4.007734e-03	1.231427e-02
7.000000000000000e+00	5.039017e-03	1.249100e-02
7.100000000000001e+00	6.066845e-03	1.266774e-02
7.200000000000000e+00	7.091355e-03	1.284448e-02
7.300000000000001e+00	8.112683e-03	1.302123e-02
7.400000000000000e+00	9.130957e-03	1.319798e-02
7.500000000000000e+00	1.014630e-02	1.337474e-02
7.600000000000001e+00	1.115885e-02	1.355150e-02
7.700000000000000e+00	1.216870e-02	1.372827e-02
7.800000000000001e+00	1.317598e-02	1.390504e-02
7.900000000000000e+00	1.418081e-02	1.408182e-02
8.000000000000000e+00	1.518328e-02	1.425860e-02
8.100000000000000e+00	1.618350e-02	1.443539e-02
8.200000000000001e+00	1.718159e-02	1.461218e-02
8.300000000000001e+00	1.817764e-02	1.478897e-02
8.400000000000000e+00	1.917174e-02	1.496577e-02
8.500000000000000e+00	2.016400e-02	1.514256e-02
8.600000000000000e+00	2.115451e-02	1.531937e-02
8.700000000000001e+00	2.214336e-02	1.549617e-02
8.800000000000001e+00	2.313064e-02	1.567298e-02
8.900000000000000e+00	2.411645e-02	1.584979e-02
9.000000000000000e+00	2.510086e-02	1.602660e-02
9.100000000000000e+00	2.608396e-02	1.620342e-02
9.200000000000001e+00	2.706584e-02	1.638024e-02
9.300000000000001e+00	2.804658e-02	1.655706e-02
9.400000000000000e+00	2.902626e-02	1.673388e-02
9.500000000000000e+00	3.000497e-02	1.691071e-02
9.600000000000001e+00	3.098277e-02	1.708753e-02
9.700000000000001e+00	3.195975e-02	1.726436e-02
9.800000000000001e+00	3.293599e-02	1.744119e-02
9.900000000000000e+00	3.391156e-02	1.761802e-02
1.000000000000000e+01	3.488654e-02	1.779485e-02
Step Information: Vbb=2.8  (Step: 15/26)
0.000000000000000e+00	-1.121161e-01	2.002074e-04
1.000000000000000e-01	-1.071597e-01	3.699280e-04
2.000000000000000e-01	-1.027993e-01	5.407130e-04
3.000000000000000e-01	-9.890114e-02	7.123235e-04
4.000000000000000e-01	-9.536001e-02	8.845715e-04
5.000000000000000e-01	-9.210664e-02	1.057333e-03
6.000000000000001e-01	-8.909026e-02	1.230518e-03
7.000000000000001e-01	-8.627218e-02	1.404057e-03
8.000000000000000e-01	-8.362240e-02	1.577897e-03
9.000000000000000e-01	-8.111715e-02	1.751995e-03
1.000000000000000e+00	-7.873733e-02	1.926317e-03
1.100000000000000e+00	-7.646734e-02	2.100835e-03
1.200000000000000e+00	-7.429432e-02	2.275526e-03
1.300000000000000e+00	-7.220749e-02	2.450370e-03
1.400000000000000e+00	-7.019776e-02	2.625353e-03
1.500000000000000e+00	-6.825740e-02	2.800460e-03
1.600000000000000e+00	-6.637976e-02	2.975678e-03
1.700000000000000e+00	-6.455909e-02	3.150998e-03
1.800000000000000e+00	-6.279040e-02	3.326411e-03
1.900000000000000e+00	-6.106931e-02	3.501910e-03
2.000000000000000e+00	-5.939196e-02	3.677486e-03
2.100000000000000e+00	-5.775492e-02	3.853134e-03
2.200000000000000e+00	-5.615517e-02	4.028848e-03
2.300000000000000e+00	-5.458999e-02	4.204625e-03
2.400000000000000e+00	-5.305694e-02	4.380459e-03
2.500000000000000e+00	-5.155383e-02	4.556346e-03
2.600000000000000e+00	-5.007869e-02	4.732283e-03
2.700000000000000e+00	-4.862972e-02	4.908267e-03
2.800000000000000e+00	-4.720527e-02	5.084295e-03
2.900000000000000e+00	-4.580387e-02	5.260364e-03
3.000000000000000e+00	-4.442415e-02	5.436472e-03
3.100000000000000e+00	-4.306486e-02	5.612616e-03
3.200000000000000e+00	-4.172485e-02	5.788794e-03
3.300000000000000e+00	-4.040306e-02	5.965006e-03
3.400000000000000e+00	-3.909852e-02	6.141247e-03
3.500000000000000e+00	-3.781032e-02	6.317519e-03
3.600000000000000e+00	-3.653762e-02	6.493817e-03
3.700000000000000e+00	-3.527964e-02	6.670142e-03
3.800000000000000e+00	-3.403565e-02	6.846492e-03
3.900000000000000e+00	-3.280498e-02	7.022866e-03
4.000000000000000e+00	-3.158700e-02	7.199263e-03
4.100000000000001e+00	-3.038112e-02	7.375680e-03
4.200000000000000e+00	-2.918677e-02	7.552119e-03
4.300000000000000e+00	-2.800345e-02	7.728578e-03
4.400000000000000e+00	-2.683066e-02	7.905055e-03
4.500000000000000e+00	-2.566794e-02	8.081550e-03
4.600000000000001e+00	-2.451487e-02	8.258062e-03
4.700000000000000e+00	-2.337102e-02	8.434591e-03
4.800000000000001e+00	-2.223602e-02	8.611136e-03
4.900000000000000e+00	-2.110950e-02	8.787695e-03
5.000000000000000e+00	-1.999112e-02	8.964269e-03
5.100000000000001e+00	-1.888054e-02	9.140858e-03
5.200000000000000e+00	-1.777747e-02	9.317460e-03
5.300000000000001e+00	-1.668159e-02	9.494075e-03
5.400000000000000e+00	-1.559264e-02	9.670701e-03
5.500000000000000e+00	-1.451034e-02	9.847340e-03
5.600000000000001e+00	-1.343444e-02	1.002399e-02
5.700000000000000e+00	-1.236470e-02	1.020065e-02
5.800000000000001e+00	-1.130088e-02	1.037732e-02
5.900000000000000e+00	-1.024277e-02	1.055401e-02
6.000000000000000e+00	-9.190156e-03	1.073070e-02
6.100000000000001e+00	-8.142830e-03	1.090740e-02
6.200000000000000e+00	-7.100600e-03	1.108411e-02
6.300000000000001e+00	-6.063282e-03	1.126083e-02
6.400000000000000e+00	-5.030695e-03	1.143755e-02
6.500000000000000e+00	-4.002671e-03	1.161429e-02
6.600000000000001e+00	-2.979044e-03	1.179103e-02
6.700000000000000e+00	-1.959655e-03	1.196778e-02
6.800000000000001e+00	-9.443525e-04	1.214454e-02
6.900000000000000e+00	6.701021e-05	1.232131e-02
7.000000000000000e+00	1.074575e-03	1.249808e-02
7.100000000000001e+00	2.078477e-03	1.267486e-02
7.200000000000000e+00	3.078850e-03	1.285165e-02
7.300000000000001e+00	4.075819e-03	1.302844e-02
7.400000000000000e+00	5.069508e-03	1.320523e-02
7.500000000000000e+00	6.060036e-03	1.338204e-02
7.600000000000001e+00	7.047518e-03	1.355884e-02
7.700000000000000e+00	8.032066e-03	1.373566e-02
7.800000000000001e+00	9.013787e-03	1.391248e-02
7.900000000000000e+00	9.992787e-03	1.408930e-02
8.000000000000000e+00	1.096917e-02	1.426613e-02
8.100000000000000e+00	1.194303e-02	1.444296e-02
8.200000000000001e+00	1.291446e-02	1.461980e-02
8.300000000000001e+00	1.388357e-02	1.479664e-02
8.400000000000000e+00	1.485043e-02	1.497348e-02
8.500000000000000e+00	1.581514e-02	1.515033e-02
8.600000000000000e+00	1.677779e-02	1.532718e-02
8.700000000000001e+00	1.773846e-02	1.550404e-02
8.800000000000001e+00	1.869724e-02	1.568090e-02
8.900000000000000e+00	1.965419e-02	1.585776e-02
9.000000000000000e+00	2.060941e-02	1.603463e-02
9.100000000000000e+00	2.156296e-02	1.621149e-02
9.200000000000001e+00	2.251493e-02	1.638837e-02
9.300000000000001e+00	2.346538e-02	1.656524e-02
9.400000000000000e+00	2.441440e-02	1.674212e-02
9.500000000000000e+00	2.536205e-02	1.691900e-02
9.600000000000001e+00	2.630839e-02	1.709588e-02
9.700000000000001e+00	2.725351e-02	1.727276e-02
9.800000000000001e+00	2.819747e-02	1.744965e-02
9.900000000000000e+00	2.914032e-02	1.762654e-02
1.000000000000000e+01	3.008214e-02	1.780342e-02
Step Information: Vbb=3  (Step: 16/26)
0.000000000000000e+00	-1.129954e-01	2.017775e-04
1.000000000000000e-01	-1.083137e-01	3.719887e-04
2.000000000000000e-01	-1.041636e-01	5.431494e-04
3.000000000000000e-01	-1.004308e-01	7.150549e-04
4.000000000000000e-01	-9.702428e-02	8.875434e-04
5.000000000000000e-01	-9.388319e-02	1.060506e-03
6.000000000000001e-01	-9.096215e-02	1.233861e-03
7.000000000000001e-01	-8.822637e-02	1.407547e-03
8.000000000000000e-01	-8.564860e-02	1.581515e-03
9.000000000000000e-01	-8.320716e-02	1.755727e-03
1.000000000000000e+00	-8.088446e-02	1.930151e-03
1.100000000000000e+00	-7.866613e-02	2.104761e-03
1.200000000000000e+00	-7.654019e-02	2.279536e-03
1.300000000000000e+00	-7.449660e-02	2.454458e-03
1.400000000000000e+00	-7.252687e-02	2.629512e-03
1.500000000000000e+00	-7.062374e-02	2.804685e-03
1.600000000000000e+00	-6.878095e-02	2.979966e-03
1.700000000000000e+00	-6.699308e-02	3.155345e-03
1.800000000000000e+00	-6.525539e-02	3.330813e-03
1.900000000000000e+00	-6.356373e-02	3.506364e-03
2.000000000000000e+00	-6.191444e-02	3.681990e-03
2.100000000000000e+00	-6.030425e-02	3.857686e-03
2.200000000000000e+00	-5.873029e-02	4.033447e-03
2.300000000000000e+00	-5.718994e-02	4.209268e-03
2.400000000000000e+00	-5.568088e-02	4.385144e-03
2.500000000000000e+00	-5.420101e-02	4.561073e-03
2.600000000000000e+00	-5.274844e-02	4.737051e-03
2.700000000000000e+00	-5.132143e-02	4.913074e-03
2.800000000000000e+00	-4.991841e-02	5.089140e-03
2.900000000000000e+00	-4.853795e-02	5.265246e-03
3.000000000000000e+00	-4.717875e-02	5.441390e-03
3.100000000000000e+00	-4.583958e-02	5.617571e-03
3.200000000000000e+00	-4.451935e-02	5.793785e-03
3.300000000000000e+00	-4.321702e-02	5.970031e-03
3.400000000000000e+00	-4.193166e-02	6.146307e-03
3.500000000000000e+00	-4.066239e-02	6.322612e-03
3.600000000000000e+00	-3.940840e-02	6.498944e-03
3.700000000000000e+00	-3.816893e-02	6.675302e-03
3.800000000000000e+00	-3.694328e-02	6.851684e-03
3.900000000000000e+00	-3.573079e-02	7.028091e-03
4.000000000000000e+00	-3.453084e-02	7.204520e-03
4.100000000000001e+00	-3.334288e-02	7.380969e-03
4.200000000000000e+00	-3.216636e-02	7.557440e-03
4.300000000000000e+00	-3.100077e-02	7.733930e-03
4.400000000000000e+00	-2.984563e-02	7.910439e-03
4.500000000000000e+00	-2.870051e-02	8.086965e-03
4.600000000000001e+00	-2.756499e-02	8.263509e-03
4.700000000000000e+00	-2.643865e-02	8.440069e-03
4.800000000000001e+00	-2.532114e-02	8.616645e-03
4.900000000000000e+00	-2.421210e-02	8.793236e-03
5.000000000000000e+00	-2.311118e-02	8.969842e-03
5.100000000000001e+00	-2.201807e-02	9.146461e-03
5.200000000000000e+00	-2.093248e-02	9.323094e-03
5.300000000000001e+00	-1.985410e-02	9.499740e-03
5.400000000000000e+00	-1.878268e-02	9.676398e-03
5.500000000000000e+00	-1.771794e-02	9.853068e-03
5.600000000000001e+00	-1.665965e-02	1.002975e-02
5.700000000000000e+00	-1.560757e-02	1.020644e-02
5.800000000000001e+00	-1.456147e-02	1.038315e-02
5.900000000000000e+00	-1.352114e-02	1.055986e-02
6.000000000000000e+00	-1.248637e-02	1.073658e-02
6.100000000000001e+00	-1.145696e-02	1.091332e-02
6.200000000000000e+00	-1.043274e-02	1.109006e-02
6.300000000000001e+00	-9.413511e-03	1.126681e-02
6.400000000000000e+00	-8.399108e-03	1.144357e-02
6.500000000000000e+00	-7.389366e-03	1.162034e-02
6.600000000000001e+00	-6.384125e-03	1.179711e-02
6.700000000000000e+00	-5.383230e-03	1.197390e-02
6.800000000000001e+00	-4.386536e-03	1.215069e-02
6.900000000000000e+00	-3.393901e-03	1.232749e-02
7.000000000000000e+00	-2.405189e-03	1.250429e-02
7.100000000000001e+00	-1.420267e-03	1.268111e-02
7.200000000000000e+00	-4.390104e-04	1.285793e-02
7.300000000000001e+00	5.387045e-04	1.303475e-02
7.400000000000000e+00	1.512995e-03	1.321158e-02
7.500000000000000e+00	2.483976e-03	1.338842e-02
7.600000000000001e+00	3.451757e-03	1.356526e-02
7.700000000000000e+00	4.416445e-03	1.374211e-02
7.800000000000001e+00	5.378144e-03	1.391897e-02
7.900000000000000e+00	6.336953e-03	1.409583e-02
8.000000000000000e+00	7.292969e-03	1.427269e-02
8.100000000000000e+00	8.246287e-03	1.444956e-02
8.200000000000001e+00	9.196998e-03	1.462643e-02
8.300000000000001e+00	1.014519e-02	1.480331e-02
8.400000000000000e+00	1.109095e-02	1.498020e-02
8.500000000000000e+00	1.203436e-02	1.515708e-02
8.600000000000000e+00	1.297550e-02	1.533397e-02
8.700000000000001e+00	1.391446e-02	1.551087e-02
8.800000000000001e+00	1.485131e-02	1.568777e-02
8.900000000000000e+00	1.578612e-02	1.586467e-02
9.000000000000000e+00	1.671897e-02	1.604157e-02
9.100000000000000e+00	1.764992e-02	1.621848e-02
9.200000000000001e+00	1.857906e-02	1.639539e-02
9.300000000000001e+00	1.950645e-02	1.657231e-02
9.400000000000000e+00	2.043215e-02	1.674923e-02
9.500000000000000e+00	2.135623e-02	1.692615e-02
9.600000000000001e+00	2.227876e-02	1.710307e-02
9.700000000000001e+00	2.319979e-02	1.728000e-02
9.800000000000001e+00	2.411939e-02	1.745693e-02
9.900000000000000e+00	2.503761e-02	1.763386e-02
1.000000000000000e+01	2.595453e-02	1.781080e-02
Step Information: Vbb=3.2  (Step: 17/26)
0.000000000000000e+00	-1.137800e-01	2.031786e-04
1.000000000000000e-01	-1.093402e-01	3.738218e-04
2.000000000000000e-01	-1.053778e-01	5.453175e-04
3.000000000000000e-01	-1.017939e-01	7.174892e-04
4.000000000000000e-01	-9.850971e-02	8.901959e-04
5.000000000000000e-01	-9.547108e-02	1.063341e-03
6.000000000000001e-01	-9.263742e-02	1.236852e-03
7.000000000000001e-01	-8.997726e-02	1.410674e-03
8.000000000000000e-01	-8.746582e-02	1.584760e-03
9.000000000000000e-01	-8.508319e-02	1.759077e-03
1.000000000000000e+00	-8.281320e-02	1.933595e-03
1.100000000000000e+00	-8.064251e-02	2.108290e-03
1.200000000000000e+00	-7.855997e-02	2.283143e-03
1.300000000000000e+00	-7.655624e-02	2.458136e-03
1.400000000000000e+00	-7.462332e-02	2.633256e-03
1.500000000000000e+00	-7.275441e-02	2.808490e-03
1.600000000000000e+00	-7.094359e-02	2.983828e-03
1.700000000000000e+00	-6.918576e-02	3.159260e-03
1.800000000000000e+00	-6.747641e-02	3.334779e-03
1.900000000000000e+00	-6.581160e-02	3.510378e-03
2.000000000000000e+00	-6.418785e-02	3.686050e-03
2.100000000000000e+00	-6.260204e-02	3.861789e-03
2.200000000000000e+00	-6.105143e-02	4.037592e-03
2.300000000000000e+00	-5.953352e-02	4.213453e-03
2.400000000000000e+00	-5.804608e-02	4.389368e-03
2.500000000000000e+00	-5.658711e-02	4.565334e-03
2.600000000000000e+00	-5.515477e-02	4.741348e-03
2.700000000000000e+00	-5.374740e-02	4.917406e-03
2.800000000000000e+00	-5.236350e-02	5.093506e-03
2.900000000000000e+00	-5.100167e-02	5.269646e-03
3.000000000000000e+00	-4.966066e-02	5.445823e-03
3.100000000000000e+00	-4.833931e-02	5.622034e-03
3.200000000000000e+00	-4.703653e-02	5.798279e-03
3.300000000000000e+00	-4.575134e-02	5.974556e-03
3.400000000000000e+00	-4.448283e-02	6.150862e-03
3.500000000000000e+00	-4.323015e-02	6.327196e-03
3.600000000000000e+00	-4.199251e-02	6.503558e-03
3.700000000000000e+00	-4.076918e-02	6.679945e-03
3.800000000000000e+00	-3.955948e-02	6.856356e-03
3.900000000000000e+00	-3.836276e-02	7.032791e-03
4.000000000000000e+00	-3.717845e-02	7.209247e-03
4.100000000000001e+00	-3.600596e-02	7.385725e-03
4.200000000000000e+00	-3.484480e-02	7.562223e-03
4.300000000000000e+00	-3.369446e-02	7.738740e-03
4.400000000000000e+00	-3.255448e-02	7.915276e-03
4.500000000000000e+00	-3.142443e-02	8.091830e-03
4.600000000000001e+00	-3.030390e-02	8.268400e-03
4.700000000000000e+00	-2.919250e-02	8.444986e-03
4.800000000000001e+00	-2.808987e-02	8.621589e-03
4.900000000000000e+00	-2.699566e-02	8.798206e-03
5.000000000000000e+00	-2.590955e-02	8.974838e-03
5.100000000000001e+00	-2.483122e-02	9.151484e-03
5.200000000000000e+00	-2.376039e-02	9.328144e-03
5.300000000000001e+00	-2.269677e-02	9.504816e-03
5.400000000000000e+00	-2.164009e-02	9.681500e-03
5.500000000000000e+00	-2.059010e-02	9.858197e-03
5.600000000000001e+00	-1.954657e-02	1.003490e-02
5.700000000000000e+00	-1.850926e-02	1.021162e-02
5.800000000000001e+00	-1.747795e-02	1.038835e-02
5.900000000000000e+00	-1.645244e-02	1.056509e-02
6.000000000000000e+00	-1.543253e-02	1.074184e-02
6.100000000000001e+00	-1.441801e-02	1.091860e-02
6.200000000000000e+00	-1.340872e-02	1.109537e-02
6.300000000000001e+00	-1.240447e-02	1.127215e-02
6.400000000000000e+00	-1.140510e-02	1.144894e-02
6.500000000000000e+00	-1.041045e-02	1.162573e-02
6.600000000000001e+00	-9.420355e-03	1.180254e-02
6.700000000000000e+00	-8.434674e-03	1.197935e-02
6.800000000000001e+00	-7.453262e-03	1.215617e-02
6.900000000000000e+00	-6.475983e-03	1.233299e-02
7.000000000000000e+00	-5.502704e-03	1.250983e-02
7.100000000000001e+00	-4.533297e-03	1.268667e-02
7.200000000000000e+00	-3.567639e-03	1.286351e-02
7.300000000000001e+00	-2.605613e-03	1.304037e-02
7.400000000000000e+00	-1.647103e-03	1.321723e-02
7.500000000000000e+00	-6.919996e-04	1.339409e-02
7.600000000000001e+00	2.598040e-04	1.357096e-02
7.700000000000000e+00	1.208411e-03	1.374784e-02
7.800000000000001e+00	2.153921e-03	1.392473e-02
7.900000000000000e+00	3.096430e-03	1.410161e-02
8.000000000000000e+00	4.036033e-03	1.427851e-02
8.100000000000000e+00	4.972818e-03	1.445541e-02
8.200000000000001e+00	5.906875e-03	1.463231e-02
8.300000000000001e+00	6.838289e-03	1.480922e-02
8.400000000000000e+00	7.767141e-03	1.498613e-02
8.500000000000000e+00	8.693513e-03	1.516305e-02
8.600000000000000e+00	9.617480e-03	1.533997e-02
8.700000000000001e+00	1.053912e-02	1.551689e-02
8.800000000000001e+00	1.145851e-02	1.569382e-02
8.900000000000000e+00	1.237572e-02	1.587076e-02
9.000000000000000e+00	1.329081e-02	1.604770e-02
9.100000000000000e+00	1.420386e-02	1.622464e-02
9.200000000000001e+00	1.511493e-02	1.640158e-02
9.300000000000001e+00	1.602409e-02	1.657853e-02
9.400000000000000e+00	1.693140e-02	1.675548e-02
9.500000000000000e+00	1.783692e-02	1.693243e-02
9.600000000000001e+00	1.874071e-02	1.710939e-02
9.700000000000001e+00	1.964283e-02	1.728635e-02
9.800000000000001e+00	2.054334e-02	1.746332e-02
9.900000000000000e+00	2.144230e-02	1.764028e-02
1.000000000000000e+01	2.233975e-02	1.781725e-02
Step Information: Vbb=3.4  (Step: 18/26)
0.000000000000000e+00	-1.144863e-01	2.044398e-04
1.000000000000000e-01	-1.102612e-01	3.754665e-04
2.000000000000000e-01	-1.064674e-01	5.472631e-04
3.000000000000000e-01	-1.030186e-01	7.196761e-04
4.000000000000000e-01	-9.984608e-02	8.925823e-04
5.000000000000000e-01	-9.690151e-02	1.065896e-03
6.000000000000001e-01	-9.414837e-02	1.239551e-03
7.000000000000001e-01	-9.155812e-02	1.413497e-03
8.000000000000000e-01	-8.910810e-02	1.587693e-03
9.000000000000000e-01	-8.678004e-02	1.762107e-03
1.000000000000000e+00	-8.455898e-02	1.936712e-03
1.100000000000000e+00	-8.243252e-02	2.111487e-03
1.200000000000000e+00	-8.039032e-02	2.286411e-03
1.300000000000000e+00	-7.842358e-02	2.461471e-03
1.400000000000000e+00	-7.652484e-02	2.636652e-03
1.500000000000000e+00	-7.468765e-02	2.811942e-03
1.600000000000000e+00	-7.290645e-02	2.987333e-03
1.700000000000000e+00	-7.117639e-02	3.162815e-03
1.800000000000000e+00	-6.949321e-02	3.338381e-03
1.900000000000000e+00	-6.785316e-02	3.514023e-03
2.000000000000000e+00	-6.625291e-02	3.689737e-03
2.100000000000000e+00	-6.468950e-02	3.865517e-03
2.200000000000000e+00	-6.316030e-02	4.041358e-03
2.300000000000000e+00	-6.166292e-02	4.217255e-03
2.400000000000000e+00	-6.019522e-02	4.393206e-03
2.500000000000000e+00	-5.875528e-02	4.569206e-03
2.600000000000000e+00	-5.734133e-02	4.745252e-03
2.700000000000000e+00	-5.595178e-02	4.921342e-03
2.800000000000000e+00	-5.458518e-02	5.097474e-03
2.900000000000000e+00	-5.324018e-02	5.273643e-03
3.000000000000000e+00	-5.191557e-02	5.449849e-03
3.100000000000000e+00	-5.061023e-02	5.626090e-03
3.200000000000000e+00	-4.932312e-02	5.802363e-03
3.300000000000000e+00	-4.805327e-02	5.978667e-03
3.400000000000000e+00	-4.679981e-02	6.155000e-03
3.500000000000000e+00	-4.556191e-02	6.331360e-03
3.600000000000000e+00	-4.433881e-02	6.507748e-03
3.700000000000000e+00	-4.312980e-02	6.684160e-03
3.800000000000000e+00	-4.193421e-02	6.860597e-03
3.900000000000000e+00	-4.075144e-02	7.037056e-03
4.000000000000000e+00	-3.958090e-02	7.213537e-03
4.100000000000001e+00	-3.842204e-02	7.390040e-03
4.200000000000000e+00	-3.727436e-02	7.566561e-03
4.300000000000000e+00	-3.613739e-02	7.743102e-03
4.400000000000000e+00	-3.501067e-02	7.919662e-03
4.500000000000000e+00	-3.389377e-02	8.096239e-03
4.600000000000001e+00	-3.278631e-02	8.272832e-03
4.700000000000000e+00	-3.168790e-02	8.449443e-03
4.800000000000001e+00	-3.059819e-02	8.626068e-03
4.900000000000000e+00	-2.951685e-02	8.802708e-03
5.000000000000000e+00	-2.844354e-02	8.979363e-03
5.100000000000001e+00	-2.737797e-02	9.156032e-03
5.200000000000000e+00	-2.631986e-02	9.332714e-03
5.300000000000001e+00	-2.526893e-02	9.509409e-03
5.400000000000000e+00	-2.422492e-02	9.686116e-03
5.500000000000000e+00	-2.318759e-02	9.862835e-03
5.600000000000001e+00	-2.215669e-02	1.003957e-02
5.700000000000000e+00	-2.113201e-02	1.021631e-02
5.800000000000001e+00	-2.011333e-02	1.039306e-02
5.900000000000000e+00	-1.910045e-02	1.056982e-02
6.000000000000000e+00	-1.809317e-02	1.074659e-02
6.100000000000001e+00	-1.709130e-02	1.092338e-02
6.200000000000000e+00	-1.609468e-02	1.110017e-02
6.300000000000001e+00	-1.510312e-02	1.127697e-02
6.400000000000000e+00	-1.411646e-02	1.145378e-02
6.500000000000000e+00	-1.313454e-02	1.163060e-02
6.600000000000001e+00	-1.215722e-02	1.180742e-02
6.700000000000000e+00	-1.118435e-02	1.198426e-02
6.800000000000001e+00	-1.021578e-02	1.216110e-02
6.900000000000000e+00	-9.251396e-03	1.233795e-02
7.000000000000000e+00	-8.291055e-03	1.251481e-02
7.100000000000001e+00	-7.334635e-03	1.269167e-02
7.200000000000000e+00	-6.382018e-03	1.286854e-02
7.300000000000001e+00	-5.433089e-03	1.304542e-02
7.400000000000000e+00	-4.487736e-03	1.322230e-02
7.500000000000000e+00	-3.545851e-03	1.339919e-02
7.600000000000001e+00	-2.607331e-03	1.357608e-02
7.700000000000000e+00	-1.672077e-03	1.375299e-02
7.800000000000001e+00	-7.399899e-04	1.392989e-02
7.900000000000000e+00	1.890224e-04	1.410681e-02
8.000000000000000e+00	1.115051e-03	1.428372e-02
8.100000000000000e+00	2.038183e-03	1.446065e-02
8.200000000000001e+00	2.958504e-03	1.463757e-02
8.300000000000001e+00	3.876097e-03	1.481451e-02
8.400000000000000e+00	4.791041e-03	1.499144e-02
8.500000000000000e+00	5.703413e-03	1.516839e-02
8.600000000000000e+00	6.613290e-03	1.534533e-02
8.700000000000001e+00	7.520743e-03	1.552228e-02
8.800000000000001e+00	8.425845e-03	1.569924e-02
8.900000000000000e+00	9.328663e-03	1.587620e-02
9.000000000000000e+00	1.022927e-02	1.605316e-02
9.100000000000000e+00	1.112772e-02	1.623013e-02
9.200000000000001e+00	1.202408e-02	1.640710e-02
9.300000000000001e+00	1.291842e-02	1.658407e-02
9.400000000000000e+00	1.381080e-02	1.676105e-02
9.500000000000000e+00	1.470127e-02	1.693803e-02
9.600000000000001e+00	1.558989e-02	1.711502e-02
9.700000000000001e+00	1.647672e-02	1.729201e-02
9.800000000000001e+00	1.736181e-02	1.746900e-02
9.900000000000000e+00	1.824522e-02	1.764599e-02
1.000000000000000e+01	1.912699e-02	1.782299e-02
Step Information: Vbb=3.6  (Step: 19/26)
0.000000000000000e+00	-1.151267e-01	2.055834e-04
1.000000000000000e-01	-1.110937e-01	3.769531e-04
2.000000000000000e-01	-1.074521e-01	5.490217e-04
3.000000000000000e-01	-1.041267e-01	7.216549e-04
4.000000000000000e-01	-1.010566e-01	8.947439e-04
5.000000000000000e-01	-9.819881e-02	1.068212e-03
6.000000000000001e-01	-9.552022e-02	1.242000e-03
7.000000000000001e-01	-9.299489e-02	1.416062e-03
8.000000000000000e-01	-9.060205e-02	1.590361e-03
9.000000000000000e-01	-8.832486e-02	1.764866e-03
1.000000000000000e+00	-8.614947e-02	1.939553e-03
1.100000000000000e+00	-8.406436e-02	2.114401e-03
1.200000000000000e+00	-8.205982e-02	2.289393e-03
1.300000000000000e+00	-8.012766e-02	2.464514e-03
1.400000000000000e+00	-7.826083e-02	2.639751e-03
1.500000000000000e+00	-7.645326e-02	2.815095e-03
1.600000000000000e+00	-7.469969e-02	2.990535e-03
1.700000000000000e+00	-7.299551e-02	3.166063e-03
1.800000000000000e+00	-7.133669e-02	3.341673e-03
1.900000000000000e+00	-6.971966e-02	3.517356e-03
2.000000000000000e+00	-6.814124e-02	3.693109e-03
2.100000000000000e+00	-6.659859e-02	3.868926e-03
2.200000000000000e+00	-6.508921e-02	4.044802e-03
2.300000000000000e+00	-6.361080e-02	4.220733e-03
2.400000000000000e+00	-6.216132e-02	4.396717e-03
2.500000000000000e+00	-6.073890e-02	4.572748e-03
2.600000000000000e+00	-5.934186e-02	4.748825e-03
2.700000000000000e+00	-5.796866e-02	4.924944e-03
2.800000000000000e+00	-5.661790e-02	5.101103e-03
2.900000000000000e+00	-5.528829e-02	5.277301e-03
3.000000000000000e+00	-5.397864e-02	5.453533e-03
3.100000000000000e+00	-5.268787e-02	5.629800e-03
3.200000000000000e+00	-5.141499e-02	5.806098e-03
3.300000000000000e+00	-5.015906e-02	5.982427e-03
3.400000000000000e+00	-4.891922e-02	6.158784e-03
3.500000000000000e+00	-4.769468e-02	6.335169e-03
3.600000000000000e+00	-4.648469e-02	6.511580e-03
3.700000000000000e+00	-4.528857e-02	6.688015e-03
3.800000000000000e+00	-4.410567e-02	6.864475e-03
3.900000000000000e+00	-4.293539e-02	7.040956e-03
4.000000000000000e+00	-4.177718e-02	7.217459e-03
4.100000000000001e+00	-4.063049e-02	7.393983e-03
4.200000000000000e+00	-3.949485e-02	7.570527e-03
4.300000000000000e+00	-3.836977e-02	7.747089e-03
4.400000000000000e+00	-3.725483e-02	7.923669e-03
4.500000000000000e+00	-3.614960e-02	8.100267e-03
4.600000000000001e+00	-3.505371e-02	8.276882e-03
4.700000000000000e+00	-3.396679e-02	8.453513e-03
4.800000000000001e+00	-3.288848e-02	8.630158e-03
4.900000000000000e+00	-3.181846e-02	8.806819e-03
5.000000000000000e+00	-3.075642e-02	8.983494e-03
5.100000000000001e+00	-2.970207e-02	9.160182e-03
5.200000000000000e+00	-2.865511e-02	9.336884e-03
5.300000000000001e+00	-2.761529e-02	9.513599e-03
5.400000000000000e+00	-2.658235e-02	9.690326e-03
5.500000000000000e+00	-2.555606e-02	9.867065e-03
5.600000000000001e+00	-2.453617e-02	1.004381e-02
5.700000000000000e+00	-2.352248e-02	1.022058e-02
5.800000000000001e+00	-2.251477e-02	1.039735e-02
5.900000000000000e+00	-2.151285e-02	1.057413e-02
6.000000000000000e+00	-2.051651e-02	1.075092e-02
6.100000000000001e+00	-1.952559e-02	1.092772e-02
6.200000000000000e+00	-1.853991e-02	1.110454e-02
6.300000000000001e+00	-1.755929e-02	1.128136e-02
6.400000000000000e+00	-1.658358e-02	1.145818e-02
6.500000000000000e+00	-1.561263e-02	1.163502e-02
6.600000000000001e+00	-1.464628e-02	1.181187e-02
6.700000000000000e+00	-1.368440e-02	1.198872e-02
6.800000000000001e+00	-1.272685e-02	1.216558e-02
6.900000000000000e+00	-1.177350e-02	1.234245e-02
7.000000000000000e+00	-1.082421e-02	1.251933e-02
7.100000000000001e+00	-9.878884e-03	1.269621e-02
7.200000000000000e+00	-8.937387e-03	1.287310e-02
7.300000000000001e+00	-7.999611e-03	1.305000e-02
7.400000000000000e+00	-7.065448e-03	1.322690e-02
7.500000000000000e+00	-6.134793e-03	1.340381e-02
7.600000000000001e+00	-5.207544e-03	1.358073e-02
7.700000000000000e+00	-4.283605e-03	1.375765e-02
7.800000000000001e+00	-3.362881e-03	1.393458e-02
7.900000000000000e+00	-2.445279e-03	1.411151e-02
8.000000000000000e+00	-1.530714e-03	1.428845e-02
8.100000000000000e+00	-6.190971e-04	1.446539e-02
8.200000000000001e+00	2.896523e-04	1.464234e-02
8.300000000000001e+00	1.195615e-03	1.481929e-02
8.400000000000000e+00	2.098869e-03	1.499625e-02
8.500000000000000e+00	2.999489e-03	1.517322e-02
8.600000000000000e+00	3.897548e-03	1.535018e-02
8.700000000000001e+00	4.793118e-03	1.552716e-02
8.800000000000001e+00	5.686267e-03	1.570413e-02
8.900000000000000e+00	6.577062e-03	1.588111e-02
9.000000000000000e+00	7.465569e-03	1.605810e-02
9.100000000000000e+00	8.351850e-03	1.623509e-02
9.200000000000001e+00	9.235967e-03	1.641208e-02
9.300000000000001e+00	1.011798e-02	1.658908e-02
9.400000000000000e+00	1.099795e-02	1.676608e-02
9.500000000000000e+00	1.187592e-02	1.694308e-02
9.600000000000001e+00	1.275197e-02	1.712009e-02
9.700000000000001e+00	1.362613e-02	1.729710e-02
9.800000000000001e+00	1.449847e-02	1.747411e-02
9.900000000000000e+00	1.536903e-02	1.765113e-02
1.000000000000000e+01	1.623787e-02	1.782815e-02
Step Information: Vbb=3.8  (Step: 20/26)
0.000000000000000e+00	-1.157112e-01	2.066272e-04
1.000000000000000e-01	-1.118511e-01	3.783055e-04
2.000000000000000e-01	-1.083479e-01	5.506212e-04
3.000000000000000e-01	-1.051354e-01	7.234561e-04
4.000000000000000e-01	-1.021598e-01	8.967139e-04
5.000000000000000e-01	-9.938231e-02	1.070326e-03
6.000000000000001e-01	-9.677304e-02	1.244238e-03
7.000000000000001e-01	-9.430823e-02	1.418408e-03
8.000000000000000e-01	-9.196883e-02	1.592802e-03
9.000000000000000e-01	-8.973928e-02	1.767392e-03
1.000000000000000e+00	-8.760671e-02	1.942155e-03
1.100000000000000e+00	-8.556037e-02	2.117072e-03
1.200000000000000e+00	-8.359122e-02	2.292127e-03
1.300000000000000e+00	-8.169152e-02	2.467306e-03
1.400000000000000e+00	-7.985465e-02	2.642598e-03
1.500000000000000e+00	-7.807489e-02	2.817991e-03
1.600000000000000e+00	-7.634725e-02	2.993477e-03
1.700000000000000e+00	-7.466735e-02	3.169049e-03
1.800000000000000e+00	-7.303136e-02	3.344699e-03
1.900000000000000e+00	-7.143587e-02	3.520421e-03
2.000000000000000e+00	-6.987786e-02	3.696210e-03
2.100000000000000e+00	-6.835461e-02	3.872062e-03
2.200000000000000e+00	-6.686371e-02	4.047971e-03
2.300000000000000e+00	-6.540298e-02	4.223934e-03
2.400000000000000e+00	-6.397043e-02	4.399947e-03
2.500000000000000e+00	-6.256430e-02	4.576008e-03
2.600000000000000e+00	-6.118294e-02	4.752113e-03
2.700000000000000e+00	-5.982488e-02	4.928259e-03
2.800000000000000e+00	-5.848876e-02	5.104444e-03
2.900000000000000e+00	-5.717335e-02	5.280667e-03
3.000000000000000e+00	-5.587749e-02	5.456924e-03
3.100000000000000e+00	-5.460014e-02	5.633214e-03
3.200000000000000e+00	-5.334033e-02	5.809536e-03
3.300000000000000e+00	-5.209715e-02	5.985888e-03
3.400000000000000e+00	-5.086978e-02	6.162268e-03
3.500000000000000e+00	-4.965744e-02	6.338674e-03
3.600000000000000e+00	-4.845942e-02	6.515106e-03
3.700000000000000e+00	-4.727504e-02	6.691562e-03
3.800000000000000e+00	-4.610367e-02	6.868042e-03
3.900000000000000e+00	-4.494474e-02	7.044544e-03
4.000000000000000e+00	-4.379770e-02	7.221067e-03
4.100000000000001e+00	-4.266202e-02	7.397611e-03
4.200000000000000e+00	-4.153724e-02	7.574174e-03
4.300000000000000e+00	-4.042289e-02	7.750755e-03
4.400000000000000e+00	-3.931855e-02	7.927354e-03
4.500000000000000e+00	-3.822382e-02	8.103971e-03
4.600000000000001e+00	-3.713832e-02	8.280604e-03
4.700000000000000e+00	-3.606168e-02	8.457253e-03
4.800000000000001e+00	-3.499358e-02	8.633917e-03
4.900000000000000e+00	-3.393368e-02	8.810596e-03
5.000000000000000e+00	-3.288169e-02	8.987289e-03
5.100000000000001e+00	-3.183731e-02	9.163995e-03
5.200000000000000e+00	-3.080028e-02	9.340715e-03
5.300000000000001e+00	-2.977033e-02	9.517447e-03
5.400000000000000e+00	-2.874721e-02	9.694192e-03
5.500000000000000e+00	-2.773069e-02	9.870947e-03
5.600000000000001e+00	-2.672054e-02	1.004772e-02
5.700000000000000e+00	-2.571656e-02	1.022449e-02
5.800000000000001e+00	-2.471852e-02	1.040128e-02
5.900000000000000e+00	-2.372625e-02	1.057808e-02
6.000000000000000e+00	-2.273955e-02	1.075489e-02
6.100000000000001e+00	-2.175824e-02	1.093171e-02
6.200000000000000e+00	-2.078216e-02	1.110854e-02
6.300000000000001e+00	-1.981113e-02	1.128538e-02
6.400000000000000e+00	-1.884500e-02	1.146222e-02
6.500000000000000e+00	-1.788363e-02	1.163908e-02
6.600000000000001e+00	-1.692687e-02	1.181594e-02
6.700000000000000e+00	-1.597457e-02	1.199281e-02
6.800000000000001e+00	-1.502661e-02	1.216969e-02
6.900000000000000e+00	-1.408285e-02	1.234658e-02
7.000000000000000e+00	-1.314318e-02	1.252347e-02
7.100000000000001e+00	-1.220747e-02	1.270037e-02
7.200000000000000e+00	-1.127561e-02	1.287728e-02
7.300000000000001e+00	-1.034749e-02	1.305419e-02
7.400000000000000e+00	-9.423010e-03	1.323111e-02
7.500000000000000e+00	-8.502057e-03	1.340804e-02
7.600000000000001e+00	-7.584535e-03	1.358497e-02
7.700000000000000e+00	-6.670350e-03	1.376191e-02
7.800000000000001e+00	-5.759409e-03	1.393886e-02
7.900000000000000e+00	-4.851624e-03	1.411581e-02
8.000000000000000e+00	-3.946907e-03	1.429276e-02
8.100000000000000e+00	-3.045175e-03	1.446972e-02
8.200000000000001e+00	-2.146347e-03	1.464669e-02
8.300000000000001e+00	-1.250346e-03	1.482366e-02
8.400000000000000e+00	-3.570946e-04	1.500064e-02
8.500000000000000e+00	5.334801e-04	1.517762e-02
8.600000000000000e+00	1.421449e-03	1.535460e-02
8.700000000000001e+00	2.306883e-03	1.553159e-02
8.800000000000001e+00	3.189847e-03	1.570859e-02
8.900000000000000e+00	4.070408e-03	1.588559e-02
9.000000000000000e+00	4.948628e-03	1.606259e-02
9.100000000000000e+00	5.824569e-03	1.623960e-02
9.200000000000001e+00	6.698291e-03	1.641661e-02
9.300000000000001e+00	7.569852e-03	1.659363e-02
9.400000000000000e+00	8.439310e-03	1.677064e-02
9.500000000000000e+00	9.306718e-03	1.694767e-02
9.600000000000001e+00	1.017213e-02	1.712469e-02
9.700000000000001e+00	1.103560e-02	1.730172e-02
9.800000000000001e+00	1.189718e-02	1.747875e-02
9.900000000000000e+00	1.275691e-02	1.765579e-02
1.000000000000000e+01	1.361485e-02	1.783283e-02
Step Information: Vbb=4  (Step: 21/26)
0.000000000000000e+00	-1.162478e-01	2.075854e-04
1.000000000000000e-01	-1.125440e-01	3.795428e-04
2.000000000000000e-01	-1.091672e-01	5.520842e-04
3.000000000000000e-01	-1.060586e-01	7.251046e-04
4.000000000000000e-01	-1.031704e-01	8.985185e-04
5.000000000000000e-01	-1.004676e-01	1.072264e-03
6.000000000000001e-01	-9.792300e-02	1.246291e-03
7.000000000000001e-01	-9.551483e-02	1.420562e-03
8.000000000000000e-01	-9.322555e-02	1.595046e-03
9.000000000000000e-01	-9.104075e-02	1.769716e-03
1.000000000000000e+00	-8.894847e-02	1.944551e-03
1.100000000000000e+00	-8.693866e-02	2.119533e-03
1.200000000000000e+00	-8.500285e-02	2.294648e-03
1.300000000000000e+00	-8.313377e-02	2.469882e-03
1.400000000000000e+00	-8.132517e-02	2.645224e-03
1.500000000000000e+00	-7.957163e-02	2.820664e-03
1.600000000000000e+00	-7.786843e-02	2.996194e-03
1.700000000000000e+00	-7.621142e-02	3.171806e-03
1.800000000000000e+00	-7.459693e-02	3.347494e-03
1.900000000000000e+00	-7.302172e-02	3.523253e-03
2.000000000000000e+00	-7.148290e-02	3.699077e-03
2.100000000000000e+00	-6.997788e-02	3.874961e-03
2.200000000000000e+00	-6.850434e-02	4.050901e-03
2.300000000000000e+00	-6.706018e-02	4.226893e-03
2.400000000000000e+00	-6.564351e-02	4.402935e-03
2.500000000000000e+00	-6.425261e-02	4.579023e-03
2.600000000000000e+00	-6.288590e-02	4.755153e-03
2.700000000000000e+00	-6.154197e-02	4.931325e-03
2.800000000000000e+00	-6.021950e-02	5.107535e-03
2.900000000000000e+00	-5.891730e-02	5.283781e-03
3.000000000000000e+00	-5.763425e-02	5.460061e-03
3.100000000000000e+00	-5.636935e-02	5.636374e-03
3.200000000000000e+00	-5.512165e-02	5.812717e-03
3.300000000000000e+00	-5.389028e-02	5.989090e-03
3.400000000000000e+00	-5.267442e-02	6.165490e-03
3.500000000000000e+00	-5.147335e-02	6.341917e-03
3.600000000000000e+00	-5.028634e-02	6.518369e-03
3.700000000000000e+00	-4.911276e-02	6.694844e-03
3.800000000000000e+00	-4.795199e-02	6.871343e-03
3.900000000000000e+00	-4.680346e-02	7.047863e-03
4.000000000000000e+00	-4.566664e-02	7.224405e-03
4.100000000000001e+00	-4.454103e-02	7.400966e-03
4.200000000000000e+00	-4.342617e-02	7.577547e-03
4.300000000000000e+00	-4.232160e-02	7.754146e-03
4.400000000000000e+00	-4.122691e-02	7.930762e-03
4.500000000000000e+00	-4.014171e-02	8.107396e-03
4.600000000000001e+00	-3.906563e-02	8.284045e-03
4.700000000000000e+00	-3.799832e-02	8.460712e-03
4.800000000000001e+00	-3.693945e-02	8.637392e-03
4.900000000000000e+00	-3.588870e-02	8.814087e-03
5.000000000000000e+00	-3.484578e-02	8.990796e-03
5.100000000000001e+00	-3.381040e-02	9.167518e-03
5.200000000000000e+00	-3.278230e-02	9.344254e-03
5.300000000000001e+00	-3.176122e-02	9.521002e-03
5.400000000000000e+00	-3.074691e-02	9.697762e-03
5.500000000000000e+00	-2.973916e-02	9.874534e-03
5.600000000000001e+00	-2.873773e-02	1.005132e-02
5.700000000000000e+00	-2.774242e-02	1.022811e-02
5.800000000000001e+00	-2.675303e-02	1.040492e-02
5.900000000000000e+00	-2.576937e-02	1.058173e-02
6.000000000000000e+00	-2.479125e-02	1.075856e-02
6.100000000000001e+00	-2.381850e-02	1.093539e-02
6.200000000000000e+00	-2.285095e-02	1.111223e-02
6.300000000000001e+00	-2.188844e-02	1.128909e-02
6.400000000000000e+00	-2.093081e-02	1.146595e-02
6.500000000000000e+00	-1.997793e-02	1.164282e-02
6.600000000000001e+00	-1.902964e-02	1.181970e-02
6.700000000000000e+00	-1.808581e-02	1.199658e-02
6.800000000000001e+00	-1.714631e-02	1.217348e-02
6.900000000000000e+00	-1.621102e-02	1.235038e-02
7.000000000000000e+00	-1.527981e-02	1.252729e-02
7.100000000000001e+00	-1.435257e-02	1.270420e-02
7.200000000000000e+00	-1.342919e-02	1.288112e-02
7.300000000000001e+00	-1.250955e-02	1.305805e-02
7.400000000000000e+00	-1.159356e-02	1.323499e-02
7.500000000000000e+00	-1.068110e-02	1.341193e-02
7.600000000000001e+00	-9.772099e-03	1.358888e-02
7.700000000000000e+00	-8.866444e-03	1.376583e-02
7.800000000000001e+00	-7.964051e-03	1.394279e-02
7.900000000000000e+00	-7.064832e-03	1.411976e-02
8.000000000000000e+00	-6.168703e-03	1.429673e-02
8.100000000000000e+00	-5.275581e-03	1.447371e-02
8.200000000000001e+00	-4.385388e-03	1.465069e-02
8.300000000000001e+00	-3.498048e-03	1.482768e-02
8.400000000000000e+00	-2.613484e-03	1.500467e-02
8.500000000000000e+00	-1.731626e-03	1.518166e-02
8.600000000000000e+00	-8.524045e-04	1.535867e-02
8.700000000000001e+00	2.424917e-05	1.553567e-02
8.800000000000001e+00	8.984002e-04	1.571268e-02
8.900000000000000e+00	1.770112e-03	1.588970e-02
9.000000000000000e+00	2.639448e-03	1.606672e-02
9.100000000000000e+00	3.506466e-03	1.624374e-02
9.200000000000001e+00	4.371226e-03	1.642076e-02
9.300000000000001e+00	5.233785e-03	1.659780e-02
9.400000000000000e+00	6.094197e-03	1.677483e-02
9.500000000000000e+00	6.952517e-03	1.695187e-02
9.600000000000001e+00	7.808797e-03	1.712891e-02
9.700000000000001e+00	8.663088e-03	1.730596e-02
9.800000000000001e+00	9.515439e-03	1.748301e-02
9.900000000000000e+00	1.036590e-02	1.766006e-02
1.000000000000000e+01	1.121451e-02	1.783712e-02
Step Information: Vbb=4.2  (Step: 22/26)
0.000000000000000e+00	-1.167428e-01	2.084692e-04
1.000000000000000e-01	-1.131812e-01	3.806806e-04
2.000000000000000e-01	-1.099202e-01	5.534289e-04
3.000000000000000e-01	-1.069076e-01	7.266207e-04
4.000000000000000e-01	-1.041006e-01	9.001796e-04
5.000000000000000e-01	-1.014674e-01	1.074049e-03
6.000000000000001e-01	-9.898333e-02	1.248184e-03
7.000000000000001e-01	-9.662832e-02	1.422551e-03
8.000000000000000e-01	-9.438620e-02	1.597118e-03
9.000000000000000e-01	-9.224358e-02	1.771864e-03
1.000000000000000e+00	-9.018932e-02	1.946767e-03
1.100000000000000e+00	-8.821404e-02	2.121811e-03
1.200000000000000e+00	-8.630976e-02	2.296982e-03
1.300000000000000e+00	-8.446965e-02	2.472267e-03
1.400000000000000e+00	-8.268780e-02	2.647657e-03
1.500000000000000e+00	-8.095910e-02	2.823141e-03
1.600000000000000e+00	-7.927903e-02	2.998712e-03
1.700000000000000e+00	-7.764367e-02	3.174364e-03
1.800000000000000e+00	-7.604953e-02	3.350088e-03
1.900000000000000e+00	-7.449351e-02	3.525881e-03
2.000000000000000e+00	-7.297283e-02	3.701737e-03
2.100000000000000e+00	-7.148503e-02	3.877652e-03
2.200000000000000e+00	-7.002787e-02	4.053621e-03
2.300000000000000e+00	-6.859934e-02	4.229642e-03
2.400000000000000e+00	-6.719761e-02	4.405710e-03
2.500000000000000e+00	-6.582104e-02	4.581823e-03
2.600000000000000e+00	-6.446812e-02	4.757979e-03
2.700000000000000e+00	-6.313745e-02	4.934174e-03
2.800000000000000e+00	-6.182779e-02	5.110407e-03
2.900000000000000e+00	-6.053796e-02	5.286675e-03
3.000000000000000e+00	-5.926691e-02	5.462977e-03
3.100000000000000e+00	-5.801364e-02	5.639310e-03
3.200000000000000e+00	-5.677724e-02	5.815674e-03
3.300000000000000e+00	-5.555687e-02	5.992066e-03
3.400000000000000e+00	-5.435174e-02	6.168485e-03
3.500000000000000e+00	-5.316113e-02	6.344931e-03
3.600000000000000e+00	-5.198435e-02	6.521401e-03
3.700000000000000e+00	-5.082078e-02	6.697894e-03
3.800000000000000e+00	-4.966982e-02	6.874410e-03
3.900000000000000e+00	-4.853091e-02	7.050948e-03
4.000000000000000e+00	-4.740354e-02	7.227506e-03
4.100000000000001e+00	-4.628722e-02	7.404084e-03
4.200000000000000e+00	-4.518149e-02	7.580681e-03
4.300000000000000e+00	-4.408592e-02	7.757296e-03
4.400000000000000e+00	-4.300009e-02	7.933929e-03
4.500000000000000e+00	-4.192365e-02	8.110578e-03
4.600000000000001e+00	-4.085620e-02	8.287244e-03
4.700000000000000e+00	-3.979743e-02	8.463924e-03
4.800000000000001e+00	-3.874699e-02	8.640620e-03
4.900000000000000e+00	-3.770459e-02	8.817330e-03
5.000000000000000e+00	-3.666994e-02	8.994053e-03
5.100000000000001e+00	-3.564275e-02	9.170790e-03
5.200000000000000e+00	-3.462277e-02	9.347540e-03
5.300000000000001e+00	-3.360975e-02	9.524303e-03
5.400000000000000e+00	-3.260344e-02	9.701078e-03
5.500000000000000e+00	-3.160363e-02	9.877863e-03
5.600000000000001e+00	-3.061010e-02	1.005466e-02
5.700000000000000e+00	-2.962263e-02	1.023147e-02
5.800000000000001e+00	-2.864105e-02	1.040829e-02
5.900000000000000e+00	-2.766515e-02	1.058512e-02
6.000000000000000e+00	-2.669476e-02	1.076195e-02
6.100000000000001e+00	-2.572970e-02	1.093880e-02
6.200000000000000e+00	-2.476982e-02	1.111566e-02
6.300000000000001e+00	-2.381496e-02	1.129253e-02
6.400000000000000e+00	-2.286496e-02	1.146940e-02
6.500000000000000e+00	-2.191968e-02	1.164628e-02
6.600000000000001e+00	-2.097897e-02	1.182318e-02
6.700000000000000e+00	-2.004272e-02	1.200008e-02
6.800000000000001e+00	-1.911079e-02	1.217698e-02
6.900000000000000e+00	-1.818305e-02	1.235390e-02
7.000000000000000e+00	-1.725938e-02	1.253082e-02
7.100000000000001e+00	-1.633968e-02	1.270775e-02
7.200000000000000e+00	-1.542384e-02	1.288469e-02
7.300000000000001e+00	-1.451174e-02	1.306163e-02
7.400000000000000e+00	-1.360328e-02	1.323858e-02
7.500000000000000e+00	-1.269837e-02	1.341553e-02
7.600000000000001e+00	-1.179691e-02	1.359249e-02
7.700000000000000e+00	-1.089881e-02	1.376946e-02
7.800000000000001e+00	-1.000398e-02	1.394644e-02
7.900000000000000e+00	-9.112327e-03	1.412341e-02
8.000000000000000e+00	-8.223780e-03	1.430040e-02
8.100000000000000e+00	-7.338254e-03	1.447739e-02
8.200000000000001e+00	-6.455672e-03	1.465438e-02
8.300000000000001e+00	-5.575956e-03	1.483139e-02
8.400000000000000e+00	-4.699036e-03	1.500839e-02
8.500000000000000e+00	-3.824841e-03	1.518540e-02
8.600000000000000e+00	-2.953302e-03	1.536242e-02
8.700000000000001e+00	-2.084353e-03	1.553944e-02
8.800000000000001e+00	-1.217929e-03	1.571646e-02
8.900000000000000e+00	-3.539677e-04	1.589349e-02
9.000000000000000e+00	5.075909e-04	1.607052e-02
9.100000000000000e+00	1.366806e-03	1.624756e-02
9.200000000000001e+00	2.223735e-03	1.642460e-02
9.300000000000001e+00	3.078433e-03	1.660165e-02
9.400000000000000e+00	3.930955e-03	1.677869e-02
9.500000000000000e+00	4.781353e-03	1.695575e-02
9.600000000000001e+00	5.629679e-03	1.713280e-02
9.700000000000001e+00	6.475981e-03	1.730986e-02
9.800000000000001e+00	7.320309e-03	1.748693e-02
9.900000000000000e+00	8.162710e-03	1.766399e-02
1.000000000000000e+01	9.003229e-03	1.784107e-02
Step Information: Vbb=4.4  (Step: 23/26)
0.000000000000000e+00	-1.172014e-01	2.092882e-04
1.000000000000000e-01	-1.137697e-01	3.817316e-04
2.000000000000000e-01	-1.106154e-01	5.546703e-04
3.000000000000000e-01	-1.076918e-01	7.280210e-04
4.000000000000000e-01	-1.049603e-01	9.017148e-04
5.000000000000000e-01	-1.023923e-01	1.075701e-03
6.000000000000001e-01	-9.996499e-02	1.249937e-03
7.000000000000001e-01	-9.766001e-02	1.424393e-03
8.000000000000000e-01	-9.546236e-02	1.599040e-03
9.000000000000000e-01	-9.335960e-02	1.773856e-03
1.000000000000000e+00	-9.134133e-02	1.948824e-03
1.100000000000000e+00	-8.939876e-02	2.123926e-03
1.200000000000000e+00	-8.752440e-02	2.299151e-03
1.300000000000000e+00	-8.571178e-02	2.474485e-03
1.400000000000000e+00	-8.395533e-02	2.649920e-03
1.500000000000000e+00	-8.225021e-02	2.825447e-03
1.600000000000000e+00	-8.059213e-02	3.001057e-03
1.700000000000000e+00	-7.897734e-02	3.176745e-03
1.800000000000000e+00	-7.740252e-02	3.352504e-03
1.900000000000000e+00	-7.586470e-02	3.528330e-03
2.000000000000000e+00	-7.436124e-02	3.704217e-03
2.100000000000000e+00	-7.288977e-02	3.880160e-03
2.200000000000000e+00	-7.144813e-02	4.056158e-03
2.300000000000000e+00	-7.003441e-02	4.232205e-03
2.400000000000000e+00	-6.864683e-02	4.408298e-03
2.500000000000000e+00	-6.728382e-02	4.584435e-03
2.600000000000000e+00	-6.594391e-02	4.760614e-03
2.700000000000000e+00	-6.462577e-02	4.936832e-03
2.800000000000000e+00	-6.332818e-02	5.113086e-03
2.900000000000000e+00	-6.205002e-02	5.289375e-03
3.000000000000000e+00	-6.079025e-02	5.465697e-03
3.100000000000000e+00	-5.954792e-02	5.642050e-03
3.200000000000000e+00	-5.832214e-02	5.818432e-03
3.300000000000000e+00	-5.711209e-02	5.994843e-03
3.400000000000000e+00	-5.591701e-02	6.171281e-03
3.500000000000000e+00	-5.473620e-02	6.347743e-03
3.600000000000000e+00	-5.356899e-02	6.524230e-03
3.700000000000000e+00	-5.241476e-02	6.700741e-03
3.800000000000000e+00	-5.127295e-02	6.877273e-03
3.900000000000000e+00	-5.014300e-02	7.053827e-03
4.000000000000000e+00	-4.902442e-02	7.230401e-03
4.100000000000001e+00	-4.791673e-02	7.406994e-03
4.200000000000000e+00	-4.681948e-02	7.583606e-03
4.300000000000000e+00	-4.573224e-02	7.760236e-03
4.400000000000000e+00	-4.465464e-02	7.936884e-03
4.500000000000000e+00	-4.358628e-02	8.113547e-03
4.600000000000001e+00	-4.252682e-02	8.290227e-03
4.700000000000000e+00	-4.147591e-02	8.466921e-03
4.800000000000001e+00	-4.043326e-02	8.643631e-03
4.900000000000000e+00	-3.939854e-02	8.820355e-03
5.000000000000000e+00	-3.837149e-02	8.997092e-03
5.100000000000001e+00	-3.735183e-02	9.173842e-03
5.200000000000000e+00	-3.633930e-02	9.350606e-03
5.300000000000001e+00	-3.533366e-02	9.527382e-03
5.400000000000000e+00	-3.433467e-02	9.704169e-03
5.500000000000000e+00	-3.334213e-02	9.880968e-03
5.600000000000001e+00	-3.235580e-02	1.005778e-02
5.700000000000000e+00	-3.137549e-02	1.023460e-02
5.800000000000001e+00	-3.040102e-02	1.041143e-02
5.900000000000000e+00	-2.943219e-02	1.058827e-02
6.000000000000000e+00	-2.846883e-02	1.076512e-02
6.100000000000001e+00	-2.751077e-02	1.094198e-02
6.200000000000000e+00	-2.655785e-02	1.111885e-02
6.300000000000001e+00	-2.560992e-02	1.129573e-02
6.400000000000000e+00	-2.466682e-02	1.147262e-02
6.500000000000000e+00	-2.372842e-02	1.164952e-02
6.600000000000001e+00	-2.279458e-02	1.182642e-02
6.700000000000000e+00	-2.186516e-02	1.200333e-02
6.800000000000001e+00	-2.094005e-02	1.218025e-02
6.900000000000000e+00	-2.001912e-02	1.235718e-02
7.000000000000000e+00	-1.910225e-02	1.253411e-02
7.100000000000001e+00	-1.818934e-02	1.271105e-02
7.200000000000000e+00	-1.728027e-02	1.288800e-02
7.300000000000001e+00	-1.637493e-02	1.306496e-02
7.400000000000000e+00	-1.547324e-02	1.324192e-02
7.500000000000000e+00	-1.457509e-02	1.341888e-02
7.600000000000001e+00	-1.368039e-02	1.359586e-02
7.700000000000000e+00	-1.278905e-02	1.377284e-02
7.800000000000001e+00	-1.190097e-02	1.394982e-02
7.900000000000000e+00	-1.101609e-02	1.412681e-02
8.000000000000000e+00	-1.013431e-02	1.430381e-02
8.100000000000000e+00	-9.255556e-03	1.448081e-02
8.200000000000001e+00	-8.379755e-03	1.465782e-02
8.300000000000001e+00	-7.506829e-03	1.483483e-02
8.400000000000000e+00	-6.636709e-03	1.501185e-02
8.500000000000000e+00	-5.769324e-03	1.518887e-02
8.600000000000000e+00	-4.904609e-03	1.536590e-02
8.700000000000001e+00	-4.042496e-03	1.554293e-02
8.800000000000001e+00	-3.182924e-03	1.571997e-02
8.900000000000000e+00	-2.325831e-03	1.589701e-02
9.000000000000000e+00	-1.471158e-03	1.607406e-02
9.100000000000000e+00	-6.188460e-04	1.625111e-02
9.200000000000001e+00	2.311603e-04	1.642816e-02
9.300000000000001e+00	1.078916e-03	1.660522e-02
9.400000000000000e+00	1.924473e-03	1.678228e-02
9.500000000000000e+00	2.767884e-03	1.695934e-02
9.600000000000001e+00	3.609199e-03	1.713641e-02
9.700000000000001e+00	4.448466e-03	1.731348e-02
9.800000000000001e+00	5.285734e-03	1.749056e-02
9.900000000000000e+00	6.121049e-03	1.766764e-02
1.000000000000000e+01	6.954454e-03	1.784472e-02
Step Information: Vbb=4.6  (Step: 24/26)
0.000000000000000e+00	-1.176281e-01	2.100501e-04
1.000000000000000e-01	-1.143155e-01	3.827063e-04
2.000000000000000e-01	-1.112598e-01	5.558210e-04
3.000000000000000e-01	-1.084188e-01	7.293193e-04
4.000000000000000e-01	-1.057580e-01	9.031392e-04
5.000000000000000e-01	-1.032510e-01	1.077234e-03
6.000000000000001e-01	-1.008771e-01	1.251566e-03
7.000000000000001e-01	-9.861934e-02	1.426106e-03
8.000000000000000e-01	-9.646373e-02	1.600828e-03
9.000000000000000e-01	-9.439874e-02	1.775712e-03
1.000000000000000e+00	-9.241461e-02	1.950740e-03
1.100000000000000e+00	-9.050311e-02	2.125898e-03
1.200000000000000e+00	-8.865718e-02	2.301174e-03
1.300000000000000e+00	-8.687072e-02	2.476555e-03
1.400000000000000e+00	-8.513847e-02	2.652033e-03
1.500000000000000e+00	-8.345579e-02	2.827600e-03
1.600000000000000e+00	-8.181866e-02	3.003248e-03
1.700000000000000e+00	-8.022346e-02	3.178970e-03
1.800000000000000e+00	-7.866704e-02	3.354763e-03
1.900000000000000e+00	-7.714657e-02	3.530619e-03
2.000000000000000e+00	-7.565951e-02	3.706535e-03
2.100000000000000e+00	-7.420357e-02	3.882506e-03
2.200000000000000e+00	-7.277671e-02	4.058530e-03
2.300000000000000e+00	-7.137707e-02	4.234602e-03
2.400000000000000e+00	-7.000294e-02	4.410719e-03
2.500000000000000e+00	-6.865281e-02	4.586880e-03
2.600000000000000e+00	-6.732526e-02	4.763081e-03
2.700000000000000e+00	-6.601899e-02	4.939320e-03
2.800000000000000e+00	-6.473284e-02	5.115594e-03
2.900000000000000e+00	-6.346572e-02	5.291903e-03
3.000000000000000e+00	-6.221663e-02	5.468244e-03
3.100000000000000e+00	-6.098463e-02	5.644615e-03
3.200000000000000e+00	-5.976887e-02	5.821016e-03
3.300000000000000e+00	-5.856856e-02	5.997444e-03
3.400000000000000e+00	-5.738296e-02	6.173898e-03
3.500000000000000e+00	-5.621136e-02	6.350378e-03
3.600000000000000e+00	-5.505315e-02	6.526880e-03
3.700000000000000e+00	-5.390770e-02	6.703407e-03
3.800000000000000e+00	-5.277447e-02	6.879955e-03
3.900000000000000e+00	-5.165293e-02	7.056523e-03
4.000000000000000e+00	-5.054258e-02	7.233112e-03
4.100000000000001e+00	-4.944296e-02	7.409720e-03
4.200000000000000e+00	-4.835363e-02	7.586346e-03
4.300000000000000e+00	-4.727418e-02	7.762989e-03
4.400000000000000e+00	-4.620423e-02	7.939651e-03
4.500000000000000e+00	-4.514341e-02	8.116327e-03
4.600000000000001e+00	-4.409137e-02	8.293021e-03
4.700000000000000e+00	-4.304778e-02	8.469728e-03
4.800000000000001e+00	-4.201235e-02	8.646451e-03
4.900000000000000e+00	-4.098476e-02	8.823187e-03
5.000000000000000e+00	-3.996475e-02	8.999937e-03
5.100000000000001e+00	-3.895205e-02	9.176700e-03
5.200000000000000e+00	-3.794641e-02	9.353476e-03
5.300000000000001e+00	-3.694759e-02	9.530264e-03
5.400000000000000e+00	-3.595535e-02	9.707063e-03
5.500000000000000e+00	-3.496950e-02	9.883874e-03
5.600000000000001e+00	-3.398981e-02	1.006070e-02
5.700000000000000e+00	-3.301609e-02	1.023753e-02
5.800000000000001e+00	-3.204815e-02	1.041437e-02
5.900000000000000e+00	-3.108581e-02	1.059122e-02
6.000000000000000e+00	-3.012889e-02	1.076809e-02
6.100000000000001e+00	-2.917724e-02	1.094496e-02
6.200000000000000e+00	-2.823070e-02	1.112184e-02
6.300000000000001e+00	-2.728910e-02	1.129873e-02
6.400000000000000e+00	-2.635231e-02	1.147563e-02
6.500000000000000e+00	-2.542019e-02	1.165254e-02
6.600000000000001e+00	-2.449260e-02	1.182945e-02
6.700000000000000e+00	-2.356942e-02	1.200637e-02
6.800000000000001e+00	-2.265052e-02	1.218330e-02
6.900000000000000e+00	-2.173577e-02	1.236024e-02
7.000000000000000e+00	-2.082508e-02	1.253719e-02
7.100000000000001e+00	-1.991832e-02	1.271414e-02
7.200000000000000e+00	-1.901540e-02	1.289110e-02
7.300000000000001e+00	-1.811620e-02	1.306807e-02
7.400000000000000e+00	-1.722063e-02	1.324504e-02
7.500000000000000e+00	-1.632859e-02	1.342202e-02
7.600000000000001e+00	-1.544000e-02	1.359900e-02
7.700000000000000e+00	-1.455476e-02	1.377599e-02
7.800000000000001e+00	-1.367279e-02	1.395299e-02
7.900000000000000e+00	-1.279400e-02	1.412999e-02
8.000000000000000e+00	-1.191832e-02	1.430700e-02
8.100000000000000e+00	-1.104567e-02	1.448401e-02
8.200000000000001e+00	-1.017597e-02	1.466103e-02
8.300000000000001e+00	-9.309145e-03	1.483805e-02
8.400000000000000e+00	-8.445132e-03	1.501508e-02
8.500000000000000e+00	-7.583860e-03	1.519211e-02
8.600000000000000e+00	-6.725264e-03	1.536915e-02
8.700000000000001e+00	-5.869279e-03	1.554620e-02
8.800000000000001e+00	-5.015843e-03	1.572324e-02
8.900000000000000e+00	-4.164896e-03	1.590030e-02
9.000000000000000e+00	-3.316379e-03	1.607735e-02
9.100000000000000e+00	-2.470235e-03	1.625441e-02
9.200000000000001e+00	-1.626410e-03	1.643148e-02
9.300000000000001e+00	-7.848503e-04	1.660854e-02
9.400000000000000e+00	5.449716e-05	1.678562e-02
9.500000000000000e+00	8.916826e-04	1.696269e-02
9.600000000000001e+00	1.726756e-03	1.713977e-02
9.700000000000001e+00	2.559764e-03	1.731686e-02
9.800000000000001e+00	3.390754e-03	1.749394e-02
9.900000000000000e+00	4.219771e-03	1.767104e-02
1.000000000000000e+01	5.046860e-03	1.784813e-02
Step Information: Vbb=4.8  (Step: 25/26)
0.000000000000000e+00	-1.180264e-01	2.107615e-04
1.000000000000000e-01	-1.148236e-01	3.836136e-04
2.000000000000000e-01	-1.118592e-01	5.568914e-04
3.000000000000000e-01	-1.090953e-01	7.305273e-04
4.000000000000000e-01	-1.065005e-01	9.044652e-04
5.000000000000000e-01	-1.040510e-01	1.078662e-03
6.000000000000001e-01	-1.017275e-01	1.253085e-03
7.000000000000001e-01	-9.951429e-02	1.427704e-03
8.000000000000000e-01	-9.739852e-02	1.602497e-03
9.000000000000000e-01	-9.536936e-02	1.777445e-03
1.000000000000000e+00	-9.341770e-02	1.952532e-03
1.100000000000000e+00	-9.153577e-02	2.127742e-03
1.200000000000000e+00	-8.971693e-02	2.303066e-03
1.300000000000000e+00	-8.795543e-02	2.478492e-03
1.400000000000000e+00	-8.624624e-02	2.654011e-03
1.500000000000000e+00	-8.458501e-02	2.829616e-03
1.600000000000000e+00	-8.296787e-02	3.005300e-03
1.700000000000000e+00	-8.139139e-02	3.181056e-03
1.800000000000000e+00	-7.985256e-02	3.356880e-03
1.900000000000000e+00	-7.834865e-02	3.532765e-03
2.000000000000000e+00	-7.687724e-02	3.708709e-03
2.100000000000000e+00	-7.543615e-02	3.884707e-03
2.200000000000000e+00	-7.402339e-02	4.060756e-03
2.300000000000000e+00	-7.263717e-02	4.236852e-03
2.400000000000000e+00	-7.127587e-02	4.412993e-03
2.500000000000000e+00	-6.993801e-02	4.589175e-03
2.600000000000000e+00	-6.862222e-02	4.765397e-03
2.700000000000000e+00	-6.732727e-02	4.941656e-03
2.800000000000000e+00	-6.605200e-02	5.117950e-03
2.900000000000000e+00	-6.479538e-02	5.294277e-03
3.000000000000000e+00	-6.355643e-02	5.470636e-03
3.100000000000000e+00	-6.233424e-02	5.647026e-03
3.200000000000000e+00	-6.112799e-02	5.823443e-03
3.300000000000000e+00	-5.993690e-02	5.999887e-03
3.400000000000000e+00	-5.876026e-02	6.176358e-03
3.500000000000000e+00	-5.759739e-02	6.352853e-03
3.600000000000000e+00	-5.644768e-02	6.529371e-03
3.700000000000000e+00	-5.531053e-02	6.705912e-03
3.800000000000000e+00	-5.418539e-02	6.882474e-03
3.900000000000000e+00	-5.307176e-02	7.059057e-03
4.000000000000000e+00	-5.196916e-02	7.235659e-03
4.100000000000001e+00	-5.087713e-02	7.412280e-03
4.200000000000000e+00	-4.979525e-02	7.588920e-03
4.300000000000000e+00	-4.872311e-02	7.765577e-03
4.400000000000000e+00	-4.766034e-02	7.942251e-03
4.500000000000000e+00	-4.660657e-02	8.118941e-03
4.600000000000001e+00	-4.556148e-02	8.295646e-03
4.700000000000000e+00	-4.452474e-02	8.472365e-03
4.800000000000001e+00	-4.349605e-02	8.649101e-03
4.900000000000000e+00	-4.247512e-02	8.825849e-03
5.000000000000000e+00	-4.146167e-02	9.002610e-03
5.100000000000001e+00	-4.045546e-02	9.179384e-03
5.200000000000000e+00	-3.945623e-02	9.356172e-03
5.300000000000001e+00	-3.846374e-02	9.532971e-03
5.400000000000000e+00	-3.747778e-02	9.709782e-03
5.500000000000000e+00	-3.649814e-02	9.886604e-03
5.600000000000001e+00	-3.552460e-02	1.006344e-02
5.700000000000000e+00	-3.455697e-02	1.024028e-02
5.800000000000001e+00	-3.359508e-02	1.041713e-02
5.900000000000000e+00	-3.263874e-02	1.059400e-02
6.000000000000000e+00	-3.168778e-02	1.077087e-02
6.100000000000001e+00	-3.074204e-02	1.094775e-02
6.200000000000000e+00	-2.980137e-02	1.112465e-02
6.300000000000001e+00	-2.886561e-02	1.130155e-02
6.400000000000000e+00	-2.793463e-02	1.147845e-02
6.500000000000000e+00	-2.700828e-02	1.165537e-02
6.600000000000001e+00	-2.608644e-02	1.183230e-02
6.700000000000000e+00	-2.516898e-02	1.200923e-02
6.800000000000001e+00	-2.425577e-02	1.218617e-02
6.900000000000000e+00	-2.334670e-02	1.236312e-02
7.000000000000000e+00	-2.244166e-02	1.254007e-02
7.100000000000001e+00	-2.154054e-02	1.271704e-02
7.200000000000000e+00	-2.064323e-02	1.289401e-02
7.300000000000001e+00	-1.974963e-02	1.307098e-02
7.400000000000000e+00	-1.885965e-02	1.324796e-02
7.500000000000000e+00	-1.797320e-02	1.342495e-02
7.600000000000001e+00	-1.709017e-02	1.360195e-02
7.700000000000000e+00	-1.621049e-02	1.377895e-02
7.800000000000001e+00	-1.533407e-02	1.395595e-02
7.900000000000000e+00	-1.446083e-02	1.413297e-02
8.000000000000000e+00	-1.359069e-02	1.430998e-02
8.100000000000000e+00	-1.272357e-02	1.448701e-02
8.200000000000001e+00	-1.185940e-02	1.466403e-02
8.300000000000001e+00	-1.099811e-02	1.484107e-02
8.400000000000000e+00	-1.013963e-02	1.501811e-02
8.500000000000000e+00	-9.283892e-03	1.519515e-02
8.600000000000000e+00	-8.430831e-03	1.537220e-02
8.700000000000001e+00	-7.580385e-03	1.554925e-02
8.800000000000001e+00	-6.732491e-03	1.572631e-02
8.900000000000000e+00	-5.887092e-03	1.590337e-02
9.000000000000000e+00	-5.044129e-03	1.608044e-02
9.100000000000000e+00	-4.203546e-03	1.625751e-02
9.200000000000001e+00	-3.365289e-03	1.643458e-02
9.300000000000001e+00	-2.529306e-03	1.661166e-02
9.400000000000000e+00	-1.695546e-03	1.678874e-02
9.500000000000000e+00	-8.639570e-04	1.696583e-02
9.600000000000001e+00	-3.449240e-05	1.714292e-02
9.700000000000001e+00	7.928954e-04	1.732001e-02
9.800000000000001e+00	1.618252e-03	1.749711e-02
9.900000000000000e+00	2.441623e-03	1.767421e-02
1.000000000000000e+01	3.263051e-03	1.785132e-02
Step Information: Vbb=5  (Step: 26/26)
0.000000000000000e+00	-1.183996e-01	2.114278e-04
1.000000000000000e-01	-1.152981e-01	3.844610e-04
2.000000000000000e-01	-1.124185e-01	5.578902e-04
3.000000000000000e-01	-1.097267e-01	7.316548e-04
4.000000000000000e-01	-1.071940e-01	9.057035e-04
5.000000000000000e-01	-1.047985e-01	1.079997e-03
6.000000000000001e-01	-1.025226e-01	1.254505e-03
7.000000000000001e-01	-1.003516e-01	1.429199e-03
8.000000000000000e-01	-9.827369e-02	1.604060e-03
9.000000000000000e-01	-9.627861e-02	1.779069e-03
1.000000000000000e+00	-9.435786e-02	1.954210e-03
1.100000000000000e+00	-9.250414e-02	2.129472e-03
1.200000000000000e+00	-9.071117e-02	2.304841e-03
1.300000000000000e+00	-8.897350e-02	2.480310e-03
1.400000000000000e+00	-8.728639e-02	2.655869e-03
1.500000000000000e+00	-8.564567e-02	2.831510e-03
1.600000000000000e+00	-8.404765e-02	3.007228e-03
1.700000000000000e+00	-8.248910e-02	3.183016e-03
1.800000000000000e+00	-8.096710e-02	3.358870e-03
1.900000000000000e+00	-7.947905e-02	3.534784e-03
2.000000000000000e+00	-7.802264e-02	3.710755e-03
2.100000000000000e+00	-7.659574e-02	3.886778e-03
2.200000000000000e+00	-7.519647e-02	4.062851e-03
2.300000000000000e+00	-7.382311e-02	4.238970e-03
2.400000000000000e+00	-7.247408e-02	4.415132e-03
2.500000000000000e+00	-7.114795e-02	4.591336e-03
2.600000000000000e+00	-6.984340e-02	4.767578e-03
2.700000000000000e+00	-6.855925e-02	4.943856e-03
2.800000000000000e+00	-6.729437e-02	5.120168e-03
2.900000000000000e+00	-6.604777e-02	5.296514e-03
3.000000000000000e+00	-6.481847e-02	5.472890e-03
3.100000000000000e+00	-6.360564e-02	5.649296e-03
3.200000000000000e+00	-6.240843e-02	5.825730e-03
3.300000000000000e+00	-6.122612e-02	6.002190e-03
3.400000000000000e+00	-6.005800e-02	6.178675e-03
3.500000000000000e+00	-5.890342e-02	6.355185e-03
3.600000000000000e+00	-5.776177e-02	6.531717e-03
3.700000000000000e+00	-5.663249e-02	6.708272e-03
3.800000000000000e+00	-5.551502e-02	6.884848e-03
3.900000000000000e+00	-5.440889e-02	7.061444e-03
4.000000000000000e+00	-5.331362e-02	7.238060e-03
4.100000000000001e+00	-5.222876e-02	7.414694e-03
4.200000000000000e+00	-5.115391e-02	7.591346e-03
4.300000000000000e+00	-5.008867e-02	7.768015e-03
4.400000000000000e+00	-4.903266e-02	7.944701e-03
4.500000000000000e+00	-4.798555e-02	8.121403e-03
4.600000000000001e+00	-4.694699e-02	8.298120e-03
4.700000000000000e+00	-4.591669e-02	8.474851e-03
4.800000000000001e+00	-4.489433e-02	8.651597e-03
4.900000000000000e+00	-4.387964e-02	8.828357e-03
5.000000000000000e+00	-4.287235e-02	9.005129e-03
5.100000000000001e+00	-4.187222e-02	9.181915e-03
5.200000000000000e+00	-4.087899e-02	9.358712e-03
5.300000000000001e+00	-3.989243e-02	9.535522e-03
5.400000000000000e+00	-3.891233e-02	9.712343e-03
5.500000000000000e+00	-3.793848e-02	9.889176e-03
5.600000000000001e+00	-3.697068e-02	1.006602e-02
5.700000000000000e+00	-3.600874e-02	1.024287e-02
5.800000000000001e+00	-3.505247e-02	1.041974e-02
5.900000000000000e+00	-3.410171e-02	1.059661e-02
6.000000000000000e+00	-3.315629e-02	1.077349e-02
6.100000000000001e+00	-3.221604e-02	1.095039e-02
6.200000000000000e+00	-3.128082e-02	1.112729e-02
6.300000000000001e+00	-3.035048e-02	1.130420e-02
6.400000000000000e+00	-2.942487e-02	1.148112e-02
6.500000000000000e+00	-2.850387e-02	1.165804e-02
6.600000000000001e+00	-2.758734e-02	1.183498e-02
6.700000000000000e+00	-2.667516e-02	1.201192e-02
6.800000000000001e+00	-2.576722e-02	1.218887e-02
6.900000000000000e+00	-2.486338e-02	1.236583e-02
7.000000000000000e+00	-2.396355e-02	1.254279e-02
7.100000000000001e+00	-2.306762e-02	1.271976e-02
7.200000000000000e+00	-2.217548e-02	1.289674e-02
7.300000000000001e+00	-2.128704e-02	1.307373e-02
7.400000000000000e+00	-2.040220e-02	1.325072e-02
7.500000000000000e+00	-1.952086e-02	1.342772e-02
7.600000000000001e+00	-1.864295e-02	1.360472e-02
7.700000000000000e+00	-1.776836e-02	1.378173e-02
7.800000000000001e+00	-1.689703e-02	1.395874e-02
7.900000000000000e+00	-1.602887e-02	1.413577e-02
8.000000000000000e+00	-1.516380e-02	1.431279e-02
8.100000000000000e+00	-1.430174e-02	1.448982e-02
8.200000000000001e+00	-1.344263e-02	1.466686e-02
8.300000000000001e+00	-1.258640e-02	1.484390e-02
8.400000000000000e+00	-1.173296e-02	1.502095e-02
8.500000000000000e+00	-1.088227e-02	1.519800e-02
8.600000000000000e+00	-1.003426e-02	1.537506e-02
8.700000000000001e+00	-9.188855e-03	1.555212e-02
8.800000000000001e+00	-8.346007e-03	1.572919e-02
8.900000000000000e+00	-7.505654e-03	1.590626e-02
9.000000000000000e+00	-6.667739e-03	1.608334e-02
9.100000000000000e+00	-5.832208e-03	1.626042e-02
9.200000000000001e+00	-4.999007e-03	1.643750e-02
9.300000000000001e+00	-4.168084e-03	1.661459e-02
9.400000000000000e+00	-3.339389e-03	1.679168e-02
9.500000000000000e+00	-2.512872e-03	1.696877e-02
9.600000000000001e+00	-1.688487e-03	1.714587e-02
9.700000000000001e+00	-8.661853e-04	1.732298e-02
9.800000000000001e+00	-4.592352e-05	1.750008e-02
9.900000000000000e+00	7.723430e-04	1.767719e-02
1.000000000000000e+01	1.588657e-03	1.785431e-02
