V1	V(vd1)	I(D1)
Step Information: Temp=20  (Step: 1/3)
-1.000000000000000e+01	-2.268741e+00	-7.731259e-03
-9.990000000000000e+00	-2.268698e+00	-7.721302e-03
-9.980000000000000e+00	-2.268656e+00	-7.711344e-03
-9.970000000000001e+00	-2.268613e+00	-7.701387e-03
-9.960000000000001e+00	-2.268571e+00	-7.691429e-03
-9.949999999999999e+00	-2.268528e+00	-7.681472e-03
-9.940000000000000e+00	-2.268485e+00	-7.671515e-03
-9.930000000000000e+00	-2.268442e+00	-7.661558e-03
-9.920000000000000e+00	-2.268399e+00	-7.651601e-03
-9.910000000000000e+00	-2.268357e+00	-7.641643e-03
-9.900000000000000e+00	-2.268314e+00	-7.631686e-03
-9.890000000000001e+00	-2.268271e+00	-7.621729e-03
-9.880000000000001e+00	-2.268228e+00	-7.611772e-03
-9.869999999999999e+00	-2.268185e+00	-7.601815e-03
-9.859999999999999e+00	-2.268142e+00	-7.591858e-03
-9.850000000000000e+00	-2.268099e+00	-7.581901e-03
-9.840000000000000e+00	-2.268056e+00	-7.571945e-03
-9.830000000000000e+00	-2.268012e+00	-7.561988e-03
-9.820000000000000e+00	-2.267969e+00	-7.552031e-03
-9.810000000000000e+00	-2.267926e+00	-7.542074e-03
-9.800000000000001e+00	-2.267883e+00	-7.532117e-03
-9.789999999999999e+00	-2.267839e+00	-7.522161e-03
-9.779999999999999e+00	-2.267796e+00	-7.512204e-03
-9.770000000000000e+00	-2.267752e+00	-7.502248e-03
-9.760000000000000e+00	-2.267709e+00	-7.492291e-03
-9.750000000000000e+00	-2.267665e+00	-7.482335e-03
-9.740000000000000e+00	-2.267622e+00	-7.472378e-03
-9.730000000000000e+00	-2.267578e+00	-7.462422e-03
-9.720000000000001e+00	-2.267534e+00	-7.452466e-03
-9.710000000000001e+00	-2.267491e+00	-7.442509e-03
-9.699999999999999e+00	-2.267447e+00	-7.432553e-03
-9.690000000000000e+00	-2.267403e+00	-7.422597e-03
-9.680000000000000e+00	-2.267359e+00	-7.412641e-03
-9.670000000000000e+00	-2.267315e+00	-7.402685e-03
-9.660000000000000e+00	-2.267271e+00	-7.392729e-03
-9.650000000000000e+00	-2.267227e+00	-7.382773e-03
-9.640000000000001e+00	-2.267183e+00	-7.372817e-03
-9.630000000000001e+00	-2.267139e+00	-7.362861e-03
-9.619999999999999e+00	-2.267095e+00	-7.352905e-03
-9.609999999999999e+00	-2.267051e+00	-7.342949e-03
-9.600000000000000e+00	-2.267007e+00	-7.332993e-03
-9.590000000000000e+00	-2.266962e+00	-7.323038e-03
-9.580000000000000e+00	-2.266918e+00	-7.313082e-03
-9.570000000000000e+00	-2.266874e+00	-7.303127e-03
-9.560000000000000e+00	-2.266829e+00	-7.293171e-03
-9.550000000000001e+00	-2.266785e+00	-7.283215e-03
-9.539999999999999e+00	-2.266740e+00	-7.273260e-03
-9.529999999999999e+00	-2.266696e+00	-7.263304e-03
-9.520000000000000e+00	-2.266651e+00	-7.253349e-03
-9.510000000000000e+00	-2.266606e+00	-7.243393e-03
-9.500000000000000e+00	-2.266562e+00	-7.233438e-03
-9.490000000000000e+00	-2.266517e+00	-7.223483e-03
-9.480000000000000e+00	-2.266472e+00	-7.213528e-03
-9.470000000000001e+00	-2.266427e+00	-7.203573e-03
-9.460000000000001e+00	-2.266382e+00	-7.193618e-03
-9.449999999999999e+00	-2.266337e+00	-7.183663e-03
-9.440000000000000e+00	-2.266293e+00	-7.173708e-03
-9.430000000000000e+00	-2.266248e+00	-7.163752e-03
-9.420000000000000e+00	-2.266202e+00	-7.153797e-03
-9.410000000000000e+00	-2.266157e+00	-7.143843e-03
-9.400000000000000e+00	-2.266112e+00	-7.133888e-03
-9.390000000000001e+00	-2.266067e+00	-7.123933e-03
-9.380000000000001e+00	-2.266021e+00	-7.113978e-03
-9.369999999999999e+00	-2.265976e+00	-7.104024e-03
-9.359999999999999e+00	-2.265931e+00	-7.094069e-03
-9.350000000000000e+00	-2.265885e+00	-7.084114e-03
-9.340000000000000e+00	-2.265840e+00	-7.074160e-03
-9.330000000000000e+00	-2.265795e+00	-7.064206e-03
-9.320000000000000e+00	-2.265749e+00	-7.054251e-03
-9.310000000000000e+00	-2.265703e+00	-7.044297e-03
-9.300000000000001e+00	-2.265657e+00	-7.034342e-03
-9.289999999999999e+00	-2.265612e+00	-7.024388e-03
-9.279999999999999e+00	-2.265566e+00	-7.014434e-03
-9.270000000000000e+00	-2.265520e+00	-7.004480e-03
-9.260000000000000e+00	-2.265474e+00	-6.994526e-03
-9.250000000000000e+00	-2.265428e+00	-6.984571e-03
-9.240000000000000e+00	-2.265382e+00	-6.974617e-03
-9.230000000000000e+00	-2.265336e+00	-6.964664e-03
-9.220000000000001e+00	-2.265290e+00	-6.954710e-03
-9.210000000000001e+00	-2.265244e+00	-6.944756e-03
-9.199999999999999e+00	-2.265198e+00	-6.934802e-03
-9.190000000000000e+00	-2.265152e+00	-6.924848e-03
-9.180000000000000e+00	-2.265105e+00	-6.914895e-03
-9.170000000000000e+00	-2.265059e+00	-6.904941e-03
-9.160000000000000e+00	-2.265013e+00	-6.894987e-03
-9.150000000000000e+00	-2.264966e+00	-6.885034e-03
-9.140000000000001e+00	-2.264920e+00	-6.875080e-03
-9.130000000000001e+00	-2.264873e+00	-6.865127e-03
-9.119999999999999e+00	-2.264827e+00	-6.855174e-03
-9.109999999999999e+00	-2.264780e+00	-6.845220e-03
-9.100000000000000e+00	-2.264733e+00	-6.835267e-03
-9.090000000000000e+00	-2.264686e+00	-6.825313e-03
-9.080000000000000e+00	-2.264640e+00	-6.815360e-03
-9.070000000000000e+00	-2.264593e+00	-6.805407e-03
-9.060000000000000e+00	-2.264546e+00	-6.795454e-03
-9.050000000000001e+00	-2.264499e+00	-6.785501e-03
-9.039999999999999e+00	-2.264452e+00	-6.775548e-03
-9.029999999999999e+00	-2.264405e+00	-6.765595e-03
-9.020000000000000e+00	-2.264358e+00	-6.755643e-03
-9.010000000000000e+00	-2.264310e+00	-6.745690e-03
-9.000000000000000e+00	-2.264263e+00	-6.735737e-03
-8.990000000000000e+00	-2.264216e+00	-6.725784e-03
-8.980000000000000e+00	-2.264169e+00	-6.715831e-03
-8.970000000000001e+00	-2.264121e+00	-6.705879e-03
-8.960000000000001e+00	-2.264074e+00	-6.695927e-03
-8.949999999999999e+00	-2.264026e+00	-6.685974e-03
-8.940000000000000e+00	-2.263978e+00	-6.676021e-03
-8.930000000000000e+00	-2.263931e+00	-6.666069e-03
-8.920000000000000e+00	-2.263883e+00	-6.656117e-03
-8.910000000000000e+00	-2.263835e+00	-6.646165e-03
-8.900000000000000e+00	-2.263788e+00	-6.636213e-03
-8.890000000000001e+00	-2.263740e+00	-6.626260e-03
-8.879999999999999e+00	-2.263692e+00	-6.616308e-03
-8.869999999999999e+00	-2.263644e+00	-6.606356e-03
-8.859999999999999e+00	-2.263596e+00	-6.596404e-03
-8.850000000000000e+00	-2.263548e+00	-6.586452e-03
-8.840000000000000e+00	-2.263499e+00	-6.576500e-03
-8.830000000000000e+00	-2.263451e+00	-6.566549e-03
-8.820000000000000e+00	-2.263403e+00	-6.556597e-03
-8.810000000000000e+00	-2.263355e+00	-6.546645e-03
-8.800000000000001e+00	-2.263306e+00	-6.536694e-03
-8.789999999999999e+00	-2.263258e+00	-6.526742e-03
-8.779999999999999e+00	-2.263209e+00	-6.516790e-03
-8.770000000000000e+00	-2.263161e+00	-6.506839e-03
-8.760000000000000e+00	-2.263112e+00	-6.496888e-03
-8.750000000000000e+00	-2.263063e+00	-6.486936e-03
-8.740000000000000e+00	-2.263015e+00	-6.476985e-03
-8.730000000000000e+00	-2.262966e+00	-6.467034e-03
-8.720000000000001e+00	-2.262917e+00	-6.457083e-03
-8.710000000000001e+00	-2.262868e+00	-6.447132e-03
-8.699999999999999e+00	-2.262819e+00	-6.437181e-03
-8.690000000000000e+00	-2.262770e+00	-6.427230e-03
-8.680000000000000e+00	-2.262721e+00	-6.417279e-03
-8.670000000000000e+00	-2.262672e+00	-6.407328e-03
-8.660000000000000e+00	-2.262623e+00	-6.397377e-03
-8.650000000000000e+00	-2.262573e+00	-6.387427e-03
-8.640000000000001e+00	-2.262524e+00	-6.377476e-03
-8.629999999999999e+00	-2.262475e+00	-6.367525e-03
-8.619999999999999e+00	-2.262425e+00	-6.357575e-03
-8.609999999999999e+00	-2.262376e+00	-6.347624e-03
-8.600000000000000e+00	-2.262326e+00	-6.337674e-03
-8.590000000000000e+00	-2.262277e+00	-6.327724e-03
-8.580000000000000e+00	-2.262227e+00	-6.317773e-03
-8.570000000000000e+00	-2.262177e+00	-6.307823e-03
-8.560000000000000e+00	-2.262127e+00	-6.297873e-03
-8.550000000000001e+00	-2.262077e+00	-6.287923e-03
-8.539999999999999e+00	-2.262028e+00	-6.277972e-03
-8.529999999999999e+00	-2.261977e+00	-6.268023e-03
-8.520000000000000e+00	-2.261927e+00	-6.258073e-03
-8.510000000000000e+00	-2.261877e+00	-6.248123e-03
-8.500000000000000e+00	-2.261827e+00	-6.238173e-03
-8.490000000000000e+00	-2.261777e+00	-6.228223e-03
-8.480000000000000e+00	-2.261726e+00	-6.218274e-03
-8.470000000000001e+00	-2.261676e+00	-6.208324e-03
-8.460000000000001e+00	-2.261626e+00	-6.198375e-03
-8.449999999999999e+00	-2.261575e+00	-6.188425e-03
-8.440000000000000e+00	-2.261524e+00	-6.178475e-03
-8.430000000000000e+00	-2.261474e+00	-6.168526e-03
-8.420000000000000e+00	-2.261423e+00	-6.158577e-03
-8.410000000000000e+00	-2.261372e+00	-6.148628e-03
-8.400000000000000e+00	-2.261321e+00	-6.138679e-03
-8.390000000000001e+00	-2.261270e+00	-6.128730e-03
-8.379999999999999e+00	-2.261220e+00	-6.118780e-03
-8.369999999999999e+00	-2.261168e+00	-6.108832e-03
-8.359999999999999e+00	-2.261117e+00	-6.098883e-03
-8.350000000000000e+00	-2.261066e+00	-6.088934e-03
-8.340000000000000e+00	-2.261015e+00	-6.078985e-03
-8.330000000000000e+00	-2.260963e+00	-6.069037e-03
-8.320000000000000e+00	-2.260912e+00	-6.059088e-03
-8.310000000000000e+00	-2.260861e+00	-6.049139e-03
-8.300000000000001e+00	-2.260809e+00	-6.039191e-03
-8.289999999999999e+00	-2.260757e+00	-6.029243e-03
-8.279999999999999e+00	-2.260706e+00	-6.019294e-03
-8.270000000000000e+00	-2.260654e+00	-6.009346e-03
-8.260000000000000e+00	-2.260602e+00	-5.999398e-03
-8.250000000000000e+00	-2.260550e+00	-5.989450e-03
-8.240000000000000e+00	-2.260499e+00	-5.979502e-03
-8.230000000000000e+00	-2.260446e+00	-5.969554e-03
-8.220000000000001e+00	-2.260394e+00	-5.959606e-03
-8.210000000000001e+00	-2.260342e+00	-5.949658e-03
-8.199999999999999e+00	-2.260290e+00	-5.939710e-03
-8.190000000000000e+00	-2.260238e+00	-5.929762e-03
-8.180000000000000e+00	-2.260185e+00	-5.919815e-03
-8.170000000000000e+00	-2.260133e+00	-5.909867e-03
-8.160000000000000e+00	-2.260080e+00	-5.899920e-03
-8.150000000000000e+00	-2.260028e+00	-5.889972e-03
-8.140000000000001e+00	-2.259975e+00	-5.880025e-03
-8.129999999999999e+00	-2.259923e+00	-5.870078e-03
-8.119999999999999e+00	-2.259870e+00	-5.860130e-03
-8.109999999999999e+00	-2.259817e+00	-5.850183e-03
-8.100000000000000e+00	-2.259764e+00	-5.840236e-03
-8.090000000000000e+00	-2.259711e+00	-5.830289e-03
-8.080000000000000e+00	-2.259658e+00	-5.820342e-03
-8.070000000000000e+00	-2.259605e+00	-5.810395e-03
-8.060000000000000e+00	-2.259551e+00	-5.800449e-03
-8.050000000000001e+00	-2.259498e+00	-5.790502e-03
-8.039999999999999e+00	-2.259445e+00	-5.780555e-03
-8.029999999999999e+00	-2.259391e+00	-5.770609e-03
-8.020000000000000e+00	-2.259338e+00	-5.760662e-03
-8.010000000000000e+00	-2.259284e+00	-5.750716e-03
-8.000000000000000e+00	-2.259230e+00	-5.740770e-03
-7.990000000000000e+00	-2.259177e+00	-5.730823e-03
-7.980000000000000e+00	-2.259123e+00	-5.720877e-03
-7.970000000000000e+00	-2.259069e+00	-5.710931e-03
-7.960000000000000e+00	-2.259015e+00	-5.700985e-03
-7.950000000000000e+00	-2.258961e+00	-5.691039e-03
-7.940000000000000e+00	-2.258907e+00	-5.681093e-03
-7.930000000000000e+00	-2.258852e+00	-5.671147e-03
-7.920000000000000e+00	-2.258798e+00	-5.661202e-03
-7.910000000000000e+00	-2.258744e+00	-5.651256e-03
-7.900000000000000e+00	-2.258689e+00	-5.641310e-03
-7.890000000000001e+00	-2.258635e+00	-5.631365e-03
-7.880000000000000e+00	-2.258580e+00	-5.621420e-03
-7.870000000000000e+00	-2.258526e+00	-5.611474e-03
-7.859999999999999e+00	-2.258471e+00	-5.601529e-03
-7.850000000000000e+00	-2.258416e+00	-5.591584e-03
-7.840000000000000e+00	-2.258361e+00	-5.581639e-03
-7.830000000000000e+00	-2.258306e+00	-5.571694e-03
-7.820000000000000e+00	-2.258251e+00	-5.561749e-03
-7.810000000000000e+00	-2.258196e+00	-5.551804e-03
-7.800000000000000e+00	-2.258141e+00	-5.541859e-03
-7.790000000000000e+00	-2.258085e+00	-5.531915e-03
-7.779999999999999e+00	-2.258030e+00	-5.521970e-03
-7.770000000000000e+00	-2.257974e+00	-5.512026e-03
-7.760000000000000e+00	-2.257919e+00	-5.502081e-03
-7.750000000000000e+00	-2.257863e+00	-5.492137e-03
-7.740000000000000e+00	-2.257807e+00	-5.482193e-03
-7.730000000000000e+00	-2.257752e+00	-5.472248e-03
-7.720000000000000e+00	-2.257696e+00	-5.462304e-03
-7.710000000000000e+00	-2.257640e+00	-5.452360e-03
-7.699999999999999e+00	-2.257584e+00	-5.442416e-03
-7.690000000000000e+00	-2.257528e+00	-5.432472e-03
-7.680000000000000e+00	-2.257472e+00	-5.422528e-03
-7.670000000000000e+00	-2.257415e+00	-5.412585e-03
-7.660000000000000e+00	-2.257359e+00	-5.402641e-03
-7.650000000000000e+00	-2.257302e+00	-5.392698e-03
-7.640000000000001e+00	-2.257246e+00	-5.382754e-03
-7.630000000000000e+00	-2.257189e+00	-5.372811e-03
-7.620000000000000e+00	-2.257132e+00	-5.362868e-03
-7.609999999999999e+00	-2.257076e+00	-5.352925e-03
-7.600000000000000e+00	-2.257019e+00	-5.342981e-03
-7.590000000000000e+00	-2.256962e+00	-5.333039e-03
-7.580000000000000e+00	-2.256905e+00	-5.323096e-03
-7.570000000000000e+00	-2.256847e+00	-5.313153e-03
-7.560000000000000e+00	-2.256790e+00	-5.303210e-03
-7.550000000000000e+00	-2.256733e+00	-5.293267e-03
-7.540000000000000e+00	-2.256675e+00	-5.283325e-03
-7.529999999999999e+00	-2.256618e+00	-5.273382e-03
-7.520000000000000e+00	-2.256560e+00	-5.263440e-03
-7.510000000000000e+00	-2.256502e+00	-5.253498e-03
-7.500000000000000e+00	-2.256445e+00	-5.243555e-03
-7.490000000000000e+00	-2.256387e+00	-5.233613e-03
-7.480000000000000e+00	-2.256329e+00	-5.223671e-03
-7.470000000000000e+00	-2.256271e+00	-5.213729e-03
-7.460000000000000e+00	-2.256212e+00	-5.203787e-03
-7.449999999999999e+00	-2.256154e+00	-5.193846e-03
-7.440000000000000e+00	-2.256096e+00	-5.183904e-03
-7.430000000000000e+00	-2.256037e+00	-5.173963e-03
-7.420000000000000e+00	-2.255979e+00	-5.164021e-03
-7.410000000000000e+00	-2.255920e+00	-5.154080e-03
-7.400000000000000e+00	-2.255862e+00	-5.144138e-03
-7.390000000000001e+00	-2.255803e+00	-5.134197e-03
-7.380000000000000e+00	-2.255744e+00	-5.124256e-03
-7.370000000000000e+00	-2.255685e+00	-5.114315e-03
-7.359999999999999e+00	-2.255626e+00	-5.104374e-03
-7.350000000000000e+00	-2.255567e+00	-5.094433e-03
-7.340000000000000e+00	-2.255507e+00	-5.084493e-03
-7.330000000000000e+00	-2.255448e+00	-5.074552e-03
-7.320000000000000e+00	-2.255388e+00	-5.064611e-03
-7.310000000000000e+00	-2.255329e+00	-5.054671e-03
-7.300000000000000e+00	-2.255269e+00	-5.044731e-03
-7.290000000000000e+00	-2.255209e+00	-5.034790e-03
-7.279999999999999e+00	-2.255150e+00	-5.024850e-03
-7.270000000000000e+00	-2.255090e+00	-5.014910e-03
-7.260000000000000e+00	-2.255030e+00	-5.004970e-03
-7.250000000000000e+00	-2.254969e+00	-4.995030e-03
-7.240000000000000e+00	-2.254909e+00	-4.985091e-03
-7.230000000000000e+00	-2.254849e+00	-4.975151e-03
-7.220000000000000e+00	-2.254788e+00	-4.965212e-03
-7.210000000000000e+00	-2.254728e+00	-4.955272e-03
-7.199999999999999e+00	-2.254667e+00	-4.945333e-03
-7.190000000000000e+00	-2.254606e+00	-4.935394e-03
-7.180000000000000e+00	-2.254545e+00	-4.925455e-03
-7.170000000000000e+00	-2.254485e+00	-4.915515e-03
-7.160000000000000e+00	-2.254423e+00	-4.905576e-03
-7.150000000000000e+00	-2.254362e+00	-4.895638e-03
-7.140000000000001e+00	-2.254301e+00	-4.885699e-03
-7.130000000000000e+00	-2.254240e+00	-4.875761e-03
-7.120000000000000e+00	-2.254178e+00	-4.865822e-03
-7.109999999999999e+00	-2.254117e+00	-4.855883e-03
-7.100000000000000e+00	-2.254055e+00	-4.845945e-03
-7.090000000000000e+00	-2.253993e+00	-4.836007e-03
-7.080000000000000e+00	-2.253931e+00	-4.826069e-03
-7.070000000000000e+00	-2.253869e+00	-4.816131e-03
-7.060000000000000e+00	-2.253807e+00	-4.806193e-03
-7.050000000000000e+00	-2.253745e+00	-4.796255e-03
-7.040000000000000e+00	-2.253683e+00	-4.786318e-03
-7.029999999999999e+00	-2.253620e+00	-4.776380e-03
-7.020000000000000e+00	-2.253557e+00	-4.766442e-03
-7.010000000000000e+00	-2.253495e+00	-4.756505e-03
-7.000000000000000e+00	-2.253432e+00	-4.746568e-03
-6.990000000000000e+00	-2.253369e+00	-4.736631e-03
-6.980000000000000e+00	-2.253306e+00	-4.726694e-03
-6.970000000000000e+00	-2.253243e+00	-4.716757e-03
-6.960000000000000e+00	-2.253180e+00	-4.706820e-03
-6.949999999999999e+00	-2.253117e+00	-4.696883e-03
-6.940000000000000e+00	-2.253053e+00	-4.686947e-03
-6.930000000000000e+00	-2.252990e+00	-4.677010e-03
-6.920000000000000e+00	-2.252926e+00	-4.667074e-03
-6.910000000000000e+00	-2.252862e+00	-4.657138e-03
-6.900000000000000e+00	-2.252798e+00	-4.647202e-03
-6.890000000000001e+00	-2.252734e+00	-4.637266e-03
-6.880000000000000e+00	-2.252670e+00	-4.627330e-03
-6.870000000000000e+00	-2.252606e+00	-4.617394e-03
-6.859999999999999e+00	-2.252542e+00	-4.607459e-03
-6.850000000000000e+00	-2.252477e+00	-4.597523e-03
-6.840000000000000e+00	-2.252413e+00	-4.587587e-03
-6.830000000000000e+00	-2.252348e+00	-4.577652e-03
-6.820000000000000e+00	-2.252283e+00	-4.567717e-03
-6.810000000000000e+00	-2.252218e+00	-4.557782e-03
-6.800000000000000e+00	-2.252153e+00	-4.547847e-03
-6.790000000000000e+00	-2.252088e+00	-4.537912e-03
-6.779999999999999e+00	-2.252023e+00	-4.527978e-03
-6.770000000000000e+00	-2.251957e+00	-4.518043e-03
-6.760000000000000e+00	-2.251892e+00	-4.508108e-03
-6.750000000000000e+00	-2.251826e+00	-4.498174e-03
-6.740000000000000e+00	-2.251760e+00	-4.488240e-03
-6.730000000000000e+00	-2.251694e+00	-4.478306e-03
-6.720000000000000e+00	-2.251628e+00	-4.468372e-03
-6.710000000000000e+00	-2.251562e+00	-4.458438e-03
-6.699999999999999e+00	-2.251496e+00	-4.448504e-03
-6.690000000000000e+00	-2.251429e+00	-4.438571e-03
-6.680000000000000e+00	-2.251363e+00	-4.428637e-03
-6.670000000000000e+00	-2.251296e+00	-4.418704e-03
-6.660000000000000e+00	-2.251229e+00	-4.408771e-03
-6.650000000000000e+00	-2.251162e+00	-4.398838e-03
-6.640000000000001e+00	-2.251095e+00	-4.388905e-03
-6.630000000000000e+00	-2.251028e+00	-4.378972e-03
-6.620000000000000e+00	-2.250961e+00	-4.369039e-03
-6.609999999999999e+00	-2.250893e+00	-4.359107e-03
-6.600000000000000e+00	-2.250826e+00	-4.349174e-03
-6.590000000000000e+00	-2.250758e+00	-4.339242e-03
-6.580000000000000e+00	-2.250690e+00	-4.329310e-03
-6.570000000000000e+00	-2.250623e+00	-4.319378e-03
-6.560000000000000e+00	-2.250554e+00	-4.309446e-03
-6.550000000000000e+00	-2.250486e+00	-4.299514e-03
-6.540000000000000e+00	-2.250418e+00	-4.289582e-03
-6.529999999999999e+00	-2.250349e+00	-4.279651e-03
-6.520000000000000e+00	-2.250281e+00	-4.269720e-03
-6.510000000000000e+00	-2.250212e+00	-4.259788e-03
-6.500000000000000e+00	-2.250143e+00	-4.249857e-03
-6.490000000000000e+00	-2.250074e+00	-4.239926e-03
-6.480000000000000e+00	-2.250005e+00	-4.229995e-03
-6.470000000000000e+00	-2.249935e+00	-4.220065e-03
-6.460000000000000e+00	-2.249866e+00	-4.210134e-03
-6.449999999999999e+00	-2.249796e+00	-4.200203e-03
-6.440000000000000e+00	-2.249727e+00	-4.190273e-03
-6.430000000000000e+00	-2.249657e+00	-4.180343e-03
-6.420000000000000e+00	-2.249587e+00	-4.170413e-03
-6.410000000000000e+00	-2.249517e+00	-4.160483e-03
-6.400000000000000e+00	-2.249446e+00	-4.150554e-03
-6.390000000000001e+00	-2.249376e+00	-4.140624e-03
-6.380000000000000e+00	-2.249305e+00	-4.130695e-03
-6.370000000000000e+00	-2.249235e+00	-4.120765e-03
-6.359999999999999e+00	-2.249164e+00	-4.110836e-03
-6.350000000000000e+00	-2.249093e+00	-4.100907e-03
-6.340000000000000e+00	-2.249022e+00	-4.090978e-03
-6.330000000000000e+00	-2.248950e+00	-4.081050e-03
-6.320000000000000e+00	-2.248879e+00	-4.071121e-03
-6.310000000000000e+00	-2.248807e+00	-4.061193e-03
-6.300000000000000e+00	-2.248735e+00	-4.051264e-03
-6.290000000000000e+00	-2.248663e+00	-4.041336e-03
-6.279999999999999e+00	-2.248591e+00	-4.031409e-03
-6.270000000000000e+00	-2.248519e+00	-4.021481e-03
-6.260000000000000e+00	-2.248447e+00	-4.011553e-03
-6.250000000000000e+00	-2.248374e+00	-4.001626e-03
-6.240000000000000e+00	-2.248302e+00	-3.991698e-03
-6.230000000000000e+00	-2.248229e+00	-3.981771e-03
-6.220000000000000e+00	-2.248156e+00	-3.971844e-03
-6.210000000000000e+00	-2.248083e+00	-3.961917e-03
-6.199999999999999e+00	-2.248009e+00	-3.951991e-03
-6.190000000000000e+00	-2.247936e+00	-3.942064e-03
-6.180000000000000e+00	-2.247862e+00	-3.932138e-03
-6.170000000000000e+00	-2.247788e+00	-3.922211e-03
-6.160000000000000e+00	-2.247715e+00	-3.912285e-03
-6.150000000000000e+00	-2.247641e+00	-3.902359e-03
-6.140000000000001e+00	-2.247566e+00	-3.892434e-03
-6.130000000000000e+00	-2.247492e+00	-3.882508e-03
-6.120000000000000e+00	-2.247417e+00	-3.872583e-03
-6.109999999999999e+00	-2.247342e+00	-3.862658e-03
-6.100000000000000e+00	-2.247267e+00	-3.852732e-03
-6.090000000000000e+00	-2.247192e+00	-3.842808e-03
-6.080000000000000e+00	-2.247117e+00	-3.832883e-03
-6.070000000000000e+00	-2.247042e+00	-3.822958e-03
-6.060000000000000e+00	-2.246966e+00	-3.813034e-03
-6.050000000000000e+00	-2.246891e+00	-3.803110e-03
-6.040000000000000e+00	-2.246814e+00	-3.793186e-03
-6.029999999999999e+00	-2.246738e+00	-3.783262e-03
-6.020000000000000e+00	-2.246662e+00	-3.773338e-03
-6.010000000000000e+00	-2.246586e+00	-3.763414e-03
-6.000000000000000e+00	-2.246509e+00	-3.753491e-03
-5.990000000000000e+00	-2.246432e+00	-3.743568e-03
-5.980000000000000e+00	-2.246355e+00	-3.733645e-03
-5.970000000000000e+00	-2.246278e+00	-3.723722e-03
-5.960000000000000e+00	-2.246201e+00	-3.713799e-03
-5.950000000000000e+00	-2.246123e+00	-3.703877e-03
-5.940000000000000e+00	-2.246046e+00	-3.693954e-03
-5.930000000000000e+00	-2.245968e+00	-3.684032e-03
-5.920000000000000e+00	-2.245890e+00	-3.674110e-03
-5.910000000000000e+00	-2.245811e+00	-3.664189e-03
-5.900000000000000e+00	-2.245733e+00	-3.654267e-03
-5.890000000000000e+00	-2.245654e+00	-3.644346e-03
-5.880000000000000e+00	-2.245576e+00	-3.634424e-03
-5.870000000000000e+00	-2.245497e+00	-3.624503e-03
-5.860000000000000e+00	-2.245418e+00	-3.614583e-03
-5.850000000000000e+00	-2.245338e+00	-3.604662e-03
-5.840000000000000e+00	-2.245259e+00	-3.594741e-03
-5.830000000000000e+00	-2.245179e+00	-3.584821e-03
-5.820000000000000e+00	-2.245099e+00	-3.574901e-03
-5.810000000000000e+00	-2.245019e+00	-3.564981e-03
-5.800000000000000e+00	-2.244939e+00	-3.555062e-03
-5.790000000000000e+00	-2.244858e+00	-3.545142e-03
-5.780000000000000e+00	-2.244777e+00	-3.535223e-03
-5.770000000000000e+00	-2.244696e+00	-3.525304e-03
-5.760000000000000e+00	-2.244615e+00	-3.515385e-03
-5.750000000000000e+00	-2.244534e+00	-3.505466e-03
-5.740000000000000e+00	-2.244452e+00	-3.495547e-03
-5.730000000000000e+00	-2.244371e+00	-3.485629e-03
-5.720000000000000e+00	-2.244289e+00	-3.475711e-03
-5.710000000000000e+00	-2.244207e+00	-3.465793e-03
-5.700000000000000e+00	-2.244124e+00	-3.455875e-03
-5.690000000000000e+00	-2.244042e+00	-3.445958e-03
-5.680000000000000e+00	-2.243959e+00	-3.436041e-03
-5.670000000000000e+00	-2.243876e+00	-3.426124e-03
-5.660000000000000e+00	-2.243793e+00	-3.416207e-03
-5.649999999999999e+00	-2.243710e+00	-3.406290e-03
-5.640000000000000e+00	-2.243626e+00	-3.396374e-03
-5.630000000000000e+00	-2.243542e+00	-3.386457e-03
-5.620000000000000e+00	-2.243459e+00	-3.376541e-03
-5.610000000000000e+00	-2.243374e+00	-3.366626e-03
-5.600000000000000e+00	-2.243290e+00	-3.356710e-03
-5.590000000000000e+00	-2.243205e+00	-3.346795e-03
-5.580000000000000e+00	-2.243120e+00	-3.336880e-03
-5.570000000000000e+00	-2.243035e+00	-3.326965e-03
-5.560000000000000e+00	-2.242950e+00	-3.317050e-03
-5.550000000000000e+00	-2.242864e+00	-3.307136e-03
-5.540000000000000e+00	-2.242779e+00	-3.297221e-03
-5.530000000000000e+00	-2.242693e+00	-3.287307e-03
-5.520000000000000e+00	-2.242606e+00	-3.277394e-03
-5.510000000000000e+00	-2.242520e+00	-3.267480e-03
-5.500000000000000e+00	-2.242433e+00	-3.257567e-03
-5.490000000000000e+00	-2.242346e+00	-3.247654e-03
-5.480000000000000e+00	-2.242259e+00	-3.237741e-03
-5.470000000000000e+00	-2.242172e+00	-3.227828e-03
-5.460000000000000e+00	-2.242084e+00	-3.217916e-03
-5.450000000000000e+00	-2.241997e+00	-3.208003e-03
-5.440000000000000e+00	-2.241908e+00	-3.198092e-03
-5.430000000000000e+00	-2.241820e+00	-3.188180e-03
-5.420000000000000e+00	-2.241731e+00	-3.178269e-03
-5.410000000000000e+00	-2.241643e+00	-3.168357e-03
-5.399999999999999e+00	-2.241554e+00	-3.158446e-03
-5.390000000000000e+00	-2.241464e+00	-3.148536e-03
-5.380000000000000e+00	-2.241375e+00	-3.138625e-03
-5.370000000000000e+00	-2.241285e+00	-3.128715e-03
-5.360000000000000e+00	-2.241195e+00	-3.118805e-03
-5.350000000000000e+00	-2.241105e+00	-3.108895e-03
-5.340000000000000e+00	-2.241014e+00	-3.098986e-03
-5.330000000000000e+00	-2.240923e+00	-3.089077e-03
-5.320000000000000e+00	-2.240832e+00	-3.079168e-03
-5.310000000000000e+00	-2.240741e+00	-3.069259e-03
-5.300000000000000e+00	-2.240649e+00	-3.059351e-03
-5.290000000000000e+00	-2.240557e+00	-3.049443e-03
-5.280000000000000e+00	-2.240465e+00	-3.039535e-03
-5.270000000000000e+00	-2.240373e+00	-3.029627e-03
-5.260000000000000e+00	-2.240280e+00	-3.019720e-03
-5.250000000000000e+00	-2.240187e+00	-3.009813e-03
-5.240000000000000e+00	-2.240094e+00	-2.999906e-03
-5.230000000000000e+00	-2.240000e+00	-2.989999e-03
-5.220000000000000e+00	-2.239907e+00	-2.980093e-03
-5.210000000000000e+00	-2.239813e+00	-2.970187e-03
-5.200000000000000e+00	-2.239718e+00	-2.960281e-03
-5.190000000000000e+00	-2.239624e+00	-2.950376e-03
-5.180000000000000e+00	-2.239529e+00	-2.940471e-03
-5.170000000000000e+00	-2.239434e+00	-2.930566e-03
-5.160000000000000e+00	-2.239338e+00	-2.920662e-03
-5.149999999999999e+00	-2.239243e+00	-2.910757e-03
-5.140000000000000e+00	-2.239147e+00	-2.900853e-03
-5.130000000000000e+00	-2.239050e+00	-2.890950e-03
-5.120000000000000e+00	-2.238954e+00	-2.881046e-03
-5.110000000000000e+00	-2.238857e+00	-2.871143e-03
-5.100000000000000e+00	-2.238760e+00	-2.861240e-03
-5.090000000000000e+00	-2.238662e+00	-2.851338e-03
-5.080000000000000e+00	-2.238564e+00	-2.841435e-03
-5.070000000000000e+00	-2.238467e+00	-2.831534e-03
-5.060000000000000e+00	-2.238368e+00	-2.821632e-03
-5.050000000000000e+00	-2.238269e+00	-2.811731e-03
-5.040000000000000e+00	-2.238170e+00	-2.801830e-03
-5.030000000000000e+00	-2.238071e+00	-2.791929e-03
-5.020000000000000e+00	-2.237971e+00	-2.782029e-03
-5.010000000000000e+00	-2.237871e+00	-2.772129e-03
-5.000000000000000e+00	-2.237771e+00	-2.762229e-03
-4.990000000000000e+00	-2.237670e+00	-2.752329e-03
-4.980000000000000e+00	-2.237570e+00	-2.742430e-03
-4.970000000000000e+00	-2.237468e+00	-2.732532e-03
-4.960000000000000e+00	-2.237367e+00	-2.722633e-03
-4.950000000000000e+00	-2.237265e+00	-2.712735e-03
-4.940000000000000e+00	-2.237163e+00	-2.702837e-03
-4.930000000000000e+00	-2.237060e+00	-2.692940e-03
-4.920000000000000e+00	-2.236957e+00	-2.683043e-03
-4.910000000000000e+00	-2.236854e+00	-2.673146e-03
-4.899999999999999e+00	-2.236750e+00	-2.663250e-03
-4.890000000000000e+00	-2.236646e+00	-2.653354e-03
-4.880000000000000e+00	-2.236542e+00	-2.643458e-03
-4.870000000000000e+00	-2.236437e+00	-2.633563e-03
-4.860000000000000e+00	-2.236332e+00	-2.623667e-03
-4.850000000000000e+00	-2.236227e+00	-2.613773e-03
-4.840000000000000e+00	-2.236121e+00	-2.603879e-03
-4.830000000000000e+00	-2.236015e+00	-2.593985e-03
-4.820000000000000e+00	-2.235909e+00	-2.584091e-03
-4.810000000000000e+00	-2.235802e+00	-2.574198e-03
-4.800000000000000e+00	-2.235695e+00	-2.564305e-03
-4.790000000000000e+00	-2.235587e+00	-2.554413e-03
-4.780000000000000e+00	-2.235479e+00	-2.544521e-03
-4.770000000000000e+00	-2.235371e+00	-2.534629e-03
-4.760000000000000e+00	-2.235262e+00	-2.524738e-03
-4.750000000000000e+00	-2.235153e+00	-2.514847e-03
-4.740000000000000e+00	-2.235044e+00	-2.504956e-03
-4.730000000000000e+00	-2.234934e+00	-2.495066e-03
-4.720000000000000e+00	-2.234824e+00	-2.485176e-03
-4.710000000000000e+00	-2.234713e+00	-2.475287e-03
-4.700000000000000e+00	-2.234602e+00	-2.465398e-03
-4.690000000000000e+00	-2.234491e+00	-2.455509e-03
-4.680000000000000e+00	-2.234379e+00	-2.445621e-03
-4.670000000000000e+00	-2.234267e+00	-2.435733e-03
-4.660000000000000e+00	-2.234154e+00	-2.425846e-03
-4.649999999999999e+00	-2.234041e+00	-2.415959e-03
-4.640000000000000e+00	-2.233928e+00	-2.406072e-03
-4.630000000000000e+00	-2.233814e+00	-2.396186e-03
-4.620000000000000e+00	-2.233699e+00	-2.386301e-03
-4.610000000000000e+00	-2.233585e+00	-2.376415e-03
-4.600000000000000e+00	-2.233469e+00	-2.366530e-03
-4.590000000000000e+00	-2.233354e+00	-2.356646e-03
-4.580000000000000e+00	-2.233238e+00	-2.346762e-03
-4.570000000000000e+00	-2.233121e+00	-2.336879e-03
-4.560000000000000e+00	-2.233004e+00	-2.326996e-03
-4.550000000000000e+00	-2.232887e+00	-2.317113e-03
-4.540000000000000e+00	-2.232769e+00	-2.307231e-03
-4.530000000000000e+00	-2.232651e+00	-2.297349e-03
-4.520000000000000e+00	-2.232532e+00	-2.287468e-03
-4.510000000000000e+00	-2.232413e+00	-2.277587e-03
-4.500000000000000e+00	-2.232293e+00	-2.267707e-03
-4.490000000000000e+00	-2.232173e+00	-2.257827e-03
-4.480000000000000e+00	-2.232052e+00	-2.247948e-03
-4.470000000000000e+00	-2.231931e+00	-2.238069e-03
-4.460000000000000e+00	-2.231809e+00	-2.228191e-03
-4.450000000000000e+00	-2.231687e+00	-2.218313e-03
-4.440000000000000e+00	-2.231565e+00	-2.208435e-03
-4.430000000000000e+00	-2.231441e+00	-2.198558e-03
-4.420000000000000e+00	-2.231318e+00	-2.188682e-03
-4.410000000000000e+00	-2.231194e+00	-2.178806e-03
-4.399999999999999e+00	-2.231069e+00	-2.168931e-03
-4.390000000000000e+00	-2.230944e+00	-2.159056e-03
-4.380000000000000e+00	-2.230818e+00	-2.149182e-03
-4.370000000000000e+00	-2.230692e+00	-2.139308e-03
-4.360000000000000e+00	-2.230566e+00	-2.129435e-03
-4.350000000000000e+00	-2.230438e+00	-2.119562e-03
-4.340000000000000e+00	-2.230310e+00	-2.109690e-03
-4.330000000000000e+00	-2.230182e+00	-2.099818e-03
-4.320000000000000e+00	-2.230053e+00	-2.089947e-03
-4.310000000000000e+00	-2.229924e+00	-2.080076e-03
-4.300000000000000e+00	-2.229794e+00	-2.070206e-03
-4.290000000000000e+00	-2.229663e+00	-2.060337e-03
-4.280000000000000e+00	-2.229532e+00	-2.050468e-03
-4.270000000000000e+00	-2.229400e+00	-2.040600e-03
-4.260000000000000e+00	-2.229268e+00	-2.030732e-03
-4.250000000000000e+00	-2.229135e+00	-2.020865e-03
-4.240000000000000e+00	-2.229001e+00	-2.010999e-03
-4.230000000000000e+00	-2.228867e+00	-2.001133e-03
-4.220000000000000e+00	-2.228733e+00	-1.991268e-03
-4.210000000000000e+00	-2.228597e+00	-1.981403e-03
-4.200000000000000e+00	-2.228461e+00	-1.971539e-03
-4.190000000000000e+00	-2.228325e+00	-1.961675e-03
-4.180000000000000e+00	-2.228188e+00	-1.951813e-03
-4.170000000000000e+00	-2.228050e+00	-1.941950e-03
-4.160000000000000e+00	-2.227911e+00	-1.932089e-03
-4.149999999999999e+00	-2.227772e+00	-1.922228e-03
-4.140000000000000e+00	-2.227632e+00	-1.912368e-03
-4.130000000000000e+00	-2.227492e+00	-1.902508e-03
-4.120000000000000e+00	-2.227351e+00	-1.892649e-03
-4.110000000000000e+00	-2.227209e+00	-1.882791e-03
-4.100000000000000e+00	-2.227067e+00	-1.872934e-03
-4.090000000000000e+00	-2.226923e+00	-1.863077e-03
-4.080000000000000e+00	-2.226779e+00	-1.853221e-03
-4.070000000000000e+00	-2.226635e+00	-1.843365e-03
-4.060000000000000e+00	-2.226490e+00	-1.833510e-03
-4.050000000000000e+00	-2.226344e+00	-1.823656e-03
-4.040000000000000e+00	-2.226197e+00	-1.813803e-03
-4.030000000000000e+00	-2.226049e+00	-1.803951e-03
-4.020000000000000e+00	-2.225901e+00	-1.794099e-03
-4.010000000000000e+00	-2.225752e+00	-1.784248e-03
-4.000000000000000e+00	-2.225603e+00	-1.774397e-03
-3.990000000000000e+00	-2.225452e+00	-1.764548e-03
-3.980000000000000e+00	-2.225301e+00	-1.754699e-03
-3.970000000000000e+00	-2.225149e+00	-1.744851e-03
-3.960000000000000e+00	-2.224996e+00	-1.735004e-03
-3.950000000000000e+00	-2.224842e+00	-1.725158e-03
-3.940000000000000e+00	-2.224688e+00	-1.715312e-03
-3.930000000000000e+00	-2.224533e+00	-1.705467e-03
-3.920000000000000e+00	-2.224377e+00	-1.695623e-03
-3.910000000000000e+00	-2.224220e+00	-1.685780e-03
-3.899999999999999e+00	-2.224062e+00	-1.675938e-03
-3.890000000000000e+00	-2.223903e+00	-1.666097e-03
-3.880000000000000e+00	-2.223744e+00	-1.656256e-03
-3.870000000000000e+00	-2.223583e+00	-1.646417e-03
-3.859999999999999e+00	-2.223422e+00	-1.636578e-03
-3.850000000000000e+00	-2.223260e+00	-1.626740e-03
-3.840000000000000e+00	-2.223097e+00	-1.616903e-03
-3.830000000000000e+00	-2.222933e+00	-1.607067e-03
-3.820000000000000e+00	-2.222768e+00	-1.597232e-03
-3.810000000000000e+00	-2.222602e+00	-1.587398e-03
-3.800000000000000e+00	-2.222435e+00	-1.577565e-03
-3.790000000000000e+00	-2.222268e+00	-1.567732e-03
-3.780000000000000e+00	-2.222099e+00	-1.557901e-03
-3.770000000000000e+00	-2.221929e+00	-1.548071e-03
-3.760000000000000e+00	-2.221758e+00	-1.538242e-03
-3.750000000000000e+00	-2.221586e+00	-1.528414e-03
-3.740000000000000e+00	-2.221414e+00	-1.518586e-03
-3.730000000000000e+00	-2.221240e+00	-1.508760e-03
-3.720000000000000e+00	-2.221065e+00	-1.498935e-03
-3.710000000000000e+00	-2.220889e+00	-1.489111e-03
-3.700000000000000e+00	-2.220712e+00	-1.479288e-03
-3.690000000000000e+00	-2.220534e+00	-1.469466e-03
-3.680000000000000e+00	-2.220355e+00	-1.459645e-03
-3.670000000000000e+00	-2.220174e+00	-1.449826e-03
-3.660000000000000e+00	-2.219993e+00	-1.440007e-03
-3.649999999999999e+00	-2.219810e+00	-1.430190e-03
-3.640000000000000e+00	-2.219626e+00	-1.420374e-03
-3.630000000000000e+00	-2.219441e+00	-1.410559e-03
-3.620000000000000e+00	-2.219255e+00	-1.400745e-03
-3.609999999999999e+00	-2.219068e+00	-1.390932e-03
-3.600000000000000e+00	-2.218879e+00	-1.381121e-03
-3.590000000000000e+00	-2.218689e+00	-1.371311e-03
-3.580000000000000e+00	-2.218498e+00	-1.361502e-03
-3.570000000000000e+00	-2.218306e+00	-1.351694e-03
-3.560000000000000e+00	-2.218112e+00	-1.341888e-03
-3.550000000000000e+00	-2.217917e+00	-1.332083e-03
-3.540000000000000e+00	-2.217721e+00	-1.322280e-03
-3.530000000000000e+00	-2.217523e+00	-1.312477e-03
-3.520000000000000e+00	-2.217324e+00	-1.302677e-03
-3.510000000000000e+00	-2.217123e+00	-1.292877e-03
-3.500000000000000e+00	-2.216921e+00	-1.283079e-03
-3.490000000000000e+00	-2.216717e+00	-1.273282e-03
-3.480000000000000e+00	-2.216513e+00	-1.263487e-03
-3.470000000000000e+00	-2.216306e+00	-1.253694e-03
-3.460000000000000e+00	-2.216098e+00	-1.243902e-03
-3.450000000000000e+00	-2.215889e+00	-1.234111e-03
-3.440000000000000e+00	-2.215678e+00	-1.224322e-03
-3.430000000000000e+00	-2.215465e+00	-1.214535e-03
-3.420000000000000e+00	-2.215251e+00	-1.204749e-03
-3.410000000000000e+00	-2.215035e+00	-1.194965e-03
-3.399999999999999e+00	-2.214818e+00	-1.185182e-03
-3.390000000000000e+00	-2.214599e+00	-1.175401e-03
-3.380000000000000e+00	-2.214378e+00	-1.165622e-03
-3.370000000000000e+00	-2.214155e+00	-1.155845e-03
-3.359999999999999e+00	-2.213931e+00	-1.146069e-03
-3.350000000000000e+00	-2.213705e+00	-1.136295e-03
-3.340000000000000e+00	-2.213477e+00	-1.126523e-03
-3.330000000000000e+00	-2.213247e+00	-1.116753e-03
-3.320000000000000e+00	-2.213015e+00	-1.106985e-03
-3.310000000000000e+00	-2.212782e+00	-1.097218e-03
-3.300000000000000e+00	-2.212546e+00	-1.087454e-03
-3.290000000000000e+00	-2.212309e+00	-1.077691e-03
-3.280000000000000e+00	-2.212069e+00	-1.067931e-03
-3.270000000000000e+00	-2.211827e+00	-1.058173e-03
-3.260000000000000e+00	-2.211583e+00	-1.048416e-03
-3.250000000000000e+00	-2.211338e+00	-1.038662e-03
-3.240000000000000e+00	-2.211090e+00	-1.028911e-03
-3.230000000000000e+00	-2.210839e+00	-1.019161e-03
-3.220000000000000e+00	-2.210587e+00	-1.009413e-03
-3.210000000000000e+00	-2.210332e+00	-9.996681e-04
-3.200000000000000e+00	-2.210075e+00	-9.899253e-04
-3.190000000000000e+00	-2.209815e+00	-9.801849e-04
-3.180000000000000e+00	-2.209553e+00	-9.704469e-04
-3.170000000000000e+00	-2.209289e+00	-9.607113e-04
-3.160000000000000e+00	-2.209022e+00	-9.509783e-04
-3.149999999999999e+00	-2.208752e+00	-9.412479e-04
-3.140000000000000e+00	-2.208480e+00	-9.315201e-04
-3.130000000000000e+00	-2.208205e+00	-9.217950e-04
-3.120000000000000e+00	-2.207927e+00	-9.120725e-04
-3.109999999999999e+00	-2.207647e+00	-9.023530e-04
-3.100000000000000e+00	-2.207364e+00	-8.926362e-04
-3.090000000000000e+00	-2.207078e+00	-8.829224e-04
-3.080000000000000e+00	-2.206789e+00	-8.732115e-04
-3.070000000000000e+00	-2.206496e+00	-8.635036e-04
-3.060000000000000e+00	-2.206201e+00	-8.537989e-04
-3.050000000000000e+00	-2.205903e+00	-8.440973e-04
-3.040000000000000e+00	-2.205601e+00	-8.343990e-04
-3.030000000000000e+00	-2.205296e+00	-8.247040e-04
-3.020000000000000e+00	-2.204988e+00	-8.150123e-04
-3.010000000000000e+00	-2.204676e+00	-8.053241e-04
-3.000000000000000e+00	-2.204360e+00	-7.956394e-04
-2.990000000000000e+00	-2.204041e+00	-7.859584e-04
-2.980000000000000e+00	-2.203719e+00	-7.762811e-04
-2.970000000000000e+00	-2.203393e+00	-7.666076e-04
-2.960000000000000e+00	-2.203062e+00	-7.569380e-04
-2.950000000000000e+00	-2.202728e+00	-7.472723e-04
-2.940000000000000e+00	-2.202389e+00	-7.376107e-04
-2.930000000000000e+00	-2.202047e+00	-7.279534e-04
-2.920000000000000e+00	-2.201700e+00	-7.183003e-04
-2.910000000000000e+00	-2.201348e+00	-7.086516e-04
-2.899999999999999e+00	-2.200993e+00	-6.990075e-04
-2.890000000000000e+00	-2.200632e+00	-6.893679e-04
-2.880000000000000e+00	-2.200267e+00	-6.797332e-04
-2.870000000000000e+00	-2.199897e+00	-6.701033e-04
-2.859999999999999e+00	-2.199522e+00	-6.604784e-04
-2.850000000000000e+00	-2.199141e+00	-6.508587e-04
-2.840000000000000e+00	-2.198756e+00	-6.412443e-04
-2.830000000000000e+00	-2.198364e+00	-6.316354e-04
-2.820000000000000e+00	-2.197968e+00	-6.220321e-04
-2.810000000000000e+00	-2.197565e+00	-6.124346e-04
-2.800000000000000e+00	-2.197157e+00	-6.028430e-04
-2.790000000000000e+00	-2.196743e+00	-5.932575e-04
-2.780000000000000e+00	-2.196321e+00	-5.836784e-04
-2.770000000000000e+00	-2.195894e+00	-5.741058e-04
-2.760000000000000e+00	-2.195460e+00	-5.645399e-04
-2.750000000000000e+00	-2.195019e+00	-5.549809e-04
-2.740000000000000e+00	-2.194571e+00	-5.454291e-04
-2.730000000000000e+00	-2.194115e+00	-5.358847e-04
-2.720000000000000e+00	-2.193652e+00	-5.263479e-04
-2.710000000000000e+00	-2.193181e+00	-5.168190e-04
-2.700000000000000e+00	-2.192702e+00	-5.072983e-04
-2.690000000000000e+00	-2.192214e+00	-4.977861e-04
-2.680000000000000e+00	-2.191717e+00	-4.882826e-04
-2.670000000000000e+00	-2.191212e+00	-4.787883e-04
-2.660000000000000e+00	-2.190697e+00	-4.693033e-04
-2.649999999999999e+00	-2.190172e+00	-4.598282e-04
-2.640000000000000e+00	-2.189637e+00	-4.503631e-04
-2.630000000000000e+00	-2.189091e+00	-4.409087e-04
-2.620000000000000e+00	-2.188535e+00	-4.314651e-04
-2.609999999999999e+00	-2.187967e+00	-4.220330e-04
-2.600000000000000e+00	-2.187387e+00	-4.126129e-04
-2.590000000000000e+00	-2.186795e+00	-4.032050e-04
-2.580000000000000e+00	-2.186190e+00	-3.938101e-04
-2.570000000000000e+00	-2.185571e+00	-3.844287e-04
-2.560000000000000e+00	-2.184939e+00	-3.750614e-04
-2.550000000000000e+00	-2.184291e+00	-3.657088e-04
-2.540000000000000e+00	-2.183628e+00	-3.563717e-04
-2.530000000000000e+00	-2.182949e+00	-3.470507e-04
-2.520000000000000e+00	-2.182253e+00	-3.377467e-04
-2.510000000000000e+00	-2.181540e+00	-3.284604e-04
-2.500000000000000e+00	-2.180807e+00	-3.191929e-04
-2.490000000000000e+00	-2.180055e+00	-3.099451e-04
-2.480000000000000e+00	-2.179282e+00	-3.007180e-04
-2.470000000000000e+00	-2.178487e+00	-2.915128e-04
-2.460000000000000e+00	-2.177669e+00	-2.823307e-04
-2.450000000000000e+00	-2.176827e+00	-2.731731e-04
-2.440000000000000e+00	-2.175959e+00	-2.640414e-04
-2.430000000000000e+00	-2.175063e+00	-2.549372e-04
-2.420000000000000e+00	-2.174138e+00	-2.458622e-04
-2.410000000000000e+00	-2.173182e+00	-2.368184e-04
-2.399999999999999e+00	-2.172192e+00	-2.278077e-04
-2.390000000000000e+00	-2.171168e+00	-2.188325e-04
-2.380000000000000e+00	-2.170105e+00	-2.098952e-04
-2.370000000000000e+00	-2.169001e+00	-2.009987e-04
-2.359999999999999e+00	-2.167854e+00	-1.921459e-04
-2.350000000000000e+00	-2.166660e+00	-1.833403e-04
-2.340000000000000e+00	-2.165414e+00	-1.745857e-04
-2.330000000000000e+00	-2.164114e+00	-1.658863e-04
-2.320000000000000e+00	-2.162753e+00	-1.572468e-04
-2.310000000000000e+00	-2.161327e+00	-1.486726e-04
-2.300000000000000e+00	-2.159830e+00	-1.401697e-04
-2.290000000000000e+00	-2.158255e+00	-1.317450e-04
-2.280000000000000e+00	-2.156594e+00	-1.234063e-04
-2.270000000000000e+00	-2.154838e+00	-1.151623e-04
-2.260000000000000e+00	-2.152977e+00	-1.070235e-04
-2.250000000000000e+00	-2.150999e+00	-9.900138e-05
-2.240000000000000e+00	-2.148890e+00	-9.110965e-05
-2.230000000000000e+00	-2.146636e+00	-8.336402e-05
-2.220000000000000e+00	-2.144217e+00	-7.578278e-05
-2.210000000000000e+00	-2.141613e+00	-6.838723e-05
-2.200000000000000e+00	-2.138798e+00	-6.120219e-05
-2.190000000000000e+00	-2.135743e+00	-5.425656e-05
-2.180000000000000e+00	-2.132416e+00	-4.758382e-05
-2.170000000000000e+00	-2.128778e+00	-4.122236e-05
-2.160000000000000e+00	-2.124784e+00	-3.521559e-05
-2.149999999999999e+00	-2.120389e+00	-2.961125e-05
-2.140000000000000e+00	-2.115540e+00	-2.445970e-05
-2.130000000000000e+00	-2.110189e+00	-1.981050e-05
-2.120000000000000e+00	-2.104293e+00	-1.570690e-05
-2.109999999999999e+00	-2.097821e+00	-1.217853e-05
-2.100000000000000e+00	-2.090766e+00	-9.233561e-06
-2.090000000000000e+00	-2.083147e+00	-6.853106e-06
-2.080000000000000e+00	-2.075009e+00	-4.990726e-06
-2.069999999999999e+00	-2.066422e+00	-3.578346e-06
-2.060000000000000e+00	-2.057463e+00	-2.536664e-06
-2.050000000000000e+00	-2.048214e+00	-1.786198e-06
-2.040000000000000e+00	-2.038744e+00	-1.255562e-06
-2.030000000000000e+00	-2.029114e+00	-8.856865e-07
-2.020000000000000e+00	-2.019369e+00	-6.305667e-07
-2.010000000000000e+00	-2.009544e+00	-4.559230e-07
-2.000000000000000e+00	-1.999663e+00	-3.370029e-07
-1.990000000000000e+00	-1.989744e+00	-2.563244e-07
-1.980000000000000e+00	-1.979798e+00	-2.017283e-07
-1.970000000000001e+00	-1.969835e+00	-1.648463e-07
-1.959999999999999e+00	-1.959860e+00	-1.399600e-07
-1.949999999999999e+00	-1.949877e+00	-1.231814e-07
-1.940000000000000e+00	-1.939888e+00	-1.118750e-07
-1.930000000000000e+00	-1.929896e+00	-1.042590e-07
-1.920000000000000e+00	-1.919901e+00	-9.912996e-08
-1.910000000000000e+00	-1.909904e+00	-9.567643e-08
-1.900000000000000e+00	-1.899907e+00	-9.335132e-08
-1.890000000000001e+00	-1.889908e+00	-9.178603e-08
-1.879999999999999e+00	-1.879909e+00	-9.073231e-08
-1.869999999999999e+00	-1.869910e+00	-9.002301e-08
-1.859999999999999e+00	-1.859910e+00	-8.954554e-08
-1.850000000000000e+00	-1.849911e+00	-8.922414e-08
-1.840000000000000e+00	-1.839911e+00	-8.900780e-08
-1.830000000000000e+00	-1.829911e+00	-8.886217e-08
-1.820000000000000e+00	-1.819911e+00	-8.876415e-08
-1.810000000000000e+00	-1.809911e+00	-8.869816e-08
-1.800000000000001e+00	-1.799911e+00	-8.865374e-08
-1.789999999999999e+00	-1.789911e+00	-8.862384e-08
-1.779999999999999e+00	-1.779911e+00	-8.860371e-08
-1.770000000000000e+00	-1.769911e+00	-8.859016e-08
-1.760000000000000e+00	-1.759911e+00	-8.858103e-08
-1.750000000000000e+00	-1.749911e+00	-8.857489e-08
-1.740000000000000e+00	-1.739911e+00	-8.857074e-08
-1.730000000000000e+00	-1.729911e+00	-8.856796e-08
-1.720000000000001e+00	-1.719911e+00	-8.856608e-08
-1.709999999999999e+00	-1.709911e+00	-8.856480e-08
-1.699999999999999e+00	-1.699911e+00	-8.856395e-08
-1.690000000000000e+00	-1.689911e+00	-8.856337e-08
-1.680000000000000e+00	-1.679911e+00	-8.856297e-08
-1.670000000000000e+00	-1.669911e+00	-8.856271e-08
-1.660000000000000e+00	-1.659911e+00	-8.856252e-08
-1.650000000000000e+00	-1.649911e+00	-8.856239e-08
-1.640000000000001e+00	-1.639911e+00	-8.856230e-08
-1.629999999999999e+00	-1.629911e+00	-8.856224e-08
-1.619999999999999e+00	-1.619911e+00	-8.856220e-08
-1.609999999999999e+00	-1.609911e+00	-8.856216e-08
-1.600000000000000e+00	-1.599911e+00	-8.856213e-08
-1.590000000000000e+00	-1.589911e+00	-8.856212e-08
-1.580000000000000e+00	-1.579911e+00	-8.856210e-08
-1.570000000000000e+00	-1.569911e+00	-8.856208e-08
-1.560000000000000e+00	-1.559911e+00	-8.856207e-08
-1.550000000000001e+00	-1.549911e+00	-8.856205e-08
-1.539999999999999e+00	-1.539911e+00	-8.856205e-08
-1.529999999999999e+00	-1.529911e+00	-8.856203e-08
-1.520000000000000e+00	-1.519911e+00	-8.856203e-08
-1.510000000000000e+00	-1.509911e+00	-8.856201e-08
-1.500000000000000e+00	-1.499911e+00	-8.856200e-08
-1.490000000000000e+00	-1.489911e+00	-8.856199e-08
-1.480000000000000e+00	-1.479911e+00	-8.856198e-08
-1.470000000000001e+00	-1.469911e+00	-8.856198e-08
-1.459999999999999e+00	-1.459911e+00	-8.856196e-08
-1.449999999999999e+00	-1.449911e+00	-8.856195e-08
-1.440000000000000e+00	-1.439911e+00	-8.856194e-08
-1.430000000000000e+00	-1.429911e+00	-8.856193e-08
-1.420000000000000e+00	-1.419911e+00	-8.856192e-08
-1.410000000000000e+00	-1.409911e+00	-8.856191e-08
-1.400000000000000e+00	-1.399911e+00	-8.856190e-08
-1.390000000000001e+00	-1.389911e+00	-8.856189e-08
-1.379999999999999e+00	-1.379911e+00	-8.856188e-08
-1.369999999999999e+00	-1.369911e+00	-8.856187e-08
-1.359999999999999e+00	-1.359911e+00	-8.856186e-08
-1.350000000000000e+00	-1.349911e+00	-8.856185e-08
-1.340000000000000e+00	-1.339911e+00	-8.856184e-08
-1.330000000000000e+00	-1.329911e+00	-8.856183e-08
-1.320000000000000e+00	-1.319911e+00	-8.856182e-08
-1.310000000000000e+00	-1.309911e+00	-8.856181e-08
-1.299999999999999e+00	-1.299911e+00	-8.856181e-08
-1.289999999999999e+00	-1.289911e+00	-8.856179e-08
-1.279999999999999e+00	-1.279911e+00	-8.856178e-08
-1.270000000000000e+00	-1.269911e+00	-8.856177e-08
-1.260000000000000e+00	-1.259911e+00	-8.856176e-08
-1.250000000000000e+00	-1.249911e+00	-8.856176e-08
-1.240000000000000e+00	-1.239911e+00	-8.856174e-08
-1.230000000000000e+00	-1.229911e+00	-8.856173e-08
-1.220000000000001e+00	-1.219911e+00	-8.856172e-08
-1.209999999999999e+00	-1.209911e+00	-8.856171e-08
-1.199999999999999e+00	-1.199911e+00	-8.856171e-08
-1.190000000000000e+00	-1.189911e+00	-8.856169e-08
-1.180000000000000e+00	-1.179911e+00	-8.856168e-08
-1.170000000000000e+00	-1.169911e+00	-8.856167e-08
-1.160000000000000e+00	-1.159911e+00	-8.856166e-08
-1.150000000000000e+00	-1.149911e+00	-8.856165e-08
-1.140000000000001e+00	-1.139911e+00	-8.856164e-08
-1.129999999999999e+00	-1.129911e+00	-8.856163e-08
-1.119999999999999e+00	-1.119911e+00	-8.856162e-08
-1.109999999999999e+00	-1.109911e+00	-8.856161e-08
-1.100000000000000e+00	-1.099911e+00	-8.856160e-08
-1.090000000000000e+00	-1.089911e+00	-8.856159e-08
-1.080000000000000e+00	-1.079911e+00	-8.856158e-08
-1.070000000000000e+00	-1.069911e+00	-8.856157e-08
-1.060000000000000e+00	-1.059911e+00	-8.856156e-08
-1.049999999999999e+00	-1.049911e+00	-8.856155e-08
-1.039999999999999e+00	-1.039911e+00	-8.856154e-08
-1.029999999999999e+00	-1.029911e+00	-8.856153e-08
-1.020000000000000e+00	-1.019911e+00	-8.856152e-08
-1.010000000000000e+00	-1.009911e+00	-8.856151e-08
-1.000000000000000e+00	-9.999114e-01	-8.856150e-08
-9.900000000000002e-01	-9.899114e-01	-8.856149e-08
-9.800000000000004e-01	-9.799114e-01	-8.856149e-08
-9.700000000000006e-01	-9.699115e-01	-8.856147e-08
-9.599999999999991e-01	-9.599115e-01	-8.856146e-08
-9.499999999999993e-01	-9.499114e-01	-8.856145e-08
-9.399999999999995e-01	-9.399114e-01	-8.856144e-08
-9.299999999999997e-01	-9.299114e-01	-8.856144e-08
-9.199999999999999e-01	-9.199114e-01	-8.856142e-08
-9.100000000000001e-01	-9.099115e-01	-8.856141e-08
-9.000000000000004e-01	-8.999115e-01	-8.856140e-08
-8.900000000000006e-01	-8.899114e-01	-8.856139e-08
-8.799999999999990e-01	-8.799114e-01	-8.856138e-08
-8.699999999999992e-01	-8.699114e-01	-8.856137e-08
-8.599999999999994e-01	-8.599114e-01	-8.856136e-08
-8.499999999999996e-01	-8.499115e-01	-8.856135e-08
-8.399999999999999e-01	-8.399115e-01	-8.856134e-08
-8.300000000000001e-01	-8.299114e-01	-8.856133e-08
-8.200000000000003e-01	-8.199114e-01	-8.856132e-08
-8.100000000000005e-01	-8.099114e-01	-8.856131e-08
-7.999999999999989e-01	-7.999114e-01	-8.856130e-08
-7.899999999999991e-01	-7.899114e-01	-8.856129e-08
-7.799999999999994e-01	-7.799115e-01	-8.856128e-08
-7.699999999999996e-01	-7.699115e-01	-8.856127e-08
-7.599999999999998e-01	-7.599114e-01	-8.856126e-08
-7.500000000000000e-01	-7.499114e-01	-8.856125e-08
-7.400000000000002e-01	-7.399114e-01	-8.856124e-08
-7.300000000000004e-01	-7.299114e-01	-8.856123e-08
-7.200000000000006e-01	-7.199115e-01	-8.856122e-08
-7.099999999999991e-01	-7.099115e-01	-8.856122e-08
-6.999999999999993e-01	-6.999114e-01	-8.856120e-08
-6.899999999999995e-01	-6.899114e-01	-8.856119e-08
-6.799999999999997e-01	-6.799114e-01	-8.856118e-08
-6.699999999999999e-01	-6.699114e-01	-8.856117e-08
-6.600000000000001e-01	-6.599115e-01	-8.856117e-08
-6.500000000000004e-01	-6.499115e-01	-8.856115e-08
-6.400000000000006e-01	-6.399114e-01	-8.856114e-08
-6.299999999999990e-01	-6.299114e-01	-8.856113e-08
-6.199999999999992e-01	-6.199114e-01	-8.856112e-08
-6.099999999999994e-01	-6.099114e-01	-8.856111e-08
-5.999999999999996e-01	-5.999115e-01	-8.856110e-08
-5.899999999999999e-01	-5.899115e-01	-8.856109e-08
-5.800000000000001e-01	-5.799114e-01	-8.856108e-08
-5.700000000000003e-01	-5.699114e-01	-8.856107e-08
-5.600000000000005e-01	-5.599114e-01	-8.856106e-08
-5.499999999999989e-01	-5.499114e-01	-8.856105e-08
-5.399999999999991e-01	-5.399114e-01	-8.856104e-08
-5.299999999999994e-01	-5.299115e-01	-8.856103e-08
-5.199999999999996e-01	-5.199115e-01	-8.856102e-08
-5.099999999999998e-01	-5.099114e-01	-8.856101e-08
-5.000000000000000e-01	-4.999114e-01	-8.856099e-08
-4.900000000000002e-01	-4.899114e-01	-8.856098e-08
-4.800000000000004e-01	-4.799114e-01	-8.856097e-08
-4.700000000000006e-01	-4.699114e-01	-8.856095e-08
-4.599999999999991e-01	-4.599114e-01	-8.856094e-08
-4.499999999999993e-01	-4.499114e-01	-8.856092e-08
-4.399999999999995e-01	-4.399114e-01	-8.856090e-08
-4.299999999999997e-01	-4.299114e-01	-8.856087e-08
-4.199999999999999e-01	-4.199114e-01	-8.856084e-08
-4.100000000000001e-01	-4.099115e-01	-8.856080e-08
-4.000000000000004e-01	-3.999114e-01	-8.856074e-08
-3.900000000000006e-01	-3.899114e-01	-8.856066e-08
-3.799999999999990e-01	-3.799115e-01	-8.856056e-08
-3.699999999999992e-01	-3.699114e-01	-8.856043e-08
-3.599999999999994e-01	-3.599114e-01	-8.856024e-08
-3.499999999999996e-01	-3.499115e-01	-8.855999e-08
-3.399999999999999e-01	-3.399114e-01	-8.855964e-08
-3.300000000000001e-01	-3.299114e-01	-8.855917e-08
-3.200000000000003e-01	-3.199115e-01	-8.855851e-08
-3.100000000000005e-01	-3.099114e-01	-8.855760e-08
-2.999999999999989e-01	-2.999114e-01	-8.855633e-08
-2.899999999999991e-01	-2.899114e-01	-8.855457e-08
-2.799999999999994e-01	-2.799115e-01	-8.855213e-08
-2.699999999999996e-01	-2.699114e-01	-8.854874e-08
-2.599999999999998e-01	-2.599114e-01	-8.854403e-08
-2.500000000000000e-01	-2.499115e-01	-8.853748e-08
-2.400000000000002e-01	-2.399115e-01	-8.852837e-08
-2.300000000000004e-01	-2.299115e-01	-8.851571e-08
-2.200000000000006e-01	-2.199115e-01	-8.849810e-08
-2.099999999999991e-01	-2.099115e-01	-8.847363e-08
-1.999999999999993e-01	-1.999116e-01	-8.843958e-08
-1.899999999999995e-01	-1.899116e-01	-8.839224e-08
-1.799999999999997e-01	-1.799117e-01	-8.832640e-08
-1.699999999999999e-01	-1.699118e-01	-8.823483e-08
-1.600000000000001e-01	-1.599119e-01	-8.810749e-08
-1.500000000000004e-01	-1.499121e-01	-8.793038e-08
-1.400000000000006e-01	-1.399123e-01	-8.768406e-08
-1.299999999999990e-01	-1.299127e-01	-8.734150e-08
-1.199999999999992e-01	-1.199131e-01	-8.686509e-08
-1.099999999999994e-01	-1.099138e-01	-8.620251e-08
-9.999999999999964e-02	-9.991472e-02	-8.528105e-08
-8.999999999999986e-02	-8.991600e-02	-8.399959e-08
-8.000000000000007e-02	-7.991778e-02	-8.221750e-08
-7.000000000000028e-02	-6.992026e-02	-7.973934e-08
-6.000000000000050e-02	-5.992371e-02	-7.629338e-08
-4.999999999999893e-02	-4.992850e-02	-7.150205e-08
-3.999999999999915e-02	-3.993516e-02	-6.484078e-08
-2.999999999999936e-02	-2.994442e-02	-5.558116e-08
-1.999999999999957e-02	-1.995729e-02	-4.271227e-08
-9.999999999999787e-03	-9.975168e-03	-2.483237e-08
0.000000000000000e+00	0.000000e+00	0.000000e+00
9.999999999999787e-03	9.965531e-03	3.446940e-08
1.999999999999957e-02	1.991772e-02	8.227965e-08
2.999999999999936e-02	2.985148e-02	1.485249e-07
4.000000000000092e-02	3.975982e-02	2.401815e-07
5.000000000000071e-02	4.963325e-02	3.667471e-07
6.000000000000050e-02	5.945895e-02	5.410471e-07
7.000000000000028e-02	6.921979e-02	7.802091e-07
8.000000000000007e-02	7.889324e-02	1.106764e-06
8.999999999999986e-02	8.845025e-02	1.549751e-06
9.999999999999964e-02	9.785441e-02	2.145598e-06
1.099999999999994e-01	1.070616e-01	2.938394e-06
1.200000000000010e-01	1.160209e-01	3.979068e-06
1.300000000000008e-01	1.246770e-01	5.323035e-06
1.400000000000006e-01	1.329738e-01	7.026150e-06
1.500000000000004e-01	1.408606e-01	9.139421e-06
1.600000000000001e-01	1.482964e-01	1.170355e-05
1.699999999999999e-01	1.552553e-01	1.474473e-05
1.799999999999997e-01	1.617272e-01	1.827280e-05
1.899999999999995e-01	1.677180e-01	2.228197e-05
2.000000000000011e-01	1.732464e-01	2.675364e-05
2.100000000000009e-01	1.783399e-01	3.166013e-05
2.200000000000006e-01	1.830315e-01	3.696850e-05
2.300000000000004e-01	1.873563e-01	4.264368e-05
2.400000000000002e-01	1.913492e-01	4.865078e-05
2.500000000000000e-01	1.950434e-01	5.495659e-05
2.599999999999998e-01	1.984696e-01	6.153040e-05
2.699999999999996e-01	2.016557e-01	6.834435e-05
2.799999999999994e-01	2.046265e-01	7.537351e-05
2.900000000000009e-01	2.074043e-01	8.259574e-05
3.000000000000007e-01	2.100085e-01	8.999149e-05
3.100000000000005e-01	2.124565e-01	9.754353e-05
3.200000000000003e-01	2.147633e-01	1.052367e-04
3.300000000000001e-01	2.169424e-01	1.130576e-04
3.399999999999999e-01	2.190055e-01	1.209945e-04
3.499999999999996e-01	2.209629e-01	1.290371e-04
3.599999999999994e-01	2.228240e-01	1.371760e-04
3.700000000000010e-01	2.245968e-01	1.454032e-04
3.800000000000008e-01	2.262885e-01	1.537115e-04
3.900000000000006e-01	2.279057e-01	1.620943e-04
4.000000000000004e-01	2.294540e-01	1.705460e-04
4.100000000000001e-01	2.309388e-01	1.790612e-04
4.199999999999999e-01	2.323646e-01	1.876354e-04
4.299999999999997e-01	2.337355e-01	1.962645e-04
4.399999999999995e-01	2.350555e-01	2.049445e-04
4.500000000000011e-01	2.363279e-01	2.136721e-04
4.600000000000009e-01	2.375558e-01	2.224442e-04
4.700000000000006e-01	2.387421e-01	2.312579e-04
4.800000000000004e-01	2.398893e-01	2.401107e-04
4.900000000000002e-01	2.409998e-01	2.490002e-04
5.000000000000000e-01	2.420758e-01	2.579242e-04
5.099999999999998e-01	2.431192e-01	2.668808e-04
5.199999999999996e-01	2.441319e-01	2.758681e-04
5.299999999999994e-01	2.451155e-01	2.848845e-04
5.400000000000009e-01	2.460717e-01	2.939283e-04
5.500000000000007e-01	2.470017e-01	3.029983e-04
5.600000000000005e-01	2.479071e-01	3.120929e-04
5.700000000000003e-01	2.487889e-01	3.212111e-04
5.800000000000001e-01	2.496484e-01	3.303516e-04
5.899999999999999e-01	2.504866e-01	3.395134e-04
5.999999999999996e-01	2.513045e-01	3.486955e-04
6.099999999999994e-01	2.521031e-01	3.578969e-04
6.200000000000010e-01	2.528832e-01	3.671168e-04
6.300000000000008e-01	2.536456e-01	3.763544e-04
6.400000000000006e-01	2.543911e-01	3.856089e-04
6.500000000000004e-01	2.551204e-01	3.948796e-04
6.600000000000001e-01	2.558341e-01	4.041659e-04
6.699999999999999e-01	2.565330e-01	4.134670e-04
6.799999999999997e-01	2.572176e-01	4.227824e-04
6.899999999999995e-01	2.578884e-01	4.321116e-04
7.000000000000011e-01	2.585460e-01	4.414540e-04
7.100000000000009e-01	2.591909e-01	4.508091e-04
7.200000000000006e-01	2.598236e-01	4.601764e-04
7.300000000000004e-01	2.604445e-01	4.695555e-04
7.400000000000002e-01	2.610540e-01	4.789460e-04
7.500000000000000e-01	2.616526e-01	4.883474e-04
7.599999999999998e-01	2.622406e-01	4.977594e-04
7.699999999999996e-01	2.628184e-01	5.071816e-04
7.799999999999994e-01	2.633863e-01	5.166137e-04
7.900000000000009e-01	2.639447e-01	5.260553e-04
8.000000000000007e-01	2.644938e-01	5.355062e-04
8.100000000000005e-01	2.650340e-01	5.449660e-04
8.200000000000003e-01	2.655656e-01	5.544344e-04
8.300000000000001e-01	2.660887e-01	5.639113e-04
8.399999999999999e-01	2.666038e-01	5.733962e-04
8.499999999999996e-01	2.671109e-01	5.828891e-04
8.599999999999994e-01	2.676105e-01	5.923895e-04
8.700000000000010e-01	2.681026e-01	6.018974e-04
8.800000000000008e-01	2.685875e-01	6.114125e-04
8.900000000000006e-01	2.690654e-01	6.209346e-04
9.000000000000004e-01	2.695366e-01	6.304634e-04
9.100000000000001e-01	2.700011e-01	6.399989e-04
9.199999999999999e-01	2.704592e-01	6.495408e-04
9.299999999999997e-01	2.709111e-01	6.590890e-04
9.399999999999995e-01	2.713568e-01	6.686432e-04
9.500000000000011e-01	2.717967e-01	6.782033e-04
9.600000000000009e-01	2.722308e-01	6.877692e-04
9.700000000000006e-01	2.726593e-01	6.973407e-04
9.800000000000004e-01	2.730823e-01	7.069177e-04
9.900000000000002e-01	2.735000e-01	7.165000e-04
1.000000000000000e+00	2.739125e-01	7.260875e-04
1.010000000000000e+00	2.743199e-01	7.356802e-04
1.020000000000000e+00	2.747223e-01	7.452777e-04
1.029999999999999e+00	2.751200e-01	7.548800e-04
1.040000000000001e+00	2.755129e-01	7.644871e-04
1.050000000000001e+00	2.759012e-01	7.740988e-04
1.060000000000000e+00	2.762851e-01	7.837150e-04
1.070000000000000e+00	2.766645e-01	7.933356e-04
1.080000000000000e+00	2.770396e-01	8.029604e-04
1.090000000000000e+00	2.774106e-01	8.125894e-04
1.100000000000000e+00	2.777774e-01	8.222226e-04
1.109999999999999e+00	2.781403e-01	8.318597e-04
1.120000000000001e+00	2.784992e-01	8.415008e-04
1.130000000000001e+00	2.788543e-01	8.511457e-04
1.140000000000001e+00	2.792056e-01	8.607944e-04
1.150000000000000e+00	2.795532e-01	8.704468e-04
1.160000000000000e+00	2.798973e-01	8.801027e-04
1.170000000000000e+00	2.802378e-01	8.897622e-04
1.180000000000000e+00	2.805749e-01	8.994251e-04
1.190000000000000e+00	2.809086e-01	9.090914e-04
1.200000000000001e+00	2.812389e-01	9.187611e-04
1.210000000000001e+00	2.815661e-01	9.284340e-04
1.220000000000001e+00	2.818900e-01	9.381100e-04
1.230000000000000e+00	2.822108e-01	9.477892e-04
1.240000000000000e+00	2.825286e-01	9.574714e-04
1.250000000000000e+00	2.828434e-01	9.671567e-04
1.260000000000000e+00	2.831551e-01	9.768448e-04
1.270000000000000e+00	2.834641e-01	9.865359e-04
1.279999999999999e+00	2.837702e-01	9.962298e-04
1.290000000000001e+00	2.840735e-01	1.005927e-03
1.300000000000001e+00	2.843740e-01	1.015626e-03
1.310000000000000e+00	2.846719e-01	1.025328e-03
1.320000000000000e+00	2.849672e-01	1.035033e-03
1.330000000000000e+00	2.852598e-01	1.044740e-03
1.340000000000000e+00	2.855500e-01	1.054450e-03
1.350000000000000e+00	2.858376e-01	1.064162e-03
1.359999999999999e+00	2.861228e-01	1.073877e-03
1.370000000000001e+00	2.864055e-01	1.083595e-03
1.380000000000001e+00	2.866859e-01	1.093314e-03
1.390000000000001e+00	2.869640e-01	1.103036e-03
1.400000000000000e+00	2.872398e-01	1.112760e-03
1.410000000000000e+00	2.875133e-01	1.122487e-03
1.420000000000000e+00	2.877846e-01	1.132215e-03
1.430000000000000e+00	2.880538e-01	1.141946e-03
1.440000000000000e+00	2.883207e-01	1.151679e-03
1.450000000000001e+00	2.885856e-01	1.161414e-03
1.460000000000001e+00	2.888484e-01	1.171152e-03
1.470000000000001e+00	2.891092e-01	1.180891e-03
1.480000000000000e+00	2.893680e-01	1.190632e-03
1.490000000000000e+00	2.896248e-01	1.200375e-03
1.500000000000000e+00	2.898796e-01	1.210120e-03
1.510000000000000e+00	2.901325e-01	1.219867e-03
1.520000000000000e+00	2.903835e-01	1.229616e-03
1.529999999999999e+00	2.906327e-01	1.239367e-03
1.540000000000001e+00	2.908801e-01	1.249120e-03
1.550000000000001e+00	2.911256e-01	1.258874e-03
1.560000000000000e+00	2.913693e-01	1.268631e-03
1.570000000000000e+00	2.916114e-01	1.278389e-03
1.580000000000000e+00	2.918517e-01	1.288148e-03
1.590000000000000e+00	2.920903e-01	1.297910e-03
1.600000000000000e+00	2.923272e-01	1.307673e-03
1.609999999999999e+00	2.925625e-01	1.317438e-03
1.620000000000001e+00	2.927961e-01	1.327204e-03
1.630000000000001e+00	2.930281e-01	1.336972e-03
1.640000000000001e+00	2.932586e-01	1.346741e-03
1.650000000000000e+00	2.934875e-01	1.356513e-03
1.660000000000000e+00	2.937149e-01	1.366285e-03
1.670000000000000e+00	2.939407e-01	1.376059e-03
1.680000000000000e+00	2.941651e-01	1.385835e-03
1.690000000000000e+00	2.943880e-01	1.395612e-03
1.700000000000001e+00	2.946094e-01	1.405391e-03
1.710000000000001e+00	2.948294e-01	1.415171e-03
1.720000000000001e+00	2.950479e-01	1.424952e-03
1.730000000000000e+00	2.952651e-01	1.434735e-03
1.740000000000000e+00	2.954809e-01	1.444519e-03
1.750000000000000e+00	2.956954e-01	1.454305e-03
1.760000000000000e+00	2.959085e-01	1.464092e-03
1.770000000000000e+00	2.961202e-01	1.473880e-03
1.779999999999999e+00	2.963307e-01	1.483669e-03
1.790000000000001e+00	2.965398e-01	1.493460e-03
1.800000000000001e+00	2.967477e-01	1.503252e-03
1.810000000000000e+00	2.969544e-01	1.513046e-03
1.820000000000000e+00	2.971598e-01	1.522840e-03
1.830000000000000e+00	2.973639e-01	1.532636e-03
1.840000000000000e+00	2.975669e-01	1.542433e-03
1.850000000000000e+00	2.977686e-01	1.552231e-03
1.859999999999999e+00	2.979692e-01	1.562031e-03
1.870000000000001e+00	2.981686e-01	1.571831e-03
1.880000000000001e+00	2.983668e-01	1.581633e-03
1.890000000000001e+00	2.985639e-01	1.591436e-03
1.900000000000000e+00	2.987599e-01	1.601240e-03
1.910000000000000e+00	2.989547e-01	1.611045e-03
1.920000000000000e+00	2.991485e-01	1.620851e-03
1.930000000000000e+00	2.993411e-01	1.630659e-03
1.940000000000000e+00	2.995327e-01	1.640467e-03
1.950000000000001e+00	2.997233e-01	1.650277e-03
1.960000000000001e+00	2.999128e-01	1.660087e-03
1.970000000000001e+00	3.001012e-01	1.669899e-03
1.980000000000000e+00	3.002886e-01	1.679711e-03
1.990000000000000e+00	3.004750e-01	1.689525e-03
2.000000000000000e+00	3.006604e-01	1.699340e-03
2.010000000000000e+00	3.008448e-01	1.709155e-03
2.020000000000000e+00	3.010282e-01	1.718972e-03
2.030000000000001e+00	3.012107e-01	1.728789e-03
2.040000000000001e+00	3.013921e-01	1.738608e-03
2.050000000000001e+00	3.015727e-01	1.748427e-03
2.060000000000000e+00	3.017523e-01	1.758248e-03
2.070000000000000e+00	3.019310e-01	1.768069e-03
2.080000000000000e+00	3.021087e-01	1.777891e-03
2.090000000000000e+00	3.022856e-01	1.787714e-03
2.100000000000000e+00	3.024615e-01	1.797538e-03
2.109999999999999e+00	3.026366e-01	1.807363e-03
2.120000000000001e+00	3.028107e-01	1.817189e-03
2.130000000000001e+00	3.029840e-01	1.827016e-03
2.140000000000001e+00	3.031565e-01	1.836844e-03
2.150000000000000e+00	3.033281e-01	1.846672e-03
2.160000000000000e+00	3.034988e-01	1.856501e-03
2.170000000000000e+00	3.036687e-01	1.866331e-03
2.180000000000000e+00	3.038378e-01	1.876162e-03
2.190000000000000e+00	3.040061e-01	1.885994e-03
2.200000000000001e+00	3.041735e-01	1.895826e-03
2.210000000000001e+00	3.043402e-01	1.905660e-03
2.220000000000001e+00	3.045061e-01	1.915494e-03
2.230000000000000e+00	3.046711e-01	1.925329e-03
2.240000000000000e+00	3.048354e-01	1.935165e-03
2.250000000000000e+00	3.049989e-01	1.945001e-03
2.260000000000000e+00	3.051617e-01	1.954838e-03
2.270000000000000e+00	3.053237e-01	1.964676e-03
2.280000000000001e+00	3.054850e-01	1.974515e-03
2.290000000000001e+00	3.056455e-01	1.984355e-03
2.300000000000001e+00	3.058053e-01	1.994195e-03
2.310000000000000e+00	3.059644e-01	2.004036e-03
2.320000000000000e+00	3.061227e-01	2.013877e-03
2.330000000000000e+00	3.062803e-01	2.023720e-03
2.340000000000000e+00	3.064372e-01	2.033563e-03
2.350000000000000e+00	3.065934e-01	2.043406e-03
2.359999999999999e+00	3.067490e-01	2.053251e-03
2.370000000000001e+00	3.069038e-01	2.063096e-03
2.380000000000001e+00	3.070580e-01	2.072942e-03
2.390000000000001e+00	3.072115e-01	2.082789e-03
2.400000000000000e+00	3.073643e-01	2.092636e-03
2.410000000000000e+00	3.075165e-01	2.102484e-03
2.420000000000000e+00	3.076680e-01	2.112332e-03
2.430000000000000e+00	3.078189e-01	2.122181e-03
2.440000000000000e+00	3.079691e-01	2.132031e-03
2.450000000000001e+00	3.081186e-01	2.141881e-03
2.460000000000001e+00	3.082676e-01	2.151732e-03
2.470000000000001e+00	3.084159e-01	2.161584e-03
2.480000000000000e+00	3.085636e-01	2.171436e-03
2.490000000000000e+00	3.087107e-01	2.181289e-03
2.500000000000000e+00	3.088572e-01	2.191143e-03
2.510000000000000e+00	3.090031e-01	2.200997e-03
2.520000000000000e+00	3.091483e-01	2.210852e-03
2.530000000000001e+00	3.092930e-01	2.220707e-03
2.540000000000001e+00	3.094371e-01	2.230563e-03
2.550000000000001e+00	3.095806e-01	2.240419e-03
2.560000000000000e+00	3.097236e-01	2.250277e-03
2.570000000000000e+00	3.098659e-01	2.260134e-03
2.580000000000000e+00	3.100077e-01	2.269992e-03
2.590000000000000e+00	3.101489e-01	2.279851e-03
2.600000000000000e+00	3.102896e-01	2.289710e-03
2.609999999999999e+00	3.104297e-01	2.299570e-03
2.620000000000001e+00	3.105693e-01	2.309431e-03
2.630000000000001e+00	3.107083e-01	2.319292e-03
2.640000000000001e+00	3.108467e-01	2.329153e-03
2.650000000000000e+00	3.109847e-01	2.339015e-03
2.660000000000000e+00	3.111221e-01	2.348878e-03
2.670000000000000e+00	3.112590e-01	2.358741e-03
2.680000000000000e+00	3.113953e-01	2.368605e-03
2.690000000000000e+00	3.115312e-01	2.378469e-03
2.700000000000001e+00	3.116665e-01	2.388333e-03
2.710000000000001e+00	3.118013e-01	2.398199e-03
2.720000000000001e+00	3.119356e-01	2.408064e-03
2.730000000000000e+00	3.120694e-01	2.417931e-03
2.740000000000000e+00	3.122028e-01	2.427797e-03
2.750000000000000e+00	3.123356e-01	2.437664e-03
2.760000000000000e+00	3.124679e-01	2.447532e-03
2.770000000000000e+00	3.125997e-01	2.457400e-03
2.780000000000001e+00	3.127311e-01	2.467269e-03
2.790000000000001e+00	3.128620e-01	2.477138e-03
2.800000000000001e+00	3.129924e-01	2.487008e-03
2.810000000000000e+00	3.131223e-01	2.496878e-03
2.820000000000000e+00	3.132518e-01	2.506748e-03
2.830000000000000e+00	3.133808e-01	2.516619e-03
2.840000000000000e+00	3.135093e-01	2.526491e-03
2.850000000000000e+00	3.136374e-01	2.536363e-03
2.859999999999999e+00	3.137650e-01	2.546235e-03
2.870000000000001e+00	3.138922e-01	2.556108e-03
2.880000000000001e+00	3.140190e-01	2.565981e-03
2.890000000000001e+00	3.141453e-01	2.575855e-03
2.900000000000000e+00	3.142711e-01	2.585729e-03
2.910000000000000e+00	3.143965e-01	2.595603e-03
2.920000000000000e+00	3.145215e-01	2.605479e-03
2.930000000000000e+00	3.146461e-01	2.615354e-03
2.940000000000000e+00	3.147702e-01	2.625230e-03
2.950000000000001e+00	3.148939e-01	2.635106e-03
2.960000000000001e+00	3.150172e-01	2.644983e-03
2.970000000000001e+00	3.151400e-01	2.654860e-03
2.980000000000000e+00	3.152625e-01	2.664737e-03
2.990000000000000e+00	3.153845e-01	2.674615e-03
3.000000000000000e+00	3.155062e-01	2.684494e-03
3.010000000000000e+00	3.156274e-01	2.694373e-03
3.020000000000000e+00	3.157482e-01	2.704252e-03
3.030000000000001e+00	3.158686e-01	2.714131e-03
3.040000000000001e+00	3.159887e-01	2.724011e-03
3.050000000000001e+00	3.161083e-01	2.733892e-03
3.060000000000000e+00	3.162275e-01	2.743772e-03
3.070000000000000e+00	3.163464e-01	2.753654e-03
3.080000000000000e+00	3.164648e-01	2.763535e-03
3.090000000000000e+00	3.165829e-01	2.773417e-03
3.100000000000000e+00	3.167006e-01	2.783299e-03
3.109999999999999e+00	3.168179e-01	2.793182e-03
3.120000000000001e+00	3.169349e-01	2.803065e-03
3.130000000000001e+00	3.170515e-01	2.812949e-03
3.140000000000001e+00	3.171677e-01	2.822832e-03
3.150000000000000e+00	3.172835e-01	2.832717e-03
3.160000000000000e+00	3.173990e-01	2.842601e-03
3.170000000000000e+00	3.175141e-01	2.852486e-03
3.180000000000000e+00	3.176289e-01	2.862371e-03
3.190000000000000e+00	3.177433e-01	2.872257e-03
3.200000000000001e+00	3.178573e-01	2.882143e-03
3.210000000000001e+00	3.179710e-01	2.892029e-03
3.220000000000001e+00	3.180843e-01	2.901916e-03
3.230000000000000e+00	3.181973e-01	2.911803e-03
3.240000000000000e+00	3.183100e-01	2.921690e-03
3.250000000000000e+00	3.184223e-01	2.931578e-03
3.260000000000000e+00	3.185342e-01	2.941466e-03
3.270000000000000e+00	3.186459e-01	2.951354e-03
3.280000000000001e+00	3.187571e-01	2.961243e-03
3.290000000000001e+00	3.188681e-01	2.971132e-03
3.300000000000001e+00	3.189787e-01	2.981021e-03
3.310000000000000e+00	3.190890e-01	2.990911e-03
3.320000000000000e+00	3.191990e-01	3.000801e-03
3.330000000000000e+00	3.193086e-01	3.010691e-03
3.340000000000000e+00	3.194179e-01	3.020582e-03
3.350000000000000e+00	3.195269e-01	3.030473e-03
3.359999999999999e+00	3.196356e-01	3.040364e-03
3.370000000000001e+00	3.197439e-01	3.050256e-03
3.380000000000001e+00	3.198520e-01	3.060148e-03
3.390000000000001e+00	3.199597e-01	3.070040e-03
3.400000000000000e+00	3.200671e-01	3.079933e-03
3.410000000000000e+00	3.201742e-01	3.089826e-03
3.420000000000000e+00	3.202810e-01	3.099719e-03
3.430000000000000e+00	3.203875e-01	3.109613e-03
3.440000000000000e+00	3.204937e-01	3.119506e-03
3.450000000000001e+00	3.205996e-01	3.129401e-03
3.460000000000001e+00	3.207051e-01	3.139295e-03
3.470000000000001e+00	3.208104e-01	3.149190e-03
3.480000000000000e+00	3.209154e-01	3.159085e-03
3.490000000000000e+00	3.210201e-01	3.168980e-03
3.500000000000000e+00	3.211245e-01	3.178875e-03
3.510000000000000e+00	3.212287e-01	3.188771e-03
3.520000000000000e+00	3.213325e-01	3.198667e-03
3.530000000000001e+00	3.214360e-01	3.208564e-03
3.540000000000001e+00	3.215393e-01	3.218461e-03
3.550000000000001e+00	3.216422e-01	3.228358e-03
3.560000000000000e+00	3.217449e-01	3.238255e-03
3.570000000000000e+00	3.218473e-01	3.248153e-03
3.580000000000000e+00	3.219495e-01	3.258051e-03
3.590000000000000e+00	3.220513e-01	3.267949e-03
3.600000000000000e+00	3.221529e-01	3.277847e-03
3.609999999999999e+00	3.222542e-01	3.287746e-03
3.620000000000001e+00	3.223552e-01	3.297645e-03
3.630000000000001e+00	3.224560e-01	3.307544e-03
3.640000000000001e+00	3.225565e-01	3.317443e-03
3.650000000000000e+00	3.226567e-01	3.327343e-03
3.660000000000000e+00	3.227566e-01	3.337243e-03
3.670000000000000e+00	3.228564e-01	3.347144e-03
3.680000000000000e+00	3.229558e-01	3.357044e-03
3.690000000000000e+00	3.230550e-01	3.366945e-03
3.700000000000001e+00	3.231539e-01	3.376846e-03
3.710000000000001e+00	3.232525e-01	3.386748e-03
3.720000000000001e+00	3.233509e-01	3.396649e-03
3.730000000000000e+00	3.234491e-01	3.406551e-03
3.740000000000000e+00	3.235469e-01	3.416453e-03
3.750000000000000e+00	3.236446e-01	3.426355e-03
3.760000000000000e+00	3.237420e-01	3.436258e-03
3.770000000000000e+00	3.238391e-01	3.446161e-03
3.780000000000001e+00	3.239360e-01	3.456064e-03
3.790000000000001e+00	3.240326e-01	3.465967e-03
3.800000000000001e+00	3.241290e-01	3.475871e-03
3.810000000000000e+00	3.242252e-01	3.485775e-03
3.820000000000000e+00	3.243211e-01	3.495679e-03
3.830000000000000e+00	3.244168e-01	3.505583e-03
3.840000000000000e+00	3.245122e-01	3.515488e-03
3.850000000000000e+00	3.246074e-01	3.525393e-03
3.859999999999999e+00	3.247024e-01	3.535298e-03
3.870000000000001e+00	3.247971e-01	3.545203e-03
3.880000000000001e+00	3.248916e-01	3.555109e-03
3.890000000000001e+00	3.249858e-01	3.565014e-03
3.900000000000000e+00	3.250798e-01	3.574920e-03
3.910000000000000e+00	3.251736e-01	3.584826e-03
3.920000000000000e+00	3.252672e-01	3.594733e-03
3.930000000000000e+00	3.253605e-01	3.604640e-03
3.940000000000000e+00	3.254536e-01	3.614546e-03
3.950000000000001e+00	3.255465e-01	3.624453e-03
3.960000000000001e+00	3.256392e-01	3.634361e-03
3.970000000000001e+00	3.257316e-01	3.644268e-03
3.980000000000000e+00	3.258238e-01	3.654176e-03
3.990000000000000e+00	3.259158e-01	3.664084e-03
4.000000000000000e+00	3.260075e-01	3.673992e-03
4.010000000000000e+00	3.260991e-01	3.683901e-03
4.020000000000000e+00	3.261904e-01	3.693809e-03
4.030000000000001e+00	3.262815e-01	3.703719e-03
4.040000000000001e+00	3.263724e-01	3.713628e-03
4.050000000000001e+00	3.264631e-01	3.723537e-03
4.060000000000000e+00	3.265536e-01	3.733446e-03
4.070000000000000e+00	3.266439e-01	3.743356e-03
4.080000000000000e+00	3.267339e-01	3.753266e-03
4.090000000000000e+00	3.268238e-01	3.763176e-03
4.100000000000000e+00	3.269134e-01	3.773086e-03
4.109999999999999e+00	3.270029e-01	3.782997e-03
4.120000000000001e+00	3.270921e-01	3.792908e-03
4.130000000000001e+00	3.271811e-01	3.802819e-03
4.140000000000001e+00	3.272699e-01	3.812730e-03
4.150000000000000e+00	3.273585e-01	3.822641e-03
4.160000000000000e+00	3.274469e-01	3.832553e-03
4.170000000000000e+00	3.275351e-01	3.842465e-03
4.180000000000000e+00	3.276231e-01	3.852377e-03
4.190000000000000e+00	3.277109e-01	3.862289e-03
4.200000000000001e+00	3.277985e-01	3.872202e-03
4.210000000000001e+00	3.278860e-01	3.882114e-03
4.220000000000001e+00	3.279732e-01	3.892027e-03
4.230000000000000e+00	3.280602e-01	3.901940e-03
4.240000000000000e+00	3.281470e-01	3.911853e-03
4.250000000000000e+00	3.282337e-01	3.921766e-03
4.260000000000000e+00	3.283201e-01	3.931680e-03
4.270000000000000e+00	3.284064e-01	3.941594e-03
4.280000000000001e+00	3.284924e-01	3.951508e-03
4.290000000000001e+00	3.285783e-01	3.961422e-03
4.300000000000001e+00	3.286640e-01	3.971336e-03
4.310000000000000e+00	3.287495e-01	3.981250e-03
4.320000000000000e+00	3.288348e-01	3.991165e-03
4.330000000000000e+00	3.289199e-01	4.001080e-03
4.340000000000000e+00	3.290049e-01	4.010995e-03
4.350000000000000e+00	3.290896e-01	4.020910e-03
4.359999999999999e+00	3.291742e-01	4.030826e-03
4.370000000000001e+00	3.292586e-01	4.040741e-03
4.380000000000001e+00	3.293428e-01	4.050657e-03
4.390000000000001e+00	3.294268e-01	4.060573e-03
4.400000000000000e+00	3.295107e-01	4.070489e-03
4.410000000000000e+00	3.295944e-01	4.080405e-03
4.420000000000000e+00	3.296779e-01	4.090322e-03
4.430000000000000e+00	3.297612e-01	4.100239e-03
4.440000000000000e+00	3.298443e-01	4.110156e-03
4.450000000000001e+00	3.299273e-01	4.120073e-03
4.460000000000001e+00	3.300101e-01	4.129990e-03
4.470000000000001e+00	3.300927e-01	4.139907e-03
4.480000000000000e+00	3.301752e-01	4.149825e-03
4.490000000000000e+00	3.302574e-01	4.159743e-03
4.500000000000000e+00	3.303396e-01	4.169661e-03
4.510000000000000e+00	3.304215e-01	4.179579e-03
4.520000000000000e+00	3.305033e-01	4.189497e-03
4.530000000000001e+00	3.305849e-01	4.199415e-03
4.540000000000001e+00	3.306663e-01	4.209334e-03
4.550000000000001e+00	3.307475e-01	4.219253e-03
4.560000000000000e+00	3.308286e-01	4.229171e-03
4.570000000000000e+00	3.309096e-01	4.239090e-03
4.580000000000000e+00	3.309903e-01	4.249010e-03
4.590000000000000e+00	3.310710e-01	4.258929e-03
4.600000000000000e+00	3.311514e-01	4.268849e-03
4.609999999999999e+00	3.312317e-01	4.278768e-03
4.620000000000001e+00	3.313118e-01	4.288688e-03
4.630000000000001e+00	3.313918e-01	4.298608e-03
4.640000000000001e+00	3.314715e-01	4.308528e-03
4.650000000000000e+00	3.315512e-01	4.318449e-03
4.660000000000000e+00	3.316306e-01	4.328369e-03
4.670000000000000e+00	3.317100e-01	4.338290e-03
4.680000000000000e+00	3.317891e-01	4.348211e-03
4.690000000000000e+00	3.318681e-01	4.358132e-03
4.700000000000001e+00	3.319470e-01	4.368053e-03
4.710000000000001e+00	3.320257e-01	4.377974e-03
4.720000000000001e+00	3.321042e-01	4.387896e-03
4.730000000000000e+00	3.321826e-01	4.397817e-03
4.740000000000000e+00	3.322608e-01	4.407739e-03
4.750000000000000e+00	3.323389e-01	4.417661e-03
4.760000000000000e+00	3.324169e-01	4.427583e-03
4.770000000000000e+00	3.324946e-01	4.437505e-03
4.780000000000001e+00	3.325723e-01	4.447428e-03
4.790000000000001e+00	3.326497e-01	4.457350e-03
4.800000000000001e+00	3.327271e-01	4.467273e-03
4.810000000000000e+00	3.328043e-01	4.477196e-03
4.820000000000000e+00	3.328813e-01	4.487119e-03
4.830000000000000e+00	3.329582e-01	4.497042e-03
4.840000000000000e+00	3.330349e-01	4.506965e-03
4.850000000000000e+00	3.331115e-01	4.516888e-03
4.859999999999999e+00	3.331880e-01	4.526812e-03
4.870000000000001e+00	3.332643e-01	4.536736e-03
4.880000000000001e+00	3.333404e-01	4.546660e-03
4.890000000000001e+00	3.334164e-01	4.556584e-03
4.900000000000000e+00	3.334923e-01	4.566508e-03
4.910000000000000e+00	3.335680e-01	4.576432e-03
4.920000000000000e+00	3.336436e-01	4.586356e-03
4.930000000000000e+00	3.337191e-01	4.596281e-03
4.940000000000000e+00	3.337944e-01	4.606206e-03
4.950000000000001e+00	3.338696e-01	4.616131e-03
4.960000000000001e+00	3.339446e-01	4.626055e-03
4.970000000000001e+00	3.340195e-01	4.635980e-03
4.980000000000000e+00	3.340943e-01	4.645906e-03
4.990000000000000e+00	3.341689e-01	4.655831e-03
5.000000000000000e+00	3.342434e-01	4.665757e-03
5.010000000000000e+00	3.343177e-01	4.675682e-03
5.020000000000000e+00	3.343919e-01	4.685608e-03
5.030000000000001e+00	3.344660e-01	4.695534e-03
5.040000000000001e+00	3.345399e-01	4.705460e-03
5.050000000000001e+00	3.346137e-01	4.715386e-03
5.060000000000000e+00	3.346874e-01	4.725313e-03
5.070000000000000e+00	3.347609e-01	4.735239e-03
5.080000000000000e+00	3.348343e-01	4.745166e-03
5.090000000000000e+00	3.349076e-01	4.755092e-03
5.100000000000000e+00	3.349808e-01	4.765019e-03
5.109999999999999e+00	3.350538e-01	4.774946e-03
5.120000000000001e+00	3.351266e-01	4.784873e-03
5.130000000000001e+00	3.351994e-01	4.794801e-03
5.140000000000001e+00	3.352720e-01	4.804728e-03
5.150000000000000e+00	3.353445e-01	4.814656e-03
5.160000000000000e+00	3.354169e-01	4.824583e-03
5.170000000000000e+00	3.354891e-01	4.834511e-03
5.180000000000000e+00	3.355612e-01	4.844439e-03
5.190000000000000e+00	3.356332e-01	4.854367e-03
5.200000000000001e+00	3.357051e-01	4.864295e-03
5.210000000000001e+00	3.357768e-01	4.874223e-03
5.220000000000001e+00	3.358485e-01	4.884152e-03
5.230000000000000e+00	3.359199e-01	4.894080e-03
5.240000000000000e+00	3.359913e-01	4.904008e-03
5.250000000000000e+00	3.360626e-01	4.913937e-03
5.260000000000000e+00	3.361337e-01	4.923866e-03
5.270000000000000e+00	3.362046e-01	4.933795e-03
5.280000000000001e+00	3.362755e-01	4.943724e-03
5.290000000000001e+00	3.363463e-01	4.953654e-03
5.300000000000001e+00	3.364169e-01	4.963583e-03
5.310000000000000e+00	3.364874e-01	4.973513e-03
5.320000000000000e+00	3.365578e-01	4.983442e-03
5.330000000000000e+00	3.366281e-01	4.993372e-03
5.340000000000000e+00	3.366982e-01	5.003302e-03
5.350000000000000e+00	3.367683e-01	5.013232e-03
5.359999999999999e+00	3.368382e-01	5.023162e-03
5.370000000000001e+00	3.369080e-01	5.033092e-03
5.380000000000001e+00	3.369777e-01	5.043022e-03
5.390000000000001e+00	3.370472e-01	5.052953e-03
5.400000000000000e+00	3.371167e-01	5.062883e-03
5.410000000000000e+00	3.371860e-01	5.072814e-03
5.420000000000000e+00	3.372552e-01	5.082745e-03
5.430000000000000e+00	3.373243e-01	5.092676e-03
5.440000000000000e+00	3.373933e-01	5.102606e-03
5.450000000000001e+00	3.374622e-01	5.112538e-03
5.460000000000001e+00	3.375309e-01	5.122469e-03
5.470000000000001e+00	3.375996e-01	5.132400e-03
5.480000000000000e+00	3.376681e-01	5.142332e-03
5.490000000000000e+00	3.377365e-01	5.152264e-03
5.500000000000000e+00	3.378049e-01	5.162195e-03
5.510000000000000e+00	3.378730e-01	5.172127e-03
5.520000000000000e+00	3.379411e-01	5.182059e-03
5.530000000000001e+00	3.380091e-01	5.191991e-03
5.540000000000001e+00	3.380770e-01	5.201923e-03
5.550000000000001e+00	3.381447e-01	5.211855e-03
5.560000000000000e+00	3.382124e-01	5.221788e-03
5.570000000000000e+00	3.382799e-01	5.231720e-03
5.580000000000000e+00	3.383473e-01	5.241652e-03
5.590000000000000e+00	3.384147e-01	5.251586e-03
5.600000000000000e+00	3.384819e-01	5.261518e-03
5.610000000000001e+00	3.385490e-01	5.271451e-03
5.620000000000001e+00	3.386160e-01	5.281384e-03
5.630000000000001e+00	3.386829e-01	5.291317e-03
5.640000000000001e+00	3.387496e-01	5.301250e-03
5.650000000000000e+00	3.388163e-01	5.311184e-03
5.660000000000000e+00	3.388829e-01	5.321117e-03
5.670000000000000e+00	3.389494e-01	5.331051e-03
5.680000000000000e+00	3.390158e-01	5.340984e-03
5.690000000000000e+00	3.390820e-01	5.350918e-03
5.700000000000001e+00	3.391482e-01	5.360852e-03
5.710000000000001e+00	3.392142e-01	5.370786e-03
5.720000000000001e+00	3.392802e-01	5.380720e-03
5.730000000000000e+00	3.393460e-01	5.390654e-03
5.740000000000000e+00	3.394118e-01	5.400588e-03
5.750000000000000e+00	3.394774e-01	5.410523e-03
5.760000000000000e+00	3.395430e-01	5.420457e-03
5.770000000000000e+00	3.396084e-01	5.430392e-03
5.780000000000001e+00	3.396738e-01	5.440326e-03
5.790000000000001e+00	3.397390e-01	5.450261e-03
5.800000000000001e+00	3.398041e-01	5.460196e-03
5.810000000000000e+00	3.398692e-01	5.470131e-03
5.820000000000000e+00	3.399341e-01	5.480066e-03
5.830000000000000e+00	3.399990e-01	5.490001e-03
5.840000000000000e+00	3.400637e-01	5.499936e-03
5.850000000000000e+00	3.401283e-01	5.509872e-03
5.860000000000001e+00	3.401929e-01	5.519807e-03
5.870000000000001e+00	3.402573e-01	5.529743e-03
5.880000000000001e+00	3.403217e-01	5.539679e-03
5.890000000000001e+00	3.403859e-01	5.549614e-03
5.900000000000000e+00	3.404501e-01	5.559550e-03
5.910000000000000e+00	3.405142e-01	5.569486e-03
5.920000000000000e+00	3.405781e-01	5.579422e-03
5.930000000000000e+00	3.406420e-01	5.589358e-03
5.940000000000000e+00	3.407058e-01	5.599294e-03
5.950000000000001e+00	3.407695e-01	5.609231e-03
5.960000000000001e+00	3.408331e-01	5.619167e-03
5.970000000000001e+00	3.408965e-01	5.629104e-03
5.980000000000000e+00	3.409600e-01	5.639040e-03
5.990000000000000e+00	3.410233e-01	5.648977e-03
6.000000000000000e+00	3.410865e-01	5.658913e-03
6.010000000000002e+00	3.411496e-01	5.668851e-03
6.020000000000000e+00	3.412126e-01	5.678787e-03
6.030000000000001e+00	3.412755e-01	5.688725e-03
6.039999999999999e+00	3.413384e-01	5.698662e-03
6.050000000000001e+00	3.414012e-01	5.708599e-03
6.059999999999999e+00	3.414638e-01	5.718536e-03
6.070000000000000e+00	3.415264e-01	5.728473e-03
6.080000000000002e+00	3.415889e-01	5.738411e-03
6.090000000000000e+00	3.416512e-01	5.748349e-03
6.100000000000001e+00	3.417135e-01	5.758286e-03
6.109999999999999e+00	3.417757e-01	5.768224e-03
6.120000000000001e+00	3.418379e-01	5.778162e-03
6.129999999999999e+00	3.418999e-01	5.788100e-03
6.140000000000001e+00	3.419618e-01	5.798038e-03
6.149999999999999e+00	3.420237e-01	5.807976e-03
6.160000000000000e+00	3.420855e-01	5.817914e-03
6.170000000000002e+00	3.421471e-01	5.827853e-03
6.180000000000000e+00	3.422087e-01	5.837791e-03
6.190000000000001e+00	3.422702e-01	5.847730e-03
6.199999999999999e+00	3.423316e-01	5.857668e-03
6.210000000000001e+00	3.423930e-01	5.867607e-03
6.219999999999999e+00	3.424542e-01	5.877546e-03
6.230000000000000e+00	3.425154e-01	5.887485e-03
6.240000000000002e+00	3.425764e-01	5.897424e-03
6.250000000000000e+00	3.426374e-01	5.907363e-03
6.260000000000002e+00	3.426983e-01	5.917302e-03
6.270000000000000e+00	3.427591e-01	5.927241e-03
6.280000000000001e+00	3.428199e-01	5.937180e-03
6.289999999999999e+00	3.428805e-01	5.947120e-03
6.300000000000001e+00	3.429411e-01	5.957059e-03
6.309999999999999e+00	3.430015e-01	5.966999e-03
6.320000000000000e+00	3.430619e-01	5.976938e-03
6.330000000000002e+00	3.431222e-01	5.986878e-03
6.340000000000000e+00	3.431825e-01	5.996818e-03
6.350000000000001e+00	3.432426e-01	6.006757e-03
6.359999999999999e+00	3.433027e-01	6.016697e-03
6.370000000000001e+00	3.433627e-01	6.026637e-03
6.379999999999999e+00	3.434226e-01	6.036577e-03
6.390000000000001e+00	3.434824e-01	6.046518e-03
6.399999999999999e+00	3.435421e-01	6.056458e-03
6.410000000000000e+00	3.436018e-01	6.066398e-03
6.420000000000002e+00	3.436613e-01	6.076339e-03
6.430000000000000e+00	3.437208e-01	6.086279e-03
6.440000000000001e+00	3.437802e-01	6.096220e-03
6.449999999999999e+00	3.438396e-01	6.106161e-03
6.460000000000001e+00	3.438988e-01	6.116101e-03
6.469999999999999e+00	3.439580e-01	6.126042e-03
6.480000000000000e+00	3.440171e-01	6.135983e-03
6.490000000000002e+00	3.440761e-01	6.145924e-03
6.500000000000000e+00	3.441350e-01	6.155865e-03
6.510000000000002e+00	3.441939e-01	6.165806e-03
6.520000000000000e+00	3.442526e-01	6.175747e-03
6.530000000000001e+00	3.443114e-01	6.185689e-03
6.539999999999999e+00	3.443700e-01	6.195630e-03
6.550000000000001e+00	3.444285e-01	6.205571e-03
6.559999999999999e+00	3.444870e-01	6.215513e-03
6.570000000000000e+00	3.445454e-01	6.225455e-03
6.580000000000002e+00	3.446037e-01	6.235396e-03
6.590000000000000e+00	3.446619e-01	6.245338e-03
6.600000000000001e+00	3.447201e-01	6.255280e-03
6.609999999999999e+00	3.447782e-01	6.265222e-03
6.620000000000001e+00	3.448362e-01	6.275164e-03
6.629999999999999e+00	3.448941e-01	6.285106e-03
6.640000000000001e+00	3.449520e-01	6.295048e-03
6.649999999999999e+00	3.450097e-01	6.304990e-03
6.660000000000000e+00	3.450674e-01	6.314932e-03
6.670000000000002e+00	3.451251e-01	6.324875e-03
6.680000000000000e+00	3.451826e-01	6.334818e-03
6.690000000000001e+00	3.452401e-01	6.344760e-03
6.699999999999999e+00	3.452975e-01	6.354703e-03
6.710000000000001e+00	3.453549e-01	6.364645e-03
6.719999999999999e+00	3.454121e-01	6.374588e-03
6.730000000000000e+00	3.454693e-01	6.384531e-03
6.740000000000002e+00	3.455264e-01	6.394473e-03
6.750000000000000e+00	3.455835e-01	6.404417e-03
6.760000000000002e+00	3.456404e-01	6.414359e-03
6.770000000000000e+00	3.456973e-01	6.424303e-03
6.780000000000001e+00	3.457541e-01	6.434246e-03
6.789999999999999e+00	3.458109e-01	6.444189e-03
6.800000000000001e+00	3.458676e-01	6.454132e-03
6.809999999999999e+00	3.459242e-01	6.464076e-03
6.820000000000000e+00	3.459807e-01	6.474019e-03
6.830000000000002e+00	3.460372e-01	6.483963e-03
6.840000000000000e+00	3.460936e-01	6.493906e-03
6.850000000000001e+00	3.461499e-01	6.503850e-03
6.859999999999999e+00	3.462062e-01	6.513794e-03
6.870000000000001e+00	3.462624e-01	6.523738e-03
6.879999999999999e+00	3.463185e-01	6.533681e-03
6.890000000000001e+00	3.463745e-01	6.543626e-03
6.899999999999999e+00	3.464305e-01	6.553569e-03
6.910000000000000e+00	3.464864e-01	6.563514e-03
6.920000000000002e+00	3.465422e-01	6.573458e-03
6.930000000000000e+00	3.465980e-01	6.583402e-03
6.940000000000001e+00	3.466537e-01	6.593346e-03
6.949999999999999e+00	3.467093e-01	6.603291e-03
6.960000000000001e+00	3.467649e-01	6.613235e-03
6.969999999999999e+00	3.468204e-01	6.623180e-03
6.980000000000000e+00	3.468758e-01	6.633124e-03
6.990000000000002e+00	3.469312e-01	6.643069e-03
7.000000000000000e+00	3.469865e-01	6.653014e-03
7.010000000000002e+00	3.470417e-01	6.662958e-03
7.020000000000000e+00	3.470969e-01	6.672903e-03
7.030000000000001e+00	3.471519e-01	6.682848e-03
7.039999999999999e+00	3.472070e-01	6.692793e-03
7.050000000000001e+00	3.472619e-01	6.702738e-03
7.059999999999999e+00	3.473168e-01	6.712683e-03
7.070000000000000e+00	3.473716e-01	6.722628e-03
7.080000000000002e+00	3.474264e-01	6.732574e-03
7.090000000000000e+00	3.474811e-01	6.742519e-03
7.100000000000001e+00	3.475357e-01	6.752464e-03
7.109999999999999e+00	3.475903e-01	6.762410e-03
7.120000000000001e+00	3.476447e-01	6.772355e-03
7.129999999999999e+00	3.476992e-01	6.782301e-03
7.140000000000001e+00	3.477536e-01	6.792246e-03
7.150000000000002e+00	3.478079e-01	6.802192e-03
7.160000000000000e+00	3.478621e-01	6.812138e-03
7.170000000000002e+00	3.479163e-01	6.822084e-03
7.180000000000000e+00	3.479704e-01	6.832030e-03
7.190000000000001e+00	3.480244e-01	6.841976e-03
7.199999999999999e+00	3.480784e-01	6.851922e-03
7.210000000000001e+00	3.481323e-01	6.861868e-03
7.219999999999999e+00	3.481862e-01	6.871814e-03
7.230000000000000e+00	3.482400e-01	6.881760e-03
7.240000000000002e+00	3.482937e-01	6.891706e-03
7.250000000000000e+00	3.483473e-01	6.901653e-03
7.260000000000002e+00	3.484010e-01	6.911599e-03
7.270000000000000e+00	3.484545e-01	6.921546e-03
7.280000000000001e+00	3.485080e-01	6.931492e-03
7.289999999999999e+00	3.485614e-01	6.941439e-03
7.300000000000001e+00	3.486147e-01	6.951385e-03
7.309999999999999e+00	3.486680e-01	6.961332e-03
7.320000000000000e+00	3.487213e-01	6.971279e-03
7.330000000000002e+00	3.487744e-01	6.981226e-03
7.340000000000000e+00	3.488275e-01	6.991173e-03
7.350000000000001e+00	3.488806e-01	7.001119e-03
7.359999999999999e+00	3.489336e-01	7.011067e-03
7.370000000000001e+00	3.489865e-01	7.021014e-03
7.379999999999999e+00	3.490393e-01	7.030961e-03
7.390000000000001e+00	3.490922e-01	7.040908e-03
7.400000000000002e+00	3.491449e-01	7.050855e-03
7.410000000000000e+00	3.491976e-01	7.060803e-03
7.420000000000002e+00	3.492502e-01	7.070750e-03
7.430000000000000e+00	3.493028e-01	7.080697e-03
7.440000000000001e+00	3.493553e-01	7.090645e-03
7.449999999999999e+00	3.494077e-01	7.100592e-03
7.460000000000001e+00	3.494601e-01	7.110540e-03
7.469999999999999e+00	3.495124e-01	7.120488e-03
7.480000000000000e+00	3.495647e-01	7.130435e-03
7.490000000000002e+00	3.496169e-01	7.140383e-03
7.500000000000000e+00	3.496691e-01	7.150331e-03
7.510000000000002e+00	3.497212e-01	7.160279e-03
7.520000000000000e+00	3.497732e-01	7.170227e-03
7.530000000000001e+00	3.498252e-01	7.180175e-03
7.539999999999999e+00	3.498771e-01	7.190123e-03
7.550000000000001e+00	3.499289e-01	7.200071e-03
7.559999999999999e+00	3.499807e-01	7.210019e-03
7.570000000000000e+00	3.500325e-01	7.219967e-03
7.580000000000002e+00	3.500842e-01	7.229916e-03
7.590000000000000e+00	3.501358e-01	7.239864e-03
7.600000000000001e+00	3.501874e-01	7.249813e-03
7.609999999999999e+00	3.502389e-01	7.259761e-03
7.620000000000001e+00	3.502904e-01	7.269710e-03
7.629999999999999e+00	3.503418e-01	7.279658e-03
7.640000000000001e+00	3.503931e-01	7.289607e-03
7.650000000000002e+00	3.504444e-01	7.299555e-03
7.660000000000000e+00	3.504956e-01	7.309504e-03
7.670000000000002e+00	3.505468e-01	7.319453e-03
7.680000000000000e+00	3.505979e-01	7.329402e-03
7.690000000000001e+00	3.506490e-01	7.339351e-03
7.699999999999999e+00	3.507001e-01	7.349300e-03
7.710000000000001e+00	3.507510e-01	7.359249e-03
7.719999999999999e+00	3.508019e-01	7.369198e-03
7.730000000000000e+00	3.508528e-01	7.379147e-03
7.740000000000002e+00	3.509035e-01	7.389097e-03
7.750000000000000e+00	3.509543e-01	7.399046e-03
7.760000000000002e+00	3.510050e-01	7.408995e-03
7.770000000000000e+00	3.510556e-01	7.418945e-03
7.780000000000001e+00	3.511062e-01	7.428894e-03
7.789999999999999e+00	3.511567e-01	7.438843e-03
7.800000000000001e+00	3.512072e-01	7.448793e-03
7.809999999999999e+00	3.512576e-01	7.458742e-03
7.820000000000000e+00	3.513079e-01	7.468692e-03
7.830000000000002e+00	3.513582e-01	7.478642e-03
7.840000000000000e+00	3.514085e-01	7.488592e-03
7.850000000000001e+00	3.514587e-01	7.498541e-03
7.859999999999999e+00	3.515088e-01	7.508491e-03
7.870000000000001e+00	3.515589e-01	7.518441e-03
7.879999999999999e+00	3.516090e-01	7.528391e-03
7.890000000000001e+00	3.516590e-01	7.538341e-03
7.900000000000002e+00	3.517089e-01	7.548291e-03
7.910000000000000e+00	3.517588e-01	7.558241e-03
7.920000000000002e+00	3.518086e-01	7.568191e-03
7.930000000000000e+00	3.518584e-01	7.578142e-03
7.940000000000001e+00	3.519081e-01	7.588092e-03
7.949999999999999e+00	3.519578e-01	7.598042e-03
7.960000000000001e+00	3.520074e-01	7.607993e-03
7.969999999999999e+00	3.520570e-01	7.617943e-03
7.980000000000000e+00	3.521065e-01	7.627894e-03
7.990000000000002e+00	3.521560e-01	7.637844e-03
8.000000000000000e+00	3.522054e-01	7.647795e-03
8.010000000000002e+00	3.522547e-01	7.657745e-03
8.020000000000000e+00	3.523041e-01	7.667696e-03
8.030000000000001e+00	3.523533e-01	7.677647e-03
8.039999999999999e+00	3.524025e-01	7.687598e-03
8.050000000000001e+00	3.524517e-01	7.697548e-03
8.059999999999999e+00	3.525008e-01	7.707499e-03
8.070000000000000e+00	3.525499e-01	7.717450e-03
8.080000000000002e+00	3.525989e-01	7.727401e-03
8.090000000000000e+00	3.526479e-01	7.737352e-03
8.100000000000001e+00	3.526968e-01	7.747303e-03
8.109999999999999e+00	3.527457e-01	7.757254e-03
8.120000000000001e+00	3.527945e-01	7.767206e-03
8.129999999999999e+00	3.528432e-01	7.777157e-03
8.140000000000001e+00	3.528919e-01	7.787108e-03
8.150000000000002e+00	3.529406e-01	7.797060e-03
8.160000000000000e+00	3.529892e-01	7.807011e-03
8.170000000000002e+00	3.530378e-01	7.816962e-03
8.180000000000000e+00	3.530863e-01	7.826914e-03
8.190000000000001e+00	3.531348e-01	7.836865e-03
8.199999999999999e+00	3.531832e-01	7.846816e-03
8.210000000000001e+00	3.532315e-01	7.856769e-03
8.219999999999999e+00	3.532799e-01	7.866720e-03
8.230000000000000e+00	3.533282e-01	7.876672e-03
8.240000000000002e+00	3.533764e-01	7.886624e-03
8.250000000000000e+00	3.534246e-01	7.896575e-03
8.260000000000002e+00	3.534727e-01	7.906527e-03
8.270000000000000e+00	3.535208e-01	7.916479e-03
8.280000000000001e+00	3.535688e-01	7.926431e-03
8.289999999999999e+00	3.536168e-01	7.936384e-03
8.300000000000001e+00	3.536648e-01	7.946336e-03
8.309999999999999e+00	3.537126e-01	7.956287e-03
8.320000000000000e+00	3.537605e-01	7.966240e-03
8.330000000000002e+00	3.538083e-01	7.976192e-03
8.340000000000000e+00	3.538561e-01	7.986144e-03
8.350000000000001e+00	3.539037e-01	7.996096e-03
8.359999999999999e+00	3.539514e-01	8.006048e-03
8.370000000000001e+00	3.539990e-01	8.016001e-03
8.379999999999999e+00	3.540466e-01	8.025954e-03
8.390000000000001e+00	3.540941e-01	8.035906e-03
8.400000000000002e+00	3.541416e-01	8.045859e-03
8.410000000000000e+00	3.541890e-01	8.055811e-03
8.420000000000002e+00	3.542364e-01	8.065764e-03
8.430000000000000e+00	3.542837e-01	8.075716e-03
8.440000000000001e+00	3.543310e-01	8.085669e-03
8.449999999999999e+00	3.543783e-01	8.095622e-03
8.460000000000001e+00	3.544255e-01	8.105574e-03
8.469999999999999e+00	3.544726e-01	8.115527e-03
8.480000000000000e+00	3.545197e-01	8.125480e-03
8.490000000000002e+00	3.545668e-01	8.135433e-03
8.500000000000000e+00	3.546138e-01	8.145386e-03
8.510000000000002e+00	3.546607e-01	8.155339e-03
8.520000000000000e+00	3.547077e-01	8.165292e-03
8.530000000000001e+00	3.547546e-01	8.175245e-03
8.539999999999999e+00	3.548014e-01	8.185199e-03
8.550000000000001e+00	3.548482e-01	8.195152e-03
8.559999999999999e+00	3.548949e-01	8.205105e-03
8.570000000000000e+00	3.549416e-01	8.215059e-03
8.580000000000002e+00	3.549883e-01	8.225012e-03
8.590000000000000e+00	3.550349e-01	8.234965e-03
8.600000000000001e+00	3.550815e-01	8.244919e-03
8.609999999999999e+00	3.551280e-01	8.254872e-03
8.620000000000001e+00	3.551745e-01	8.264826e-03
8.629999999999999e+00	3.552209e-01	8.274779e-03
8.640000000000001e+00	3.552673e-01	8.284733e-03
8.650000000000002e+00	3.553137e-01	8.294687e-03
8.660000000000000e+00	3.553600e-01	8.304640e-03
8.670000000000002e+00	3.554063e-01	8.314594e-03
8.680000000000000e+00	3.554525e-01	8.324548e-03
8.690000000000001e+00	3.554987e-01	8.334502e-03
8.699999999999999e+00	3.555448e-01	8.344456e-03
8.710000000000001e+00	3.555909e-01	8.354409e-03
8.719999999999999e+00	3.556370e-01	8.364363e-03
8.730000000000000e+00	3.556829e-01	8.374317e-03
8.740000000000002e+00	3.557289e-01	8.384272e-03
8.750000000000000e+00	3.557748e-01	8.394226e-03
8.760000000000002e+00	3.558207e-01	8.404179e-03
8.770000000000000e+00	3.558666e-01	8.414133e-03
8.780000000000001e+00	3.559124e-01	8.424087e-03
8.789999999999999e+00	3.559581e-01	8.434042e-03
8.800000000000001e+00	3.560038e-01	8.443996e-03
8.809999999999999e+00	3.560495e-01	8.453950e-03
8.820000000000000e+00	3.560951e-01	8.463905e-03
8.830000000000002e+00	3.561407e-01	8.473859e-03
8.840000000000000e+00	3.561862e-01	8.483814e-03
8.850000000000001e+00	3.562317e-01	8.493768e-03
8.859999999999999e+00	3.562772e-01	8.503723e-03
8.870000000000001e+00	3.563226e-01	8.513677e-03
8.879999999999999e+00	3.563680e-01	8.523632e-03
8.890000000000001e+00	3.564133e-01	8.533587e-03
8.900000000000002e+00	3.564586e-01	8.543542e-03
8.910000000000000e+00	3.565039e-01	8.553497e-03
8.920000000000002e+00	3.565491e-01	8.563451e-03
8.930000000000000e+00	3.565943e-01	8.573405e-03
8.940000000000001e+00	3.566394e-01	8.583360e-03
8.949999999999999e+00	3.566845e-01	8.593315e-03
8.960000000000001e+00	3.567296e-01	8.603270e-03
8.969999999999999e+00	3.567746e-01	8.613225e-03
8.980000000000000e+00	3.568195e-01	8.623181e-03
8.990000000000002e+00	3.568645e-01	8.633136e-03
9.000000000000000e+00	3.569094e-01	8.643091e-03
9.010000000000002e+00	3.569542e-01	8.653046e-03
9.020000000000000e+00	3.569990e-01	8.663001e-03
9.030000000000001e+00	3.570438e-01	8.672956e-03
9.039999999999999e+00	3.570885e-01	8.682911e-03
9.050000000000001e+00	3.571332e-01	8.692867e-03
9.059999999999999e+00	3.571779e-01	8.702822e-03
9.070000000000000e+00	3.572225e-01	8.712778e-03
9.080000000000002e+00	3.572671e-01	8.722733e-03
9.090000000000000e+00	3.573116e-01	8.732689e-03
9.100000000000001e+00	3.573561e-01	8.742644e-03
9.109999999999999e+00	3.574005e-01	8.752599e-03
9.120000000000001e+00	3.574449e-01	8.762555e-03
9.129999999999999e+00	3.574893e-01	8.772511e-03
9.140000000000001e+00	3.575337e-01	8.782466e-03
9.150000000000002e+00	3.575779e-01	8.792422e-03
9.160000000000000e+00	3.576222e-01	8.802378e-03
9.170000000000002e+00	3.576664e-01	8.812333e-03
9.180000000000000e+00	3.577106e-01	8.822289e-03
9.190000000000001e+00	3.577548e-01	8.832245e-03
9.199999999999999e+00	3.577989e-01	8.842201e-03
9.210000000000001e+00	3.578430e-01	8.852157e-03
9.219999999999999e+00	3.578870e-01	8.862113e-03
9.230000000000000e+00	3.579310e-01	8.872069e-03
9.240000000000002e+00	3.579749e-01	8.882025e-03
9.250000000000000e+00	3.580188e-01	8.891981e-03
9.260000000000002e+00	3.580627e-01	8.901937e-03
9.270000000000000e+00	3.581066e-01	8.911894e-03
9.280000000000001e+00	3.581504e-01	8.921850e-03
9.289999999999999e+00	3.581941e-01	8.931806e-03
9.300000000000001e+00	3.582379e-01	8.941762e-03
9.309999999999999e+00	3.582816e-01	8.951718e-03
9.320000000000000e+00	3.583252e-01	8.961675e-03
9.330000000000002e+00	3.583688e-01	8.971632e-03
9.340000000000000e+00	3.584124e-01	8.981587e-03
9.350000000000001e+00	3.584560e-01	8.991544e-03
9.359999999999999e+00	3.584994e-01	9.001501e-03
9.370000000000001e+00	3.585429e-01	9.011457e-03
9.379999999999999e+00	3.585863e-01	9.021414e-03
9.390000000000001e+00	3.586297e-01	9.031370e-03
9.400000000000002e+00	3.586731e-01	9.041327e-03
9.410000000000000e+00	3.587164e-01	9.051284e-03
9.420000000000002e+00	3.587597e-01	9.061241e-03
9.430000000000000e+00	3.588029e-01	9.071197e-03
9.440000000000001e+00	3.588462e-01	9.081154e-03
9.449999999999999e+00	3.588893e-01	9.091111e-03
9.460000000000001e+00	3.589325e-01	9.101068e-03
9.469999999999999e+00	3.589756e-01	9.111024e-03
9.480000000000000e+00	3.590187e-01	9.120981e-03
9.490000000000002e+00	3.590617e-01	9.130938e-03
9.500000000000000e+00	3.591047e-01	9.140896e-03
9.510000000000002e+00	3.591476e-01	9.150852e-03
9.520000000000000e+00	3.591906e-01	9.160809e-03
9.530000000000001e+00	3.592334e-01	9.170767e-03
9.539999999999999e+00	3.592763e-01	9.180724e-03
9.550000000000001e+00	3.593191e-01	9.190680e-03
9.559999999999999e+00	3.593619e-01	9.200638e-03
9.570000000000000e+00	3.594047e-01	9.210595e-03
9.580000000000002e+00	3.594474e-01	9.220553e-03
9.590000000000000e+00	3.594900e-01	9.230510e-03
9.600000000000001e+00	3.595327e-01	9.240467e-03
9.609999999999999e+00	3.595753e-01	9.250425e-03
9.620000000000001e+00	3.596179e-01	9.260383e-03
9.629999999999999e+00	3.596604e-01	9.270339e-03
9.640000000000001e+00	3.597029e-01	9.280297e-03
9.650000000000002e+00	3.597454e-01	9.290255e-03
9.660000000000000e+00	3.597878e-01	9.300212e-03
9.670000000000002e+00	3.598302e-01	9.310170e-03
9.680000000000000e+00	3.598725e-01	9.320128e-03
9.690000000000001e+00	3.599149e-01	9.330085e-03
9.699999999999999e+00	3.599572e-01	9.340043e-03
9.710000000000001e+00	3.599994e-01	9.350001e-03
9.719999999999999e+00	3.600416e-01	9.359959e-03
9.730000000000000e+00	3.600838e-01	9.369916e-03
9.740000000000002e+00	3.601260e-01	9.379874e-03
9.750000000000000e+00	3.601681e-01	9.389832e-03
9.760000000000002e+00	3.602102e-01	9.399789e-03
9.770000000000000e+00	3.602523e-01	9.409748e-03
9.780000000000001e+00	3.602943e-01	9.419706e-03
9.789999999999999e+00	3.603363e-01	9.429663e-03
9.800000000000001e+00	3.603782e-01	9.439622e-03
9.809999999999999e+00	3.604201e-01	9.449580e-03
9.820000000000000e+00	3.604620e-01	9.459538e-03
9.830000000000002e+00	3.605039e-01	9.469496e-03
9.840000000000000e+00	3.605457e-01	9.479455e-03
9.850000000000001e+00	3.605875e-01	9.489412e-03
9.859999999999999e+00	3.606292e-01	9.499371e-03
9.870000000000001e+00	3.606710e-01	9.509329e-03
9.879999999999999e+00	3.607126e-01	9.519287e-03
9.890000000000001e+00	3.607543e-01	9.529246e-03
9.900000000000002e+00	3.607959e-01	9.539204e-03
9.910000000000000e+00	3.608375e-01	9.549162e-03
9.920000000000002e+00	3.608791e-01	9.559121e-03
9.930000000000000e+00	3.609206e-01	9.569080e-03
9.940000000000001e+00	3.609621e-01	9.579038e-03
9.949999999999999e+00	3.610035e-01	9.588997e-03
9.960000000000001e+00	3.610449e-01	9.598955e-03
9.969999999999999e+00	3.610863e-01	9.608913e-03
9.980000000000000e+00	3.611277e-01	9.618872e-03
9.990000000000002e+00	3.611690e-01	9.628831e-03
1.000000000000000e+01	3.612103e-01	9.638790e-03
Step Information: Temp=100  (Step: 2/3)
-1.000000000000000e+01	-2.271096e+00	-7.728904e-03
-9.990000000000000e+00	-2.271043e+00	-7.718957e-03
-9.980000000000000e+00	-2.270990e+00	-7.709010e-03
-9.970000000000001e+00	-2.270938e+00	-7.699062e-03
-9.960000000000001e+00	-2.270886e+00	-7.689114e-03
-9.949999999999999e+00	-2.270833e+00	-7.679167e-03
-9.940000000000000e+00	-2.270781e+00	-7.669219e-03
-9.930000000000000e+00	-2.270728e+00	-7.659272e-03
-9.920000000000000e+00	-2.270676e+00	-7.649324e-03
-9.910000000000000e+00	-2.270623e+00	-7.639377e-03
-9.900000000000000e+00	-2.270570e+00	-7.629429e-03
-9.890000000000001e+00	-2.270518e+00	-7.619482e-03
-9.880000000000001e+00	-2.270465e+00	-7.609535e-03
-9.869999999999999e+00	-2.270412e+00	-7.599588e-03
-9.859999999999999e+00	-2.270359e+00	-7.589641e-03
-9.850000000000000e+00	-2.270306e+00	-7.579694e-03
-9.840000000000000e+00	-2.270253e+00	-7.569747e-03
-9.830000000000000e+00	-2.270200e+00	-7.559800e-03
-9.820000000000000e+00	-2.270147e+00	-7.549853e-03
-9.810000000000000e+00	-2.270093e+00	-7.539907e-03
-9.800000000000001e+00	-2.270040e+00	-7.529960e-03
-9.789999999999999e+00	-2.269987e+00	-7.520013e-03
-9.779999999999999e+00	-2.269933e+00	-7.510066e-03
-9.770000000000000e+00	-2.269880e+00	-7.500120e-03
-9.760000000000000e+00	-2.269827e+00	-7.490173e-03
-9.750000000000000e+00	-2.269773e+00	-7.480227e-03
-9.740000000000000e+00	-2.269719e+00	-7.470280e-03
-9.730000000000000e+00	-2.269666e+00	-7.460334e-03
-9.720000000000001e+00	-2.269612e+00	-7.450388e-03
-9.710000000000001e+00	-2.269558e+00	-7.440442e-03
-9.699999999999999e+00	-2.269504e+00	-7.430496e-03
-9.690000000000000e+00	-2.269450e+00	-7.420550e-03
-9.680000000000000e+00	-2.269397e+00	-7.410604e-03
-9.670000000000000e+00	-2.269342e+00	-7.400658e-03
-9.660000000000000e+00	-2.269288e+00	-7.390711e-03
-9.650000000000000e+00	-2.269234e+00	-7.380766e-03
-9.640000000000001e+00	-2.269180e+00	-7.370820e-03
-9.630000000000001e+00	-2.269126e+00	-7.360874e-03
-9.619999999999999e+00	-2.269071e+00	-7.350929e-03
-9.609999999999999e+00	-2.269017e+00	-7.340983e-03
-9.600000000000000e+00	-2.268962e+00	-7.331037e-03
-9.590000000000000e+00	-2.268908e+00	-7.321092e-03
-9.580000000000000e+00	-2.268853e+00	-7.311147e-03
-9.570000000000000e+00	-2.268799e+00	-7.301201e-03
-9.560000000000000e+00	-2.268744e+00	-7.291256e-03
-9.550000000000001e+00	-2.268689e+00	-7.281311e-03
-9.539999999999999e+00	-2.268634e+00	-7.271366e-03
-9.529999999999999e+00	-2.268579e+00	-7.261421e-03
-9.520000000000000e+00	-2.268525e+00	-7.251475e-03
-9.510000000000000e+00	-2.268470e+00	-7.241530e-03
-9.500000000000000e+00	-2.268414e+00	-7.231586e-03
-9.490000000000000e+00	-2.268359e+00	-7.221641e-03
-9.480000000000000e+00	-2.268304e+00	-7.211696e-03
-9.470000000000001e+00	-2.268249e+00	-7.201751e-03
-9.460000000000001e+00	-2.268193e+00	-7.191807e-03
-9.449999999999999e+00	-2.268138e+00	-7.181862e-03
-9.440000000000000e+00	-2.268083e+00	-7.171917e-03
-9.430000000000000e+00	-2.268027e+00	-7.161973e-03
-9.420000000000000e+00	-2.267972e+00	-7.152028e-03
-9.410000000000000e+00	-2.267916e+00	-7.142084e-03
-9.400000000000000e+00	-2.267860e+00	-7.132140e-03
-9.390000000000001e+00	-2.267804e+00	-7.122196e-03
-9.380000000000001e+00	-2.267749e+00	-7.112252e-03
-9.369999999999999e+00	-2.267693e+00	-7.102307e-03
-9.359999999999999e+00	-2.267637e+00	-7.092363e-03
-9.350000000000000e+00	-2.267581e+00	-7.082419e-03
-9.340000000000000e+00	-2.267524e+00	-7.072476e-03
-9.330000000000000e+00	-2.267468e+00	-7.062532e-03
-9.320000000000000e+00	-2.267412e+00	-7.052588e-03
-9.310000000000000e+00	-2.267356e+00	-7.042644e-03
-9.300000000000001e+00	-2.267299e+00	-7.032701e-03
-9.289999999999999e+00	-2.267243e+00	-7.022757e-03
-9.279999999999999e+00	-2.267186e+00	-7.012814e-03
-9.270000000000000e+00	-2.267130e+00	-7.002870e-03
-9.260000000000000e+00	-2.267073e+00	-6.992927e-03
-9.250000000000000e+00	-2.267016e+00	-6.982984e-03
-9.240000000000000e+00	-2.266960e+00	-6.973040e-03
-9.230000000000000e+00	-2.266903e+00	-6.963097e-03
-9.220000000000001e+00	-2.266846e+00	-6.953154e-03
-9.210000000000001e+00	-2.266789e+00	-6.943211e-03
-9.199999999999999e+00	-2.266732e+00	-6.933268e-03
-9.190000000000000e+00	-2.266675e+00	-6.923325e-03
-9.180000000000000e+00	-2.266618e+00	-6.913383e-03
-9.170000000000000e+00	-2.266560e+00	-6.903440e-03
-9.160000000000000e+00	-2.266503e+00	-6.893497e-03
-9.150000000000000e+00	-2.266445e+00	-6.883555e-03
-9.140000000000001e+00	-2.266388e+00	-6.873612e-03
-9.130000000000001e+00	-2.266330e+00	-6.863669e-03
-9.119999999999999e+00	-2.266273e+00	-6.853727e-03
-9.109999999999999e+00	-2.266215e+00	-6.843785e-03
-9.100000000000000e+00	-2.266157e+00	-6.833842e-03
-9.090000000000000e+00	-2.266100e+00	-6.823901e-03
-9.080000000000000e+00	-2.266042e+00	-6.813958e-03
-9.070000000000000e+00	-2.265984e+00	-6.804016e-03
-9.060000000000000e+00	-2.265926e+00	-6.794074e-03
-9.050000000000001e+00	-2.265868e+00	-6.784132e-03
-9.039999999999999e+00	-2.265810e+00	-6.774191e-03
-9.029999999999999e+00	-2.265751e+00	-6.764249e-03
-9.020000000000000e+00	-2.265693e+00	-6.754307e-03
-9.010000000000000e+00	-2.265635e+00	-6.744366e-03
-9.000000000000000e+00	-2.265576e+00	-6.734424e-03
-8.990000000000000e+00	-2.265517e+00	-6.724482e-03
-8.980000000000000e+00	-2.265459e+00	-6.714541e-03
-8.970000000000001e+00	-2.265400e+00	-6.704600e-03
-8.960000000000001e+00	-2.265341e+00	-6.694659e-03
-8.949999999999999e+00	-2.265283e+00	-6.684717e-03
-8.940000000000000e+00	-2.265224e+00	-6.674776e-03
-8.930000000000000e+00	-2.265165e+00	-6.664835e-03
-8.920000000000000e+00	-2.265105e+00	-6.654894e-03
-8.910000000000000e+00	-2.265046e+00	-6.644954e-03
-8.900000000000000e+00	-2.264987e+00	-6.635013e-03
-8.890000000000001e+00	-2.264928e+00	-6.625072e-03
-8.879999999999999e+00	-2.264868e+00	-6.615132e-03
-8.869999999999999e+00	-2.264809e+00	-6.605191e-03
-8.859999999999999e+00	-2.264750e+00	-6.595250e-03
-8.850000000000000e+00	-2.264690e+00	-6.585310e-03
-8.840000000000000e+00	-2.264630e+00	-6.575370e-03
-8.830000000000000e+00	-2.264571e+00	-6.565429e-03
-8.820000000000000e+00	-2.264511e+00	-6.555489e-03
-8.810000000000000e+00	-2.264451e+00	-6.545549e-03
-8.800000000000001e+00	-2.264391e+00	-6.535609e-03
-8.789999999999999e+00	-2.264331e+00	-6.525669e-03
-8.779999999999999e+00	-2.264271e+00	-6.515729e-03
-8.770000000000000e+00	-2.264210e+00	-6.505789e-03
-8.760000000000000e+00	-2.264150e+00	-6.495850e-03
-8.750000000000000e+00	-2.264090e+00	-6.485910e-03
-8.740000000000000e+00	-2.264030e+00	-6.475971e-03
-8.730000000000000e+00	-2.263969e+00	-6.466031e-03
-8.720000000000001e+00	-2.263908e+00	-6.456092e-03
-8.710000000000001e+00	-2.263848e+00	-6.446152e-03
-8.699999999999999e+00	-2.263787e+00	-6.436213e-03
-8.690000000000000e+00	-2.263726e+00	-6.426274e-03
-8.680000000000000e+00	-2.263665e+00	-6.416335e-03
-8.670000000000000e+00	-2.263604e+00	-6.406396e-03
-8.660000000000000e+00	-2.263543e+00	-6.396457e-03
-8.650000000000000e+00	-2.263482e+00	-6.386518e-03
-8.640000000000001e+00	-2.263421e+00	-6.376579e-03
-8.629999999999999e+00	-2.263359e+00	-6.366641e-03
-8.619999999999999e+00	-2.263298e+00	-6.356702e-03
-8.609999999999999e+00	-2.263237e+00	-6.346764e-03
-8.600000000000000e+00	-2.263175e+00	-6.336825e-03
-8.590000000000000e+00	-2.263113e+00	-6.326887e-03
-8.580000000000000e+00	-2.263052e+00	-6.316949e-03
-8.570000000000000e+00	-2.262990e+00	-6.307010e-03
-8.560000000000000e+00	-2.262928e+00	-6.297072e-03
-8.550000000000001e+00	-2.262866e+00	-6.287134e-03
-8.539999999999999e+00	-2.262804e+00	-6.277196e-03
-8.529999999999999e+00	-2.262742e+00	-6.267258e-03
-8.520000000000000e+00	-2.262679e+00	-6.257321e-03
-8.510000000000000e+00	-2.262617e+00	-6.247383e-03
-8.500000000000000e+00	-2.262555e+00	-6.237445e-03
-8.490000000000000e+00	-2.262492e+00	-6.227508e-03
-8.480000000000000e+00	-2.262430e+00	-6.217571e-03
-8.470000000000001e+00	-2.262367e+00	-6.207633e-03
-8.460000000000001e+00	-2.262304e+00	-6.197696e-03
-8.449999999999999e+00	-2.262241e+00	-6.187759e-03
-8.440000000000000e+00	-2.262178e+00	-6.177822e-03
-8.430000000000000e+00	-2.262115e+00	-6.167884e-03
-8.420000000000000e+00	-2.262052e+00	-6.157948e-03
-8.410000000000000e+00	-2.261989e+00	-6.148011e-03
-8.400000000000000e+00	-2.261926e+00	-6.138074e-03
-8.390000000000001e+00	-2.261863e+00	-6.128137e-03
-8.379999999999999e+00	-2.261799e+00	-6.118201e-03
-8.369999999999999e+00	-2.261735e+00	-6.108264e-03
-8.359999999999999e+00	-2.261672e+00	-6.098328e-03
-8.350000000000000e+00	-2.261608e+00	-6.088392e-03
-8.340000000000000e+00	-2.261544e+00	-6.078456e-03
-8.330000000000000e+00	-2.261481e+00	-6.068519e-03
-8.320000000000000e+00	-2.261416e+00	-6.058584e-03
-8.310000000000000e+00	-2.261353e+00	-6.048648e-03
-8.300000000000001e+00	-2.261288e+00	-6.038712e-03
-8.289999999999999e+00	-2.261224e+00	-6.028776e-03
-8.279999999999999e+00	-2.261160e+00	-6.018840e-03
-8.270000000000000e+00	-2.261095e+00	-6.008905e-03
-8.260000000000000e+00	-2.261031e+00	-5.998969e-03
-8.250000000000000e+00	-2.260966e+00	-5.989034e-03
-8.240000000000000e+00	-2.260901e+00	-5.979099e-03
-8.230000000000000e+00	-2.260837e+00	-5.969163e-03
-8.220000000000001e+00	-2.260772e+00	-5.959228e-03
-8.210000000000001e+00	-2.260707e+00	-5.949293e-03
-8.199999999999999e+00	-2.260642e+00	-5.939358e-03
-8.190000000000000e+00	-2.260576e+00	-5.929423e-03
-8.180000000000000e+00	-2.260511e+00	-5.919489e-03
-8.170000000000000e+00	-2.260446e+00	-5.909554e-03
-8.160000000000000e+00	-2.260380e+00	-5.899620e-03
-8.150000000000000e+00	-2.260315e+00	-5.889685e-03
-8.140000000000001e+00	-2.260249e+00	-5.879751e-03
-8.129999999999999e+00	-2.260183e+00	-5.869817e-03
-8.119999999999999e+00	-2.260118e+00	-5.859883e-03
-8.109999999999999e+00	-2.260051e+00	-5.849949e-03
-8.100000000000000e+00	-2.259985e+00	-5.840015e-03
-8.090000000000000e+00	-2.259919e+00	-5.830081e-03
-8.080000000000000e+00	-2.259853e+00	-5.820147e-03
-8.070000000000000e+00	-2.259787e+00	-5.810213e-03
-8.060000000000000e+00	-2.259720e+00	-5.800280e-03
-8.050000000000001e+00	-2.259654e+00	-5.790346e-03
-8.039999999999999e+00	-2.259587e+00	-5.780413e-03
-8.029999999999999e+00	-2.259521e+00	-5.770480e-03
-8.020000000000000e+00	-2.259454e+00	-5.760546e-03
-8.010000000000000e+00	-2.259387e+00	-5.750613e-03
-8.000000000000000e+00	-2.259320e+00	-5.740680e-03
-7.990000000000000e+00	-2.259253e+00	-5.730748e-03
-7.980000000000000e+00	-2.259185e+00	-5.720815e-03
-7.970000000000000e+00	-2.259118e+00	-5.710882e-03
-7.960000000000000e+00	-2.259050e+00	-5.700950e-03
-7.950000000000000e+00	-2.258983e+00	-5.691017e-03
-7.940000000000000e+00	-2.258915e+00	-5.681085e-03
-7.930000000000000e+00	-2.258847e+00	-5.671152e-03
-7.920000000000000e+00	-2.258780e+00	-5.661220e-03
-7.910000000000000e+00	-2.258712e+00	-5.651288e-03
-7.900000000000000e+00	-2.258644e+00	-5.641356e-03
-7.890000000000001e+00	-2.258575e+00	-5.631424e-03
-7.880000000000000e+00	-2.258507e+00	-5.621493e-03
-7.870000000000000e+00	-2.258439e+00	-5.611561e-03
-7.859999999999999e+00	-2.258370e+00	-5.601630e-03
-7.850000000000000e+00	-2.258302e+00	-5.591698e-03
-7.840000000000000e+00	-2.258233e+00	-5.581767e-03
-7.830000000000000e+00	-2.258164e+00	-5.571836e-03
-7.820000000000000e+00	-2.258096e+00	-5.561905e-03
-7.810000000000000e+00	-2.258026e+00	-5.551974e-03
-7.800000000000000e+00	-2.257957e+00	-5.542043e-03
-7.790000000000000e+00	-2.257888e+00	-5.532112e-03
-7.779999999999999e+00	-2.257819e+00	-5.522181e-03
-7.770000000000000e+00	-2.257749e+00	-5.512251e-03
-7.760000000000000e+00	-2.257680e+00	-5.502320e-03
-7.750000000000000e+00	-2.257610e+00	-5.492390e-03
-7.740000000000000e+00	-2.257540e+00	-5.482460e-03
-7.730000000000000e+00	-2.257470e+00	-5.472530e-03
-7.720000000000000e+00	-2.257400e+00	-5.462599e-03
-7.710000000000000e+00	-2.257330e+00	-5.452670e-03
-7.699999999999999e+00	-2.257260e+00	-5.442740e-03
-7.690000000000000e+00	-2.257190e+00	-5.432810e-03
-7.680000000000000e+00	-2.257119e+00	-5.422881e-03
-7.670000000000000e+00	-2.257049e+00	-5.412951e-03
-7.660000000000000e+00	-2.256978e+00	-5.403022e-03
-7.650000000000000e+00	-2.256907e+00	-5.393093e-03
-7.640000000000001e+00	-2.256836e+00	-5.383164e-03
-7.630000000000000e+00	-2.256765e+00	-5.373235e-03
-7.620000000000000e+00	-2.256694e+00	-5.363306e-03
-7.609999999999999e+00	-2.256623e+00	-5.353377e-03
-7.600000000000000e+00	-2.256552e+00	-5.343448e-03
-7.590000000000000e+00	-2.256480e+00	-5.333520e-03
-7.580000000000000e+00	-2.256408e+00	-5.323592e-03
-7.570000000000000e+00	-2.256337e+00	-5.313663e-03
-7.560000000000000e+00	-2.256265e+00	-5.303735e-03
-7.550000000000000e+00	-2.256193e+00	-5.293807e-03
-7.540000000000000e+00	-2.256121e+00	-5.283879e-03
-7.529999999999999e+00	-2.256049e+00	-5.273951e-03
-7.520000000000000e+00	-2.255976e+00	-5.264024e-03
-7.510000000000000e+00	-2.255904e+00	-5.254096e-03
-7.500000000000000e+00	-2.255831e+00	-5.244168e-03
-7.490000000000000e+00	-2.255759e+00	-5.234241e-03
-7.480000000000000e+00	-2.255686e+00	-5.224314e-03
-7.470000000000000e+00	-2.255613e+00	-5.214387e-03
-7.460000000000000e+00	-2.255540e+00	-5.204460e-03
-7.449999999999999e+00	-2.255467e+00	-5.194533e-03
-7.440000000000000e+00	-2.255394e+00	-5.184607e-03
-7.430000000000000e+00	-2.255320e+00	-5.174680e-03
-7.420000000000000e+00	-2.255246e+00	-5.164754e-03
-7.410000000000000e+00	-2.255173e+00	-5.154827e-03
-7.400000000000000e+00	-2.255099e+00	-5.144901e-03
-7.390000000000001e+00	-2.255025e+00	-5.134975e-03
-7.380000000000000e+00	-2.254951e+00	-5.125049e-03
-7.370000000000000e+00	-2.254877e+00	-5.115123e-03
-7.359999999999999e+00	-2.254803e+00	-5.105197e-03
-7.350000000000000e+00	-2.254728e+00	-5.095272e-03
-7.340000000000000e+00	-2.254654e+00	-5.085346e-03
-7.330000000000000e+00	-2.254579e+00	-5.075421e-03
-7.320000000000000e+00	-2.254504e+00	-5.065496e-03
-7.310000000000000e+00	-2.254429e+00	-5.055571e-03
-7.300000000000000e+00	-2.254354e+00	-5.045646e-03
-7.290000000000000e+00	-2.254279e+00	-5.035721e-03
-7.279999999999999e+00	-2.254204e+00	-5.025797e-03
-7.270000000000000e+00	-2.254128e+00	-5.015872e-03
-7.260000000000000e+00	-2.254052e+00	-5.005947e-03
-7.250000000000000e+00	-2.253977e+00	-4.996023e-03
-7.240000000000000e+00	-2.253901e+00	-4.986099e-03
-7.230000000000000e+00	-2.253825e+00	-4.976175e-03
-7.220000000000000e+00	-2.253749e+00	-4.966251e-03
-7.210000000000000e+00	-2.253672e+00	-4.956327e-03
-7.199999999999999e+00	-2.253596e+00	-4.946404e-03
-7.190000000000000e+00	-2.253520e+00	-4.936480e-03
-7.180000000000000e+00	-2.253443e+00	-4.926557e-03
-7.170000000000000e+00	-2.253366e+00	-4.916634e-03
-7.160000000000000e+00	-2.253289e+00	-4.906711e-03
-7.150000000000000e+00	-2.253212e+00	-4.896788e-03
-7.140000000000001e+00	-2.253135e+00	-4.886865e-03
-7.130000000000000e+00	-2.253057e+00	-4.876943e-03
-7.120000000000000e+00	-2.252980e+00	-4.867020e-03
-7.109999999999999e+00	-2.252902e+00	-4.857098e-03
-7.100000000000000e+00	-2.252824e+00	-4.847175e-03
-7.090000000000000e+00	-2.252746e+00	-4.837254e-03
-7.080000000000000e+00	-2.252668e+00	-4.827332e-03
-7.070000000000000e+00	-2.252590e+00	-4.817410e-03
-7.060000000000000e+00	-2.252512e+00	-4.807489e-03
-7.050000000000000e+00	-2.252433e+00	-4.797567e-03
-7.040000000000000e+00	-2.252354e+00	-4.787645e-03
-7.029999999999999e+00	-2.252276e+00	-4.777724e-03
-7.020000000000000e+00	-2.252197e+00	-4.767803e-03
-7.010000000000000e+00	-2.252118e+00	-4.757883e-03
-7.000000000000000e+00	-2.252038e+00	-4.747962e-03
-6.990000000000000e+00	-2.251959e+00	-4.738041e-03
-6.980000000000000e+00	-2.251879e+00	-4.728121e-03
-6.970000000000000e+00	-2.251800e+00	-4.718200e-03
-6.960000000000000e+00	-2.251720e+00	-4.708280e-03
-6.949999999999999e+00	-2.251640e+00	-4.698360e-03
-6.940000000000000e+00	-2.251560e+00	-4.688440e-03
-6.930000000000000e+00	-2.251479e+00	-4.678521e-03
-6.920000000000000e+00	-2.251399e+00	-4.668601e-03
-6.910000000000000e+00	-2.251318e+00	-4.658682e-03
-6.900000000000000e+00	-2.251237e+00	-4.648762e-03
-6.890000000000001e+00	-2.251157e+00	-4.638843e-03
-6.880000000000000e+00	-2.251076e+00	-4.628925e-03
-6.870000000000000e+00	-2.250994e+00	-4.619006e-03
-6.859999999999999e+00	-2.250913e+00	-4.609087e-03
-6.850000000000000e+00	-2.250831e+00	-4.599169e-03
-6.840000000000000e+00	-2.250750e+00	-4.589250e-03
-6.830000000000000e+00	-2.250668e+00	-4.579332e-03
-6.820000000000000e+00	-2.250586e+00	-4.569415e-03
-6.810000000000000e+00	-2.250504e+00	-4.559496e-03
-6.800000000000000e+00	-2.250421e+00	-4.549579e-03
-6.790000000000000e+00	-2.250339e+00	-4.539662e-03
-6.779999999999999e+00	-2.250256e+00	-4.529744e-03
-6.770000000000000e+00	-2.250173e+00	-4.519827e-03
-6.760000000000000e+00	-2.250090e+00	-4.509910e-03
-6.750000000000000e+00	-2.250007e+00	-4.499993e-03
-6.740000000000000e+00	-2.249923e+00	-4.490077e-03
-6.730000000000000e+00	-2.249840e+00	-4.480160e-03
-6.720000000000000e+00	-2.249756e+00	-4.470244e-03
-6.710000000000000e+00	-2.249673e+00	-4.460327e-03
-6.699999999999999e+00	-2.249588e+00	-4.450412e-03
-6.690000000000000e+00	-2.249504e+00	-4.440496e-03
-6.680000000000000e+00	-2.249420e+00	-4.430580e-03
-6.670000000000000e+00	-2.249336e+00	-4.420665e-03
-6.660000000000000e+00	-2.249251e+00	-4.410749e-03
-6.650000000000000e+00	-2.249166e+00	-4.400834e-03
-6.640000000000001e+00	-2.249081e+00	-4.390919e-03
-6.630000000000000e+00	-2.248996e+00	-4.381004e-03
-6.620000000000000e+00	-2.248910e+00	-4.371090e-03
-6.609999999999999e+00	-2.248825e+00	-4.361175e-03
-6.600000000000000e+00	-2.248739e+00	-4.351261e-03
-6.590000000000000e+00	-2.248653e+00	-4.341347e-03
-6.580000000000000e+00	-2.248567e+00	-4.331433e-03
-6.570000000000000e+00	-2.248481e+00	-4.321519e-03
-6.560000000000000e+00	-2.248394e+00	-4.311606e-03
-6.550000000000000e+00	-2.248307e+00	-4.301692e-03
-6.540000000000000e+00	-2.248221e+00	-4.291779e-03
-6.529999999999999e+00	-2.248134e+00	-4.281866e-03
-6.520000000000000e+00	-2.248047e+00	-4.271953e-03
-6.510000000000000e+00	-2.247959e+00	-4.262041e-03
-6.500000000000000e+00	-2.247872e+00	-4.252128e-03
-6.490000000000000e+00	-2.247784e+00	-4.242216e-03
-6.480000000000000e+00	-2.247696e+00	-4.232304e-03
-6.470000000000000e+00	-2.247608e+00	-4.222392e-03
-6.460000000000000e+00	-2.247519e+00	-4.212481e-03
-6.449999999999999e+00	-2.247431e+00	-4.202569e-03
-6.440000000000000e+00	-2.247342e+00	-4.192658e-03
-6.430000000000000e+00	-2.247253e+00	-4.182747e-03
-6.420000000000000e+00	-2.247164e+00	-4.172835e-03
-6.410000000000000e+00	-2.247075e+00	-4.162925e-03
-6.400000000000000e+00	-2.246986e+00	-4.153014e-03
-6.390000000000001e+00	-2.246896e+00	-4.143104e-03
-6.380000000000000e+00	-2.246806e+00	-4.133194e-03
-6.370000000000000e+00	-2.246716e+00	-4.123284e-03
-6.359999999999999e+00	-2.246626e+00	-4.113374e-03
-6.350000000000000e+00	-2.246535e+00	-4.103465e-03
-6.340000000000000e+00	-2.246445e+00	-4.093555e-03
-6.330000000000000e+00	-2.246354e+00	-4.083646e-03
-6.320000000000000e+00	-2.246263e+00	-4.073737e-03
-6.310000000000000e+00	-2.246171e+00	-4.063828e-03
-6.300000000000000e+00	-2.246080e+00	-4.053920e-03
-6.290000000000000e+00	-2.245988e+00	-4.044012e-03
-6.279999999999999e+00	-2.245897e+00	-4.034103e-03
-6.270000000000000e+00	-2.245805e+00	-4.024195e-03
-6.260000000000000e+00	-2.245712e+00	-4.014288e-03
-6.250000000000000e+00	-2.245620e+00	-4.004380e-03
-6.240000000000000e+00	-2.245527e+00	-3.994473e-03
-6.230000000000000e+00	-2.245434e+00	-3.984566e-03
-6.220000000000000e+00	-2.245341e+00	-3.974659e-03
-6.210000000000000e+00	-2.245248e+00	-3.964752e-03
-6.199999999999999e+00	-2.245154e+00	-3.954846e-03
-6.190000000000000e+00	-2.245060e+00	-3.944940e-03
-6.180000000000000e+00	-2.244966e+00	-3.935034e-03
-6.170000000000000e+00	-2.244872e+00	-3.925128e-03
-6.160000000000000e+00	-2.244778e+00	-3.915222e-03
-6.150000000000000e+00	-2.244683e+00	-3.905317e-03
-6.140000000000001e+00	-2.244588e+00	-3.895412e-03
-6.130000000000000e+00	-2.244493e+00	-3.885507e-03
-6.120000000000000e+00	-2.244398e+00	-3.875602e-03
-6.109999999999999e+00	-2.244302e+00	-3.865698e-03
-6.100000000000000e+00	-2.244206e+00	-3.855794e-03
-6.090000000000000e+00	-2.244110e+00	-3.845890e-03
-6.080000000000000e+00	-2.244014e+00	-3.835986e-03
-6.070000000000000e+00	-2.243918e+00	-3.826082e-03
-6.060000000000000e+00	-2.243821e+00	-3.816179e-03
-6.050000000000000e+00	-2.243724e+00	-3.806276e-03
-6.040000000000000e+00	-2.243627e+00	-3.796373e-03
-6.029999999999999e+00	-2.243529e+00	-3.786471e-03
-6.020000000000000e+00	-2.243432e+00	-3.776568e-03
-6.010000000000000e+00	-2.243334e+00	-3.766666e-03
-6.000000000000000e+00	-2.243236e+00	-3.756764e-03
-5.990000000000000e+00	-2.243137e+00	-3.746863e-03
-5.980000000000000e+00	-2.243039e+00	-3.736961e-03
-5.970000000000000e+00	-2.242940e+00	-3.727060e-03
-5.960000000000000e+00	-2.242841e+00	-3.717159e-03
-5.950000000000000e+00	-2.242742e+00	-3.707258e-03
-5.940000000000000e+00	-2.242642e+00	-3.697358e-03
-5.930000000000000e+00	-2.242542e+00	-3.687458e-03
-5.920000000000000e+00	-2.242442e+00	-3.677558e-03
-5.910000000000000e+00	-2.242342e+00	-3.667658e-03
-5.900000000000000e+00	-2.242241e+00	-3.657759e-03
-5.890000000000000e+00	-2.242141e+00	-3.647859e-03
-5.880000000000000e+00	-2.242039e+00	-3.637961e-03
-5.870000000000000e+00	-2.241938e+00	-3.628062e-03
-5.860000000000000e+00	-2.241837e+00	-3.618164e-03
-5.850000000000000e+00	-2.241735e+00	-3.608265e-03
-5.840000000000000e+00	-2.241632e+00	-3.598368e-03
-5.830000000000000e+00	-2.241530e+00	-3.588470e-03
-5.820000000000000e+00	-2.241427e+00	-3.578573e-03
-5.810000000000000e+00	-2.241325e+00	-3.568675e-03
-5.800000000000000e+00	-2.241221e+00	-3.558779e-03
-5.790000000000000e+00	-2.241118e+00	-3.548882e-03
-5.780000000000000e+00	-2.241014e+00	-3.538986e-03
-5.770000000000000e+00	-2.240910e+00	-3.529090e-03
-5.760000000000000e+00	-2.240806e+00	-3.519194e-03
-5.750000000000000e+00	-2.240701e+00	-3.509299e-03
-5.740000000000000e+00	-2.240597e+00	-3.499403e-03
-5.730000000000000e+00	-2.240492e+00	-3.489509e-03
-5.720000000000000e+00	-2.240386e+00	-3.479614e-03
-5.710000000000000e+00	-2.240281e+00	-3.469720e-03
-5.700000000000000e+00	-2.240175e+00	-3.459825e-03
-5.690000000000000e+00	-2.240068e+00	-3.449932e-03
-5.680000000000000e+00	-2.239962e+00	-3.440038e-03
-5.670000000000000e+00	-2.239855e+00	-3.430145e-03
-5.660000000000000e+00	-2.239748e+00	-3.420252e-03
-5.649999999999999e+00	-2.239641e+00	-3.410359e-03
-5.640000000000000e+00	-2.239533e+00	-3.400467e-03
-5.630000000000000e+00	-2.239425e+00	-3.390575e-03
-5.620000000000000e+00	-2.239317e+00	-3.380683e-03
-5.610000000000000e+00	-2.239208e+00	-3.370792e-03
-5.600000000000000e+00	-2.239099e+00	-3.360901e-03
-5.590000000000000e+00	-2.238990e+00	-3.351010e-03
-5.580000000000000e+00	-2.238881e+00	-3.341119e-03
-5.570000000000000e+00	-2.238771e+00	-3.331229e-03
-5.560000000000000e+00	-2.238661e+00	-3.321339e-03
-5.550000000000000e+00	-2.238550e+00	-3.311449e-03
-5.540000000000000e+00	-2.238440e+00	-3.301560e-03
-5.530000000000000e+00	-2.238329e+00	-3.291671e-03
-5.520000000000000e+00	-2.238217e+00	-3.281783e-03
-5.510000000000000e+00	-2.238106e+00	-3.271894e-03
-5.500000000000000e+00	-2.237994e+00	-3.262006e-03
-5.490000000000000e+00	-2.237882e+00	-3.252118e-03
-5.480000000000000e+00	-2.237769e+00	-3.242231e-03
-5.470000000000000e+00	-2.237656e+00	-3.232344e-03
-5.460000000000000e+00	-2.237543e+00	-3.222457e-03
-5.450000000000000e+00	-2.237429e+00	-3.212571e-03
-5.440000000000000e+00	-2.237315e+00	-3.202685e-03
-5.430000000000000e+00	-2.237201e+00	-3.192799e-03
-5.420000000000000e+00	-2.237086e+00	-3.182914e-03
-5.410000000000000e+00	-2.236971e+00	-3.173029e-03
-5.399999999999999e+00	-2.236856e+00	-3.163144e-03
-5.390000000000000e+00	-2.236741e+00	-3.153259e-03
-5.380000000000000e+00	-2.236625e+00	-3.143375e-03
-5.370000000000000e+00	-2.236508e+00	-3.133492e-03
-5.360000000000000e+00	-2.236392e+00	-3.123608e-03
-5.350000000000000e+00	-2.236275e+00	-3.113725e-03
-5.340000000000000e+00	-2.236157e+00	-3.103843e-03
-5.330000000000000e+00	-2.236040e+00	-3.093960e-03
-5.320000000000000e+00	-2.235921e+00	-3.084078e-03
-5.310000000000000e+00	-2.235803e+00	-3.074197e-03
-5.300000000000000e+00	-2.235684e+00	-3.064316e-03
-5.290000000000000e+00	-2.235565e+00	-3.054435e-03
-5.280000000000000e+00	-2.235445e+00	-3.044554e-03
-5.270000000000000e+00	-2.235326e+00	-3.034674e-03
-5.260000000000000e+00	-2.235205e+00	-3.024795e-03
-5.250000000000000e+00	-2.235085e+00	-3.014915e-03
-5.240000000000000e+00	-2.234964e+00	-3.005036e-03
-5.230000000000000e+00	-2.234842e+00	-2.995158e-03
-5.220000000000000e+00	-2.234720e+00	-2.985280e-03
-5.210000000000000e+00	-2.234598e+00	-2.975402e-03
-5.200000000000000e+00	-2.234476e+00	-2.965524e-03
-5.190000000000000e+00	-2.234353e+00	-2.955647e-03
-5.180000000000000e+00	-2.234229e+00	-2.945771e-03
-5.170000000000000e+00	-2.234106e+00	-2.935894e-03
-5.160000000000000e+00	-2.233982e+00	-2.926019e-03
-5.149999999999999e+00	-2.233857e+00	-2.916143e-03
-5.140000000000000e+00	-2.233732e+00	-2.906268e-03
-5.130000000000000e+00	-2.233607e+00	-2.896393e-03
-5.120000000000000e+00	-2.233481e+00	-2.886519e-03
-5.110000000000000e+00	-2.233355e+00	-2.876645e-03
-5.100000000000000e+00	-2.233228e+00	-2.866772e-03
-5.090000000000000e+00	-2.233101e+00	-2.856899e-03
-5.080000000000000e+00	-2.232974e+00	-2.847026e-03
-5.070000000000000e+00	-2.232846e+00	-2.837154e-03
-5.060000000000000e+00	-2.232718e+00	-2.827283e-03
-5.050000000000000e+00	-2.232589e+00	-2.817411e-03
-5.040000000000000e+00	-2.232460e+00	-2.807541e-03
-5.030000000000000e+00	-2.232330e+00	-2.797670e-03
-5.020000000000000e+00	-2.232200e+00	-2.787800e-03
-5.010000000000000e+00	-2.232069e+00	-2.777931e-03
-5.000000000000000e+00	-2.231938e+00	-2.768062e-03
-4.990000000000000e+00	-2.231807e+00	-2.758193e-03
-4.980000000000000e+00	-2.231675e+00	-2.748325e-03
-4.970000000000000e+00	-2.231543e+00	-2.738457e-03
-4.960000000000000e+00	-2.231410e+00	-2.728590e-03
-4.950000000000000e+00	-2.231277e+00	-2.718723e-03
-4.940000000000000e+00	-2.231143e+00	-2.708857e-03
-4.930000000000000e+00	-2.231009e+00	-2.698991e-03
-4.920000000000000e+00	-2.230874e+00	-2.689126e-03
-4.910000000000000e+00	-2.230739e+00	-2.679261e-03
-4.899999999999999e+00	-2.230603e+00	-2.669397e-03
-4.890000000000000e+00	-2.230467e+00	-2.659533e-03
-4.880000000000000e+00	-2.230331e+00	-2.649669e-03
-4.870000000000000e+00	-2.230194e+00	-2.639806e-03
-4.860000000000000e+00	-2.230056e+00	-2.629944e-03
-4.850000000000000e+00	-2.229918e+00	-2.620082e-03
-4.840000000000000e+00	-2.229779e+00	-2.610221e-03
-4.830000000000000e+00	-2.229640e+00	-2.600360e-03
-4.820000000000000e+00	-2.229501e+00	-2.590499e-03
-4.810000000000000e+00	-2.229361e+00	-2.580639e-03
-4.800000000000000e+00	-2.229220e+00	-2.570780e-03
-4.790000000000000e+00	-2.229079e+00	-2.560921e-03
-4.780000000000000e+00	-2.228937e+00	-2.551063e-03
-4.770000000000000e+00	-2.228795e+00	-2.541205e-03
-4.760000000000000e+00	-2.228652e+00	-2.531348e-03
-4.750000000000000e+00	-2.228508e+00	-2.521491e-03
-4.740000000000000e+00	-2.228365e+00	-2.511635e-03
-4.730000000000000e+00	-2.228220e+00	-2.501780e-03
-4.720000000000000e+00	-2.228075e+00	-2.491925e-03
-4.710000000000000e+00	-2.227930e+00	-2.482070e-03
-4.700000000000000e+00	-2.227783e+00	-2.472216e-03
-4.690000000000000e+00	-2.227637e+00	-2.462363e-03
-4.680000000000000e+00	-2.227489e+00	-2.452510e-03
-4.670000000000000e+00	-2.227342e+00	-2.442658e-03
-4.660000000000000e+00	-2.227193e+00	-2.432807e-03
-4.649999999999999e+00	-2.227044e+00	-2.422956e-03
-4.640000000000000e+00	-2.226895e+00	-2.413105e-03
-4.630000000000000e+00	-2.226744e+00	-2.403256e-03
-4.620000000000000e+00	-2.226593e+00	-2.393407e-03
-4.610000000000000e+00	-2.226442e+00	-2.383558e-03
-4.600000000000000e+00	-2.226290e+00	-2.373710e-03
-4.590000000000000e+00	-2.226137e+00	-2.363863e-03
-4.580000000000000e+00	-2.225984e+00	-2.354016e-03
-4.570000000000000e+00	-2.225830e+00	-2.344170e-03
-4.560000000000000e+00	-2.225675e+00	-2.334325e-03
-4.550000000000000e+00	-2.225520e+00	-2.324480e-03
-4.540000000000000e+00	-2.225364e+00	-2.314636e-03
-4.530000000000000e+00	-2.225208e+00	-2.304792e-03
-4.520000000000000e+00	-2.225051e+00	-2.294949e-03
-4.510000000000000e+00	-2.224893e+00	-2.285107e-03
-4.500000000000000e+00	-2.224734e+00	-2.275266e-03
-4.490000000000000e+00	-2.224575e+00	-2.265425e-03
-4.480000000000000e+00	-2.224415e+00	-2.255585e-03
-4.470000000000000e+00	-2.224254e+00	-2.245746e-03
-4.460000000000000e+00	-2.224093e+00	-2.235907e-03
-4.450000000000000e+00	-2.223931e+00	-2.226069e-03
-4.440000000000000e+00	-2.223768e+00	-2.216232e-03
-4.430000000000000e+00	-2.223605e+00	-2.206395e-03
-4.420000000000000e+00	-2.223441e+00	-2.196559e-03
-4.410000000000000e+00	-2.223276e+00	-2.186724e-03
-4.399999999999999e+00	-2.223110e+00	-2.176890e-03
-4.390000000000000e+00	-2.222944e+00	-2.167056e-03
-4.380000000000000e+00	-2.222777e+00	-2.157223e-03
-4.370000000000000e+00	-2.222609e+00	-2.147391e-03
-4.360000000000000e+00	-2.222440e+00	-2.137560e-03
-4.350000000000000e+00	-2.222271e+00	-2.127729e-03
-4.340000000000000e+00	-2.222100e+00	-2.117899e-03
-4.330000000000000e+00	-2.221930e+00	-2.108070e-03
-4.320000000000000e+00	-2.221758e+00	-2.098242e-03
-4.310000000000000e+00	-2.221585e+00	-2.088415e-03
-4.300000000000000e+00	-2.221412e+00	-2.078588e-03
-4.290000000000000e+00	-2.221237e+00	-2.068762e-03
-4.280000000000000e+00	-2.221062e+00	-2.058937e-03
-4.270000000000000e+00	-2.220886e+00	-2.049113e-03
-4.260000000000000e+00	-2.220710e+00	-2.039290e-03
-4.250000000000000e+00	-2.220532e+00	-2.029468e-03
-4.240000000000000e+00	-2.220354e+00	-2.019646e-03
-4.230000000000000e+00	-2.220174e+00	-2.009826e-03
-4.220000000000000e+00	-2.219994e+00	-2.000006e-03
-4.210000000000000e+00	-2.219813e+00	-1.990187e-03
-4.200000000000000e+00	-2.219631e+00	-1.980369e-03
-4.190000000000000e+00	-2.219448e+00	-1.970552e-03
-4.180000000000000e+00	-2.219264e+00	-1.960736e-03
-4.170000000000000e+00	-2.219079e+00	-1.950921e-03
-4.160000000000000e+00	-2.218894e+00	-1.941106e-03
-4.149999999999999e+00	-2.218707e+00	-1.931293e-03
-4.140000000000000e+00	-2.218519e+00	-1.921481e-03
-4.130000000000000e+00	-2.218331e+00	-1.911669e-03
-4.120000000000000e+00	-2.218141e+00	-1.901859e-03
-4.110000000000000e+00	-2.217951e+00	-1.892049e-03
-4.100000000000000e+00	-2.217759e+00	-1.882241e-03
-4.090000000000000e+00	-2.217566e+00	-1.872434e-03
-4.080000000000000e+00	-2.217373e+00	-1.862627e-03
-4.070000000000000e+00	-2.217178e+00	-1.852822e-03
-4.060000000000000e+00	-2.216982e+00	-1.843018e-03
-4.050000000000000e+00	-2.216786e+00	-1.833214e-03
-4.040000000000000e+00	-2.216588e+00	-1.823412e-03
-4.030000000000000e+00	-2.216389e+00	-1.813611e-03
-4.020000000000000e+00	-2.216189e+00	-1.803811e-03
-4.010000000000000e+00	-2.215988e+00	-1.794012e-03
-4.000000000000000e+00	-2.215786e+00	-1.784215e-03
-3.990000000000000e+00	-2.215582e+00	-1.774418e-03
-3.980000000000000e+00	-2.215378e+00	-1.764622e-03
-3.970000000000000e+00	-2.215172e+00	-1.754828e-03
-3.960000000000000e+00	-2.214965e+00	-1.745035e-03
-3.950000000000000e+00	-2.214757e+00	-1.735243e-03
-3.940000000000000e+00	-2.214548e+00	-1.725452e-03
-3.930000000000000e+00	-2.214337e+00	-1.715663e-03
-3.920000000000000e+00	-2.214126e+00	-1.705874e-03
-3.910000000000000e+00	-2.213912e+00	-1.696087e-03
-3.899999999999999e+00	-2.213698e+00	-1.686302e-03
-3.890000000000000e+00	-2.213483e+00	-1.676517e-03
-3.880000000000000e+00	-2.213266e+00	-1.666734e-03
-3.870000000000000e+00	-2.213048e+00	-1.656952e-03
-3.859999999999999e+00	-2.212828e+00	-1.647172e-03
-3.850000000000000e+00	-2.212608e+00	-1.637392e-03
-3.840000000000000e+00	-2.212385e+00	-1.627614e-03
-3.830000000000000e+00	-2.212162e+00	-1.617838e-03
-3.820000000000000e+00	-2.211937e+00	-1.608063e-03
-3.810000000000000e+00	-2.211711e+00	-1.598289e-03
-3.800000000000000e+00	-2.211483e+00	-1.588517e-03
-3.790000000000000e+00	-2.211254e+00	-1.578746e-03
-3.780000000000000e+00	-2.211023e+00	-1.568977e-03
-3.770000000000000e+00	-2.210791e+00	-1.559209e-03
-3.760000000000000e+00	-2.210557e+00	-1.549443e-03
-3.750000000000000e+00	-2.210322e+00	-1.539678e-03
-3.740000000000000e+00	-2.210085e+00	-1.529915e-03
-3.730000000000000e+00	-2.209847e+00	-1.520153e-03
-3.720000000000000e+00	-2.209607e+00	-1.510393e-03
-3.710000000000000e+00	-2.209365e+00	-1.500635e-03
-3.700000000000000e+00	-2.209122e+00	-1.490878e-03
-3.690000000000000e+00	-2.208877e+00	-1.481123e-03
-3.680000000000000e+00	-2.208630e+00	-1.471370e-03
-3.670000000000000e+00	-2.208382e+00	-1.461618e-03
-3.660000000000000e+00	-2.208132e+00	-1.451868e-03
-3.649999999999999e+00	-2.207880e+00	-1.442120e-03
-3.640000000000000e+00	-2.207627e+00	-1.432373e-03
-3.630000000000000e+00	-2.207371e+00	-1.422629e-03
-3.620000000000000e+00	-2.207114e+00	-1.412886e-03
-3.609999999999999e+00	-2.206855e+00	-1.403145e-03
-3.600000000000000e+00	-2.206594e+00	-1.393406e-03
-3.590000000000000e+00	-2.206331e+00	-1.383669e-03
-3.580000000000000e+00	-2.206066e+00	-1.373934e-03
-3.570000000000000e+00	-2.205799e+00	-1.364201e-03
-3.560000000000000e+00	-2.205530e+00	-1.354470e-03
-3.550000000000000e+00	-2.205259e+00	-1.344741e-03
-3.540000000000000e+00	-2.204986e+00	-1.335014e-03
-3.530000000000000e+00	-2.204711e+00	-1.325289e-03
-3.520000000000000e+00	-2.204434e+00	-1.315566e-03
-3.510000000000000e+00	-2.204154e+00	-1.305846e-03
-3.500000000000000e+00	-2.203872e+00	-1.296128e-03
-3.490000000000000e+00	-2.203588e+00	-1.286412e-03
-3.480000000000000e+00	-2.203302e+00	-1.276698e-03
-3.470000000000000e+00	-2.203014e+00	-1.266986e-03
-3.460000000000000e+00	-2.202723e+00	-1.257277e-03
-3.450000000000000e+00	-2.202429e+00	-1.247571e-03
-3.440000000000000e+00	-2.202134e+00	-1.237866e-03
-3.430000000000000e+00	-2.201835e+00	-1.228165e-03
-3.420000000000000e+00	-2.201535e+00	-1.218466e-03
-3.410000000000000e+00	-2.201231e+00	-1.208769e-03
-3.399999999999999e+00	-2.200925e+00	-1.199075e-03
-3.390000000000000e+00	-2.200616e+00	-1.189384e-03
-3.380000000000000e+00	-2.200305e+00	-1.179695e-03
-3.370000000000000e+00	-2.199991e+00	-1.170009e-03
-3.359999999999999e+00	-2.199674e+00	-1.160326e-03
-3.350000000000000e+00	-2.199354e+00	-1.150646e-03
-3.340000000000000e+00	-2.199031e+00	-1.140969e-03
-3.330000000000000e+00	-2.198705e+00	-1.131295e-03
-3.320000000000000e+00	-2.198376e+00	-1.121624e-03
-3.310000000000000e+00	-2.198045e+00	-1.111955e-03
-3.300000000000000e+00	-2.197709e+00	-1.102291e-03
-3.290000000000000e+00	-2.197371e+00	-1.092629e-03
-3.280000000000000e+00	-2.197030e+00	-1.082970e-03
-3.270000000000000e+00	-2.196685e+00	-1.073315e-03
-3.260000000000000e+00	-2.196337e+00	-1.063664e-03
-3.250000000000000e+00	-2.195985e+00	-1.054015e-03
-3.240000000000000e+00	-2.195629e+00	-1.044371e-03
-3.230000000000000e+00	-2.195270e+00	-1.034730e-03
-3.220000000000000e+00	-2.194908e+00	-1.025092e-03
-3.210000000000000e+00	-2.194541e+00	-1.015459e-03
-3.200000000000000e+00	-2.194171e+00	-1.005829e-03
-3.190000000000000e+00	-2.193797e+00	-9.962032e-04
-3.180000000000000e+00	-2.193419e+00	-9.865814e-04
-3.170000000000000e+00	-2.193036e+00	-9.769638e-04
-3.160000000000000e+00	-2.192650e+00	-9.673503e-04
-3.149999999999999e+00	-2.192259e+00	-9.577411e-04
-3.140000000000000e+00	-2.191864e+00	-9.481363e-04
-3.130000000000000e+00	-2.191464e+00	-9.385361e-04
-3.120000000000000e+00	-2.191060e+00	-9.289404e-04
-3.109999999999999e+00	-2.190651e+00	-9.193494e-04
-3.100000000000000e+00	-2.190237e+00	-9.097633e-04
-3.090000000000000e+00	-2.189818e+00	-9.001820e-04
-3.080000000000000e+00	-2.189394e+00	-8.906059e-04
-3.070000000000000e+00	-2.188965e+00	-8.810348e-04
-3.060000000000000e+00	-2.188531e+00	-8.714691e-04
-3.050000000000000e+00	-2.188091e+00	-8.619088e-04
-3.040000000000000e+00	-2.187646e+00	-8.523541e-04
-3.030000000000000e+00	-2.187195e+00	-8.428051e-04
-3.020000000000000e+00	-2.186738e+00	-8.332620e-04
-3.010000000000000e+00	-2.186275e+00	-8.237249e-04
-3.000000000000000e+00	-2.185806e+00	-8.141940e-04
-2.990000000000000e+00	-2.185331e+00	-8.046693e-04
-2.980000000000000e+00	-2.184849e+00	-7.951513e-04
-2.970000000000000e+00	-2.184360e+00	-7.856399e-04
-2.960000000000000e+00	-2.183865e+00	-7.761354e-04
-2.950000000000000e+00	-2.183362e+00	-7.666380e-04
-2.940000000000000e+00	-2.182852e+00	-7.571478e-04
-2.930000000000000e+00	-2.182335e+00	-7.476652e-04
-2.920000000000000e+00	-2.181810e+00	-7.381903e-04
-2.910000000000000e+00	-2.181277e+00	-7.287234e-04
-2.899999999999999e+00	-2.180735e+00	-7.192646e-04
-2.890000000000000e+00	-2.180186e+00	-7.098143e-04
-2.880000000000000e+00	-2.179627e+00	-7.003727e-04
-2.870000000000000e+00	-2.179060e+00	-6.909401e-04
-2.859999999999999e+00	-2.178483e+00	-6.815167e-04
-2.850000000000000e+00	-2.177897e+00	-6.721030e-04
-2.840000000000000e+00	-2.177301e+00	-6.626991e-04
-2.830000000000000e+00	-2.176694e+00	-6.533055e-04
-2.820000000000000e+00	-2.176078e+00	-6.439225e-04
-2.810000000000000e+00	-2.175450e+00	-6.345504e-04
-2.800000000000000e+00	-2.174810e+00	-6.251897e-04
-2.790000000000000e+00	-2.174159e+00	-6.158408e-04
-2.780000000000000e+00	-2.173496e+00	-6.065040e-04
-2.770000000000000e+00	-2.172820e+00	-5.971799e-04
-2.760000000000000e+00	-2.172131e+00	-5.878689e-04
-2.750000000000000e+00	-2.171428e+00	-5.785716e-04
-2.740000000000000e+00	-2.170712e+00	-5.692884e-04
-2.730000000000000e+00	-2.169980e+00	-5.600200e-04
-2.720000000000000e+00	-2.169233e+00	-5.507669e-04
-2.710000000000000e+00	-2.168470e+00	-5.415299e-04
-2.700000000000000e+00	-2.167691e+00	-5.323094e-04
-2.690000000000000e+00	-2.166894e+00	-5.231064e-04
-2.680000000000000e+00	-2.166079e+00	-5.139214e-04
-2.670000000000000e+00	-2.165245e+00	-5.047555e-04
-2.660000000000000e+00	-2.164391e+00	-4.956095e-04
-2.649999999999999e+00	-2.163516e+00	-4.864841e-04
-2.640000000000000e+00	-2.162619e+00	-4.773806e-04
-2.630000000000000e+00	-2.161700e+00	-4.682999e-04
-2.620000000000000e+00	-2.160757e+00	-4.592432e-04
-2.609999999999999e+00	-2.159788e+00	-4.502117e-04
-2.600000000000000e+00	-2.158793e+00	-4.412068e-04
-2.590000000000000e+00	-2.157770e+00	-4.322298e-04
-2.580000000000000e+00	-2.156718e+00	-4.232823e-04
-2.570000000000000e+00	-2.155634e+00	-4.143659e-04
-2.560000000000000e+00	-2.154517e+00	-4.054825e-04
-2.550000000000000e+00	-2.153366e+00	-3.966340e-04
-2.540000000000000e+00	-2.152178e+00	-3.878225e-04
-2.530000000000000e+00	-2.150950e+00	-3.790504e-04
-2.520000000000000e+00	-2.149680e+00	-3.703201e-04
-2.510000000000000e+00	-2.148366e+00	-3.616343e-04
-2.500000000000000e+00	-2.147004e+00	-3.529962e-04
-2.490000000000000e+00	-2.145591e+00	-3.444090e-04
-2.480000000000000e+00	-2.144124e+00	-3.358763e-04
-2.470000000000000e+00	-2.142598e+00	-3.274021e-04
-2.460000000000000e+00	-2.141009e+00	-3.189909e-04
-2.450000000000000e+00	-2.139352e+00	-3.106477e-04
-2.440000000000000e+00	-2.137622e+00	-3.023777e-04
-2.430000000000000e+00	-2.135813e+00	-2.941871e-04
-2.420000000000000e+00	-2.133917e+00	-2.860826e-04
-2.410000000000000e+00	-2.131928e+00	-2.780719e-04
-2.399999999999999e+00	-2.129837e+00	-2.701634e-04
-2.390000000000000e+00	-2.127633e+00	-2.623666e-04
-2.380000000000000e+00	-2.125308e+00	-2.546923e-04
-2.370000000000000e+00	-2.122848e+00	-2.471525e-04
-2.359999999999999e+00	-2.120239e+00	-2.397608e-04
-2.350000000000000e+00	-2.117467e+00	-2.325327e-04
-2.340000000000000e+00	-2.114515e+00	-2.254853e-04
-2.330000000000000e+00	-2.111362e+00	-2.186382e-04
-2.320000000000000e+00	-2.107987e+00	-2.120132e-04
-2.310000000000000e+00	-2.104366e+00	-2.056345e-04
-2.300000000000000e+00	-2.100471e+00	-1.995286e-04
-2.290000000000000e+00	-2.096275e+00	-1.937246e-04
-2.280000000000000e+00	-2.091747e+00	-1.882529e-04
-2.270000000000000e+00	-2.086855e+00	-1.831448e-04
-2.260000000000000e+00	-2.081569e+00	-1.784310e-04
-2.250000000000000e+00	-2.075861e+00	-1.741389e-04
-2.240000000000000e+00	-2.069710e+00	-1.702905e-04
-2.230000000000000e+00	-2.063101e+00	-1.668989e-04
-2.220000000000000e+00	-2.056034e+00	-1.639656e-04
-2.210000000000000e+00	-2.048522e+00	-1.614786e-04
-2.200000000000000e+00	-2.040588e+00	-1.594123e-04
-2.190000000000000e+00	-2.032271e+00	-1.577292e-04
-2.180000000000000e+00	-2.023616e+00	-1.563836e-04
-2.170000000000000e+00	-2.014674e+00	-1.553257e-04
-2.160000000000000e+00	-2.005494e+00	-1.545062e-04
-2.149999999999999e+00	-1.996121e+00	-1.538790e-04
-2.140000000000000e+00	-1.986596e+00	-1.534039e-04
-2.130000000000000e+00	-1.976953e+00	-1.530468e-04
-2.120000000000000e+00	-1.967220e+00	-1.527800e-04
-2.109999999999999e+00	-1.957418e+00	-1.525818e-04
-2.100000000000000e+00	-1.947565e+00	-1.524350e-04
-2.090000000000000e+00	-1.937673e+00	-1.523266e-04
-2.080000000000000e+00	-1.927753e+00	-1.522467e-04
-2.069999999999999e+00	-1.917812e+00	-1.521879e-04
-2.060000000000000e+00	-1.907855e+00	-1.521446e-04
-2.050000000000000e+00	-1.897887e+00	-1.521129e-04
-2.040000000000000e+00	-1.887910e+00	-1.520896e-04
-2.030000000000000e+00	-1.877928e+00	-1.520725e-04
-2.020000000000000e+00	-1.867940e+00	-1.520599e-04
-2.010000000000000e+00	-1.857949e+00	-1.520508e-04
-2.000000000000000e+00	-1.847956e+00	-1.520440e-04
-1.990000000000000e+00	-1.837961e+00	-1.520391e-04
-1.980000000000000e+00	-1.827965e+00	-1.520355e-04
-1.970000000000001e+00	-1.817967e+00	-1.520328e-04
-1.959999999999999e+00	-1.807969e+00	-1.520309e-04
-1.949999999999999e+00	-1.797971e+00	-1.520294e-04
-1.940000000000000e+00	-1.787972e+00	-1.520284e-04
-1.930000000000000e+00	-1.777972e+00	-1.520276e-04
-1.920000000000000e+00	-1.767973e+00	-1.520271e-04
-1.910000000000000e+00	-1.757973e+00	-1.520267e-04
-1.900000000000000e+00	-1.747974e+00	-1.520264e-04
-1.890000000000001e+00	-1.737974e+00	-1.520261e-04
-1.879999999999999e+00	-1.727974e+00	-1.520260e-04
-1.869999999999999e+00	-1.717974e+00	-1.520259e-04
-1.859999999999999e+00	-1.707974e+00	-1.520258e-04
-1.850000000000000e+00	-1.697974e+00	-1.520257e-04
-1.840000000000000e+00	-1.687974e+00	-1.520257e-04
-1.830000000000000e+00	-1.677974e+00	-1.520256e-04
-1.820000000000000e+00	-1.667974e+00	-1.520256e-04
-1.810000000000000e+00	-1.657974e+00	-1.520256e-04
-1.800000000000001e+00	-1.647974e+00	-1.520256e-04
-1.789999999999999e+00	-1.637974e+00	-1.520256e-04
-1.779999999999999e+00	-1.627974e+00	-1.520255e-04
-1.770000000000000e+00	-1.617974e+00	-1.520255e-04
-1.760000000000000e+00	-1.607974e+00	-1.520255e-04
-1.750000000000000e+00	-1.597974e+00	-1.520255e-04
-1.740000000000000e+00	-1.587974e+00	-1.520255e-04
-1.730000000000000e+00	-1.577974e+00	-1.520255e-04
-1.720000000000001e+00	-1.567974e+00	-1.520255e-04
-1.709999999999999e+00	-1.557974e+00	-1.520255e-04
-1.699999999999999e+00	-1.547974e+00	-1.520255e-04
-1.690000000000000e+00	-1.537974e+00	-1.520255e-04
-1.680000000000000e+00	-1.527974e+00	-1.520255e-04
-1.670000000000000e+00	-1.517974e+00	-1.520255e-04
-1.660000000000000e+00	-1.507975e+00	-1.520255e-04
-1.650000000000000e+00	-1.497975e+00	-1.520255e-04
-1.640000000000001e+00	-1.487975e+00	-1.520255e-04
-1.629999999999999e+00	-1.477974e+00	-1.520255e-04
-1.619999999999999e+00	-1.467974e+00	-1.520255e-04
-1.609999999999999e+00	-1.457974e+00	-1.520255e-04
-1.600000000000000e+00	-1.447974e+00	-1.520255e-04
-1.590000000000000e+00	-1.437974e+00	-1.520255e-04
-1.580000000000000e+00	-1.427974e+00	-1.520255e-04
-1.570000000000000e+00	-1.417974e+00	-1.520255e-04
-1.560000000000000e+00	-1.407974e+00	-1.520255e-04
-1.550000000000001e+00	-1.397974e+00	-1.520255e-04
-1.539999999999999e+00	-1.387975e+00	-1.520255e-04
-1.529999999999999e+00	-1.377975e+00	-1.520255e-04
-1.520000000000000e+00	-1.367975e+00	-1.520255e-04
-1.510000000000000e+00	-1.357974e+00	-1.520255e-04
-1.500000000000000e+00	-1.347974e+00	-1.520255e-04
-1.490000000000000e+00	-1.337974e+00	-1.520255e-04
-1.480000000000000e+00	-1.327974e+00	-1.520255e-04
-1.470000000000001e+00	-1.317974e+00	-1.520255e-04
-1.459999999999999e+00	-1.307974e+00	-1.520255e-04
-1.449999999999999e+00	-1.297974e+00	-1.520255e-04
-1.440000000000000e+00	-1.287974e+00	-1.520255e-04
-1.430000000000000e+00	-1.277974e+00	-1.520255e-04
-1.420000000000000e+00	-1.267974e+00	-1.520255e-04
-1.410000000000000e+00	-1.257975e+00	-1.520255e-04
-1.400000000000000e+00	-1.247975e+00	-1.520255e-04
-1.390000000000001e+00	-1.237975e+00	-1.520255e-04
-1.379999999999999e+00	-1.227974e+00	-1.520255e-04
-1.369999999999999e+00	-1.217974e+00	-1.520255e-04
-1.359999999999999e+00	-1.207974e+00	-1.520255e-04
-1.350000000000000e+00	-1.197974e+00	-1.520255e-04
-1.340000000000000e+00	-1.187974e+00	-1.520255e-04
-1.330000000000000e+00	-1.177974e+00	-1.520255e-04
-1.320000000000000e+00	-1.167974e+00	-1.520255e-04
-1.310000000000000e+00	-1.157974e+00	-1.520255e-04
-1.299999999999999e+00	-1.147974e+00	-1.520255e-04
-1.289999999999999e+00	-1.137975e+00	-1.520255e-04
-1.279999999999999e+00	-1.127975e+00	-1.520255e-04
-1.270000000000000e+00	-1.117975e+00	-1.520255e-04
-1.260000000000000e+00	-1.107974e+00	-1.520255e-04
-1.250000000000000e+00	-1.097974e+00	-1.520255e-04
-1.240000000000000e+00	-1.087974e+00	-1.520255e-04
-1.230000000000000e+00	-1.077974e+00	-1.520255e-04
-1.220000000000001e+00	-1.067974e+00	-1.520255e-04
-1.209999999999999e+00	-1.057974e+00	-1.520255e-04
-1.199999999999999e+00	-1.047974e+00	-1.520255e-04
-1.190000000000000e+00	-1.037974e+00	-1.520255e-04
-1.180000000000000e+00	-1.027974e+00	-1.520255e-04
-1.170000000000000e+00	-1.017974e+00	-1.520255e-04
-1.160000000000000e+00	-1.007975e+00	-1.520255e-04
-1.150000000000000e+00	-9.979745e-01	-1.520255e-04
-1.140000000000001e+00	-9.879745e-01	-1.520255e-04
-1.129999999999999e+00	-9.779745e-01	-1.520255e-04
-1.119999999999999e+00	-9.679745e-01	-1.520255e-04
-1.109999999999999e+00	-9.579745e-01	-1.520255e-04
-1.100000000000000e+00	-9.479744e-01	-1.520255e-04
-1.090000000000000e+00	-9.379745e-01	-1.520255e-04
-1.080000000000000e+00	-9.279745e-01	-1.520255e-04
-1.070000000000000e+00	-9.179745e-01	-1.520255e-04
-1.060000000000000e+00	-9.079745e-01	-1.520255e-04
-1.049999999999999e+00	-8.979745e-01	-1.520255e-04
-1.039999999999999e+00	-8.879744e-01	-1.520255e-04
-1.029999999999999e+00	-8.779745e-01	-1.520255e-04
-1.020000000000000e+00	-8.679745e-01	-1.520255e-04
-1.010000000000000e+00	-8.579745e-01	-1.520255e-04
-1.000000000000000e+00	-8.479745e-01	-1.520255e-04
-9.900000000000002e-01	-8.379745e-01	-1.520255e-04
-9.800000000000004e-01	-8.279744e-01	-1.520255e-04
-9.700000000000006e-01	-8.179744e-01	-1.520255e-04
-9.599999999999991e-01	-8.079745e-01	-1.520255e-04
-9.499999999999993e-01	-7.979745e-01	-1.520255e-04
-9.399999999999995e-01	-7.879745e-01	-1.520255e-04
-9.299999999999997e-01	-7.779745e-01	-1.520255e-04
-9.199999999999999e-01	-7.679745e-01	-1.520255e-04
-9.100000000000001e-01	-7.579744e-01	-1.520255e-04
-9.000000000000004e-01	-7.479745e-01	-1.520255e-04
-8.900000000000006e-01	-7.379745e-01	-1.520255e-04
-8.799999999999990e-01	-7.279745e-01	-1.520255e-04
-8.699999999999992e-01	-7.179745e-01	-1.520255e-04
-8.599999999999994e-01	-7.079745e-01	-1.520255e-04
-8.499999999999996e-01	-6.979744e-01	-1.520255e-04
-8.399999999999999e-01	-6.879745e-01	-1.520255e-04
-8.300000000000001e-01	-6.779745e-01	-1.520255e-04
-8.200000000000003e-01	-6.679745e-01	-1.520255e-04
-8.100000000000005e-01	-6.579745e-01	-1.520255e-04
-7.999999999999989e-01	-6.479745e-01	-1.520255e-04
-7.899999999999991e-01	-6.379745e-01	-1.520255e-04
-7.799999999999994e-01	-6.279745e-01	-1.520255e-04
-7.699999999999996e-01	-6.179745e-01	-1.520255e-04
-7.599999999999998e-01	-6.079745e-01	-1.520255e-04
-7.500000000000000e-01	-5.979745e-01	-1.520255e-04
-7.400000000000002e-01	-5.879745e-01	-1.520255e-04
-7.300000000000004e-01	-5.779745e-01	-1.520255e-04
-7.200000000000006e-01	-5.679745e-01	-1.520255e-04
-7.099999999999991e-01	-5.579746e-01	-1.520254e-04
-6.999999999999993e-01	-5.479746e-01	-1.520254e-04
-6.899999999999995e-01	-5.379746e-01	-1.520254e-04
-6.799999999999997e-01	-5.279747e-01	-1.520254e-04
-6.699999999999999e-01	-5.179747e-01	-1.520253e-04
-6.600000000000001e-01	-5.079747e-01	-1.520252e-04
-6.500000000000004e-01	-4.979748e-01	-1.520252e-04
-6.400000000000006e-01	-4.879750e-01	-1.520250e-04
-6.299999999999990e-01	-4.779751e-01	-1.520249e-04
-6.199999999999992e-01	-4.679753e-01	-1.520247e-04
-6.099999999999994e-01	-4.579755e-01	-1.520245e-04
-5.999999999999996e-01	-4.479758e-01	-1.520241e-04
-5.899999999999999e-01	-4.379763e-01	-1.520237e-04
-5.800000000000001e-01	-4.279768e-01	-1.520232e-04
-5.700000000000003e-01	-4.179775e-01	-1.520225e-04
-5.600000000000005e-01	-4.079784e-01	-1.520216e-04
-5.499999999999989e-01	-3.979795e-01	-1.520205e-04
-5.399999999999991e-01	-3.879810e-01	-1.520190e-04
-5.299999999999994e-01	-3.779830e-01	-1.520170e-04
-5.199999999999996e-01	-3.679855e-01	-1.520145e-04
-5.099999999999998e-01	-3.579887e-01	-1.520113e-04
-5.000000000000000e-01	-3.479930e-01	-1.520070e-04
-4.900000000000002e-01	-3.379984e-01	-1.520016e-04
-4.800000000000004e-01	-3.280055e-01	-1.519945e-04
-4.700000000000006e-01	-3.180147e-01	-1.519853e-04
-4.599999999999991e-01	-3.080266e-01	-1.519734e-04
-4.499999999999993e-01	-2.980419e-01	-1.519581e-04
-4.399999999999995e-01	-2.880619e-01	-1.519381e-04
-4.299999999999997e-01	-2.780876e-01	-1.519124e-04
-4.199999999999999e-01	-2.681210e-01	-1.518790e-04
-4.100000000000001e-01	-2.581641e-01	-1.518359e-04
-4.000000000000004e-01	-2.482199e-01	-1.517801e-04
-3.900000000000006e-01	-2.382919e-01	-1.517081e-04
-3.799999999999990e-01	-2.283848e-01	-1.516152e-04
-3.699999999999992e-01	-2.185046e-01	-1.514954e-04
-3.599999999999994e-01	-2.086586e-01	-1.513414e-04
-3.499999999999996e-01	-1.988565e-01	-1.511435e-04
-3.399999999999999e-01	-1.891100e-01	-1.508901e-04
-3.300000000000001e-01	-1.794336e-01	-1.505664e-04
-3.200000000000003e-01	-1.698451e-01	-1.501549e-04
-3.100000000000005e-01	-1.603660e-01	-1.496340e-04
-2.999999999999989e-01	-1.510213e-01	-1.489787e-04
-2.899999999999991e-01	-1.418397e-01	-1.481603e-04
-2.799999999999994e-01	-1.328532e-01	-1.471469e-04
-2.699999999999996e-01	-1.240958e-01	-1.459042e-04
-2.599999999999998e-01	-1.156027e-01	-1.443973e-04
-2.500000000000000e-01	-1.074072e-01	-1.425928e-04
-2.400000000000002e-01	-9.953982e-02	-1.404602e-04
-2.300000000000004e-01	-9.202536e-02	-1.379746e-04
-2.200000000000006e-01	-8.488169e-02	-1.351183e-04
-2.099999999999991e-01	-7.811874e-02	-1.318813e-04
-1.999999999999993e-01	-7.173850e-02	-1.282615e-04
-1.899999999999995e-01	-6.573565e-02	-1.242643e-04
-1.799999999999997e-01	-6.009876e-02	-1.199012e-04
-1.699999999999999e-01	-5.481175e-02	-1.151882e-04
-1.600000000000001e-01	-4.985541e-02	-1.101446e-04
-1.500000000000004e-01	-4.520871e-02	-1.047913e-04
-1.400000000000006e-01	-4.084990e-02	-9.915010e-05
-1.299999999999990e-01	-3.675735e-02	-9.324265e-05
-1.199999999999992e-01	-3.291016e-02	-8.708984e-05
-1.099999999999994e-01	-2.928849e-02	-8.071151e-05
-9.999999999999964e-02	-2.587384e-02	-7.412616e-05
-8.999999999999986e-02	-2.264909e-02	-6.735091e-05
-8.000000000000007e-02	-1.959856e-02	-6.040144e-05
-7.000000000000028e-02	-1.670794e-02	-5.329206e-05
-6.000000000000050e-02	-1.396422e-02	-4.603578e-05
-4.999999999999893e-02	-1.135563e-02	-3.864437e-05
-3.999999999999915e-02	-8.871504e-03	-3.112850e-05
-2.999999999999936e-02	-6.502189e-03	-2.349781e-05
-1.999999999999957e-02	-4.238959e-03	-1.576104e-05
-9.999999999999787e-03	-2.073919e-03	-7.926081e-06
0.000000000000000e+00	0.000000e+00	0.000000e+00
9.999999999999787e-03	1.989542e-03	8.010458e-06
1.999999999999957e-02	3.900337e-03	1.609966e-05
2.999999999999936e-02	5.737826e-03	2.426217e-05
4.000000000000092e-02	7.506884e-03	3.249312e-05
5.000000000000071e-02	9.211956e-03	4.078804e-05
6.000000000000050e-02	1.085710e-02	4.914289e-05
7.000000000000028e-02	1.244604e-02	5.755396e-05
8.000000000000007e-02	1.398218e-02	6.601782e-05
8.999999999999986e-02	1.546865e-02	7.453135e-05
9.999999999999964e-02	1.690831e-02	8.309168e-05
1.099999999999994e-01	1.830383e-02	9.169617e-05
1.200000000000010e-01	1.965764e-02	1.003424e-04
1.300000000000008e-01	2.097201e-02	1.090280e-04
1.400000000000006e-01	2.224902e-02	1.177510e-04
1.500000000000004e-01	2.349060e-02	1.265094e-04
1.600000000000001e-01	2.469856e-02	1.353014e-04
1.699999999999999e-01	2.587458e-02	1.441254e-04
1.799999999999997e-01	2.702020e-02	1.529798e-04
1.899999999999995e-01	2.813687e-02	1.618631e-04
2.000000000000011e-01	2.922595e-02	1.707741e-04
2.100000000000009e-01	3.028870e-02	1.797113e-04
2.200000000000006e-01	3.132631e-02	1.886737e-04
2.300000000000004e-01	3.233988e-02	1.976601e-04
2.400000000000002e-01	3.333046e-02	2.066695e-04
2.500000000000000e-01	3.429902e-02	2.157010e-04
2.599999999999998e-01	3.524648e-02	2.247535e-04
2.699999999999996e-01	3.617371e-02	2.338263e-04
2.799999999999994e-01	3.708151e-02	2.429185e-04
2.900000000000009e-01	3.797065e-02	2.520293e-04
3.000000000000007e-01	3.884187e-02	2.611581e-04
3.100000000000005e-01	3.969583e-02	2.703042e-04
3.200000000000003e-01	4.053320e-02	2.794668e-04
3.300000000000001e-01	4.135458e-02	2.886454e-04
3.399999999999999e-01	4.216055e-02	2.978394e-04
3.499999999999996e-01	4.295167e-02	3.070483e-04
3.599999999999994e-01	4.372845e-02	3.162716e-04
3.700000000000010e-01	4.449140e-02	3.255086e-04
3.800000000000008e-01	4.524097e-02	3.347590e-04
3.900000000000006e-01	4.597763e-02	3.440224e-04
4.000000000000004e-01	4.670179e-02	3.532982e-04
4.100000000000001e-01	4.741387e-02	3.625861e-04
4.199999999999999e-01	4.811425e-02	3.718857e-04
4.299999999999997e-01	4.880330e-02	3.811967e-04
4.399999999999995e-01	4.948138e-02	3.905186e-04
4.500000000000011e-01	5.014881e-02	3.998512e-04
4.600000000000009e-01	5.080593e-02	4.091941e-04
4.700000000000006e-01	5.145305e-02	4.185470e-04
4.800000000000004e-01	5.209044e-02	4.279095e-04
4.900000000000002e-01	5.271841e-02	4.372816e-04
5.000000000000000e-01	5.333722e-02	4.466628e-04
5.099999999999998e-01	5.394712e-02	4.560529e-04
5.199999999999996e-01	5.454838e-02	4.654516e-04
5.299999999999994e-01	5.514121e-02	4.748588e-04
5.400000000000009e-01	5.572586e-02	4.842741e-04
5.500000000000007e-01	5.630255e-02	4.936975e-04
5.600000000000005e-01	5.687148e-02	5.031285e-04
5.700000000000003e-01	5.743286e-02	5.125671e-04
5.800000000000001e-01	5.798689e-02	5.220131e-04
5.899999999999999e-01	5.853374e-02	5.314663e-04
5.999999999999996e-01	5.907362e-02	5.409264e-04
6.099999999999994e-01	5.960668e-02	5.503933e-04
6.200000000000010e-01	6.013309e-02	5.598669e-04
6.300000000000008e-01	6.065303e-02	5.693469e-04
6.400000000000006e-01	6.116664e-02	5.788333e-04
6.500000000000004e-01	6.167408e-02	5.883259e-04
6.600000000000001e-01	6.217549e-02	5.978245e-04
6.699999999999999e-01	6.267102e-02	6.073290e-04
6.799999999999997e-01	6.316079e-02	6.168392e-04
6.899999999999995e-01	6.364495e-02	6.263551e-04
7.000000000000011e-01	6.412360e-02	6.358764e-04
7.100000000000009e-01	6.459689e-02	6.454031e-04
7.200000000000006e-01	6.506493e-02	6.549351e-04
7.300000000000004e-01	6.552783e-02	6.644722e-04
7.400000000000002e-01	6.598571e-02	6.740143e-04
7.500000000000000e-01	6.643867e-02	6.835613e-04
7.599999999999998e-01	6.688682e-02	6.931132e-04
7.699999999999996e-01	6.733025e-02	7.026697e-04
7.799999999999994e-01	6.776907e-02	7.122309e-04
7.900000000000009e-01	6.820337e-02	7.217966e-04
8.000000000000007e-01	6.863325e-02	7.313667e-04
8.100000000000005e-01	6.905879e-02	7.409412e-04
8.200000000000003e-01	6.948008e-02	7.505199e-04
8.300000000000001e-01	6.989720e-02	7.601028e-04
8.399999999999999e-01	7.031024e-02	7.696897e-04
8.499999999999996e-01	7.071927e-02	7.792807e-04
8.599999999999994e-01	7.112437e-02	7.888756e-04
8.700000000000010e-01	7.152563e-02	7.984744e-04
8.800000000000008e-01	7.192310e-02	8.080769e-04
8.900000000000006e-01	7.231687e-02	8.176831e-04
9.000000000000004e-01	7.270699e-02	8.272930e-04
9.100000000000001e-01	7.309354e-02	8.369064e-04
9.199999999999999e-01	7.347659e-02	8.465234e-04
9.299999999999997e-01	7.385619e-02	8.561438e-04
9.399999999999995e-01	7.423241e-02	8.657676e-04
9.500000000000011e-01	7.460530e-02	8.753947e-04
9.600000000000009e-01	7.497493e-02	8.850251e-04
9.700000000000006e-01	7.534136e-02	8.946586e-04
9.800000000000004e-01	7.570463e-02	9.042954e-04
9.900000000000002e-01	7.606482e-02	9.139352e-04
1.000000000000000e+00	7.642195e-02	9.235780e-04
1.010000000000000e+00	7.677609e-02	9.332239e-04
1.020000000000000e+00	7.712730e-02	9.428727e-04
1.029999999999999e+00	7.747561e-02	9.525244e-04
1.040000000000001e+00	7.782107e-02	9.621789e-04
1.050000000000001e+00	7.816374e-02	9.718363e-04
1.060000000000000e+00	7.850365e-02	9.814963e-04
1.070000000000000e+00	7.884085e-02	9.911591e-04
1.080000000000000e+00	7.917539e-02	1.000825e-03
1.090000000000000e+00	7.950731e-02	1.010493e-03
1.100000000000000e+00	7.983664e-02	1.020163e-03
1.109999999999999e+00	8.016344e-02	1.029837e-03
1.120000000000001e+00	8.048773e-02	1.039512e-03
1.130000000000001e+00	8.080956e-02	1.049190e-03
1.140000000000001e+00	8.112896e-02	1.058871e-03
1.150000000000000e+00	8.144598e-02	1.068554e-03
1.160000000000000e+00	8.176064e-02	1.078239e-03
1.170000000000000e+00	8.207300e-02	1.087927e-03
1.180000000000000e+00	8.238306e-02	1.097617e-03
1.190000000000000e+00	8.269087e-02	1.107309e-03
1.200000000000001e+00	8.299647e-02	1.117003e-03
1.210000000000001e+00	8.329988e-02	1.126700e-03
1.220000000000001e+00	8.360115e-02	1.136399e-03
1.230000000000000e+00	8.390029e-02	1.146100e-03
1.240000000000000e+00	8.419734e-02	1.155803e-03
1.250000000000000e+00	8.449233e-02	1.165508e-03
1.260000000000000e+00	8.478528e-02	1.175215e-03
1.270000000000000e+00	8.507624e-02	1.184924e-03
1.279999999999999e+00	8.536521e-02	1.194635e-03
1.290000000000001e+00	8.565224e-02	1.204348e-03
1.300000000000001e+00	8.593734e-02	1.214063e-03
1.310000000000000e+00	8.622055e-02	1.223779e-03
1.320000000000000e+00	8.650189e-02	1.233498e-03
1.330000000000000e+00	8.678138e-02	1.243219e-03
1.340000000000000e+00	8.705904e-02	1.252941e-03
1.350000000000000e+00	8.733492e-02	1.262665e-03
1.359999999999999e+00	8.760902e-02	1.272391e-03
1.370000000000001e+00	8.788136e-02	1.282119e-03
1.380000000000001e+00	8.815199e-02	1.291848e-03
1.390000000000001e+00	8.842091e-02	1.301579e-03
1.400000000000000e+00	8.868814e-02	1.311312e-03
1.410000000000000e+00	8.895371e-02	1.321046e-03
1.420000000000000e+00	8.921764e-02	1.330782e-03
1.430000000000000e+00	8.947995e-02	1.340520e-03
1.440000000000000e+00	8.974066e-02	1.350259e-03
1.450000000000001e+00	8.999979e-02	1.360000e-03
1.460000000000001e+00	9.025736e-02	1.369743e-03
1.470000000000001e+00	9.051339e-02	1.379487e-03
1.480000000000000e+00	9.076790e-02	1.389232e-03
1.490000000000000e+00	9.102090e-02	1.398979e-03
1.500000000000000e+00	9.127242e-02	1.408728e-03
1.510000000000000e+00	9.152247e-02	1.418478e-03
1.520000000000000e+00	9.177107e-02	1.428229e-03
1.529999999999999e+00	9.201824e-02	1.437982e-03
1.540000000000001e+00	9.226399e-02	1.447736e-03
1.550000000000001e+00	9.250834e-02	1.457492e-03
1.560000000000000e+00	9.275130e-02	1.467249e-03
1.570000000000000e+00	9.299290e-02	1.477007e-03
1.580000000000000e+00	9.323315e-02	1.486767e-03
1.590000000000000e+00	9.347206e-02	1.496528e-03
1.600000000000000e+00	9.370966e-02	1.506290e-03
1.609999999999999e+00	9.394594e-02	1.516054e-03
1.620000000000001e+00	9.418093e-02	1.525819e-03
1.630000000000001e+00	9.441465e-02	1.535585e-03
1.640000000000001e+00	9.464711e-02	1.545353e-03
1.650000000000000e+00	9.487832e-02	1.555122e-03
1.660000000000000e+00	9.510829e-02	1.564892e-03
1.670000000000000e+00	9.533704e-02	1.574663e-03
1.680000000000000e+00	9.556459e-02	1.584435e-03
1.690000000000000e+00	9.579094e-02	1.594209e-03
1.700000000000001e+00	9.601610e-02	1.603984e-03
1.710000000000001e+00	9.624010e-02	1.613760e-03
1.720000000000001e+00	9.646294e-02	1.623537e-03
1.730000000000000e+00	9.668464e-02	1.633315e-03
1.740000000000000e+00	9.690521e-02	1.643095e-03
1.750000000000000e+00	9.712466e-02	1.652875e-03
1.760000000000000e+00	9.734300e-02	1.662657e-03
1.770000000000000e+00	9.756023e-02	1.672440e-03
1.779999999999999e+00	9.777639e-02	1.682224e-03
1.790000000000001e+00	9.799147e-02	1.692009e-03
1.800000000000001e+00	9.820549e-02	1.701795e-03
1.810000000000000e+00	9.841846e-02	1.711582e-03
1.820000000000000e+00	9.863038e-02	1.721370e-03
1.830000000000000e+00	9.884127e-02	1.731159e-03
1.840000000000000e+00	9.905115e-02	1.740949e-03
1.850000000000000e+00	9.926000e-02	1.750740e-03
1.859999999999999e+00	9.946787e-02	1.760532e-03
1.870000000000001e+00	9.967474e-02	1.770325e-03
1.880000000000001e+00	9.988063e-02	1.780119e-03
1.890000000000001e+00	1.000855e-01	1.789914e-03
1.900000000000000e+00	1.002895e-01	1.799710e-03
1.910000000000000e+00	1.004925e-01	1.809507e-03
1.920000000000000e+00	1.006946e-01	1.819305e-03
1.930000000000000e+00	1.008957e-01	1.829104e-03
1.940000000000000e+00	1.010959e-01	1.838904e-03
1.950000000000001e+00	1.012952e-01	1.848705e-03
1.960000000000001e+00	1.014936e-01	1.858506e-03
1.970000000000001e+00	1.016910e-01	1.868309e-03
1.980000000000000e+00	1.018876e-01	1.878112e-03
1.990000000000000e+00	1.020833e-01	1.887917e-03
2.000000000000000e+00	1.022782e-01	1.897722e-03
2.010000000000000e+00	1.024721e-01	1.907528e-03
2.020000000000000e+00	1.026652e-01	1.917335e-03
2.030000000000001e+00	1.028575e-01	1.927142e-03
2.040000000000001e+00	1.030489e-01	1.936951e-03
2.050000000000001e+00	1.032395e-01	1.946760e-03
2.060000000000000e+00	1.034292e-01	1.956571e-03
2.070000000000000e+00	1.036182e-01	1.966382e-03
2.080000000000000e+00	1.038063e-01	1.976194e-03
2.090000000000000e+00	1.039936e-01	1.986006e-03
2.100000000000000e+00	1.041801e-01	1.995820e-03
2.109999999999999e+00	1.043659e-01	2.005634e-03
2.120000000000001e+00	1.045508e-01	2.015449e-03
2.130000000000001e+00	1.047350e-01	2.025265e-03
2.140000000000001e+00	1.049184e-01	2.035082e-03
2.150000000000000e+00	1.051010e-01	2.044899e-03
2.160000000000000e+00	1.052829e-01	2.054717e-03
2.170000000000000e+00	1.054640e-01	2.064536e-03
2.180000000000000e+00	1.056444e-01	2.074355e-03
2.190000000000000e+00	1.058241e-01	2.084176e-03
2.200000000000001e+00	1.060030e-01	2.093997e-03
2.210000000000001e+00	1.061812e-01	2.103819e-03
2.220000000000001e+00	1.063586e-01	2.113641e-03
2.230000000000000e+00	1.065354e-01	2.123465e-03
2.240000000000000e+00	1.067115e-01	2.133289e-03
2.250000000000000e+00	1.068868e-01	2.143113e-03
2.260000000000000e+00	1.070615e-01	2.152939e-03
2.270000000000000e+00	1.072354e-01	2.162765e-03
2.280000000000001e+00	1.074087e-01	2.172591e-03
2.290000000000001e+00	1.075813e-01	2.182419e-03
2.300000000000001e+00	1.077533e-01	2.192247e-03
2.310000000000000e+00	1.079246e-01	2.202075e-03
2.320000000000000e+00	1.080952e-01	2.211905e-03
2.330000000000000e+00	1.082651e-01	2.221735e-03
2.340000000000000e+00	1.084344e-01	2.231566e-03
2.350000000000000e+00	1.086031e-01	2.241397e-03
2.359999999999999e+00	1.087711e-01	2.251229e-03
2.370000000000001e+00	1.089385e-01	2.261061e-03
2.380000000000001e+00	1.091052e-01	2.270895e-03
2.390000000000001e+00	1.092714e-01	2.280729e-03
2.400000000000000e+00	1.094369e-01	2.290563e-03
2.410000000000000e+00	1.096018e-01	2.300398e-03
2.420000000000000e+00	1.097660e-01	2.310234e-03
2.430000000000000e+00	1.099297e-01	2.320070e-03
2.440000000000000e+00	1.100928e-01	2.329907e-03
2.450000000000001e+00	1.102553e-01	2.339745e-03
2.460000000000001e+00	1.104172e-01	2.349583e-03
2.470000000000001e+00	1.105785e-01	2.359421e-03
2.480000000000000e+00	1.107392e-01	2.369261e-03
2.490000000000000e+00	1.108993e-01	2.379101e-03
2.500000000000000e+00	1.110589e-01	2.388941e-03
2.510000000000000e+00	1.112179e-01	2.398782e-03
2.520000000000000e+00	1.113763e-01	2.408624e-03
2.530000000000001e+00	1.115342e-01	2.418466e-03
2.540000000000001e+00	1.116915e-01	2.428309e-03
2.550000000000001e+00	1.118483e-01	2.438152e-03
2.560000000000000e+00	1.120045e-01	2.447996e-03
2.570000000000000e+00	1.121601e-01	2.457840e-03
2.580000000000000e+00	1.123153e-01	2.467685e-03
2.590000000000000e+00	1.124699e-01	2.477530e-03
2.600000000000000e+00	1.126239e-01	2.487376e-03
2.609999999999999e+00	1.127774e-01	2.497223e-03
2.620000000000001e+00	1.129304e-01	2.507070e-03
2.630000000000001e+00	1.130829e-01	2.516917e-03
2.640000000000001e+00	1.132349e-01	2.526765e-03
2.650000000000000e+00	1.133863e-01	2.536614e-03
2.660000000000000e+00	1.135373e-01	2.546463e-03
2.670000000000000e+00	1.136877e-01	2.556312e-03
2.680000000000000e+00	1.138377e-01	2.566162e-03
2.690000000000000e+00	1.139871e-01	2.576013e-03
2.700000000000001e+00	1.141360e-01	2.585864e-03
2.710000000000001e+00	1.142845e-01	2.595715e-03
2.720000000000001e+00	1.144324e-01	2.605567e-03
2.730000000000000e+00	1.145799e-01	2.615420e-03
2.740000000000000e+00	1.147269e-01	2.625273e-03
2.750000000000000e+00	1.148734e-01	2.635127e-03
2.760000000000000e+00	1.150194e-01	2.644981e-03
2.770000000000000e+00	1.151650e-01	2.654835e-03
2.780000000000001e+00	1.153101e-01	2.664690e-03
2.790000000000001e+00	1.154547e-01	2.674545e-03
2.800000000000001e+00	1.155989e-01	2.684401e-03
2.810000000000000e+00	1.157426e-01	2.694257e-03
2.820000000000000e+00	1.158859e-01	2.704114e-03
2.830000000000000e+00	1.160287e-01	2.713971e-03
2.840000000000000e+00	1.161710e-01	2.723829e-03
2.850000000000000e+00	1.163129e-01	2.733687e-03
2.859999999999999e+00	1.164544e-01	2.743546e-03
2.870000000000001e+00	1.165954e-01	2.753405e-03
2.880000000000001e+00	1.167360e-01	2.763264e-03
2.890000000000001e+00	1.168761e-01	2.773124e-03
2.900000000000000e+00	1.170158e-01	2.782984e-03
2.910000000000000e+00	1.171551e-01	2.792845e-03
2.920000000000000e+00	1.172940e-01	2.802706e-03
2.930000000000000e+00	1.174324e-01	2.812568e-03
2.940000000000000e+00	1.175704e-01	2.822430e-03
2.950000000000001e+00	1.177080e-01	2.832292e-03
2.960000000000001e+00	1.178452e-01	2.842155e-03
2.970000000000001e+00	1.179819e-01	2.852018e-03
2.980000000000000e+00	1.181183e-01	2.861882e-03
2.990000000000000e+00	1.182543e-01	2.871746e-03
3.000000000000000e+00	1.183898e-01	2.881610e-03
3.010000000000000e+00	1.185249e-01	2.891475e-03
3.020000000000000e+00	1.186597e-01	2.901340e-03
3.030000000000001e+00	1.187940e-01	2.911206e-03
3.040000000000001e+00	1.189280e-01	2.921072e-03
3.050000000000001e+00	1.190615e-01	2.930938e-03
3.060000000000000e+00	1.191947e-01	2.940805e-03
3.070000000000000e+00	1.193274e-01	2.950673e-03
3.080000000000000e+00	1.194598e-01	2.960540e-03
3.090000000000000e+00	1.195919e-01	2.970408e-03
3.100000000000000e+00	1.197235e-01	2.980276e-03
3.109999999999999e+00	1.198547e-01	2.990145e-03
3.120000000000001e+00	1.199856e-01	3.000014e-03
3.130000000000001e+00	1.201161e-01	3.009884e-03
3.140000000000001e+00	1.202462e-01	3.019754e-03
3.150000000000000e+00	1.203760e-01	3.029624e-03
3.160000000000000e+00	1.205054e-01	3.039495e-03
3.170000000000000e+00	1.206344e-01	3.049365e-03
3.180000000000000e+00	1.207631e-01	3.059237e-03
3.190000000000000e+00	1.208914e-01	3.069109e-03
3.200000000000001e+00	1.210194e-01	3.078981e-03
3.210000000000001e+00	1.211469e-01	3.088853e-03
3.220000000000001e+00	1.212742e-01	3.098726e-03
3.230000000000000e+00	1.214011e-01	3.108599e-03
3.240000000000000e+00	1.215276e-01	3.118472e-03
3.250000000000000e+00	1.216538e-01	3.128346e-03
3.260000000000000e+00	1.217797e-01	3.138220e-03
3.270000000000000e+00	1.219052e-01	3.148095e-03
3.280000000000001e+00	1.220303e-01	3.157970e-03
3.290000000000001e+00	1.221552e-01	3.167845e-03
3.300000000000001e+00	1.222796e-01	3.177720e-03
3.310000000000000e+00	1.224038e-01	3.187596e-03
3.320000000000000e+00	1.225276e-01	3.197472e-03
3.330000000000000e+00	1.226511e-01	3.207349e-03
3.340000000000000e+00	1.227743e-01	3.217226e-03
3.350000000000000e+00	1.228971e-01	3.227103e-03
3.359999999999999e+00	1.230196e-01	3.236980e-03
3.370000000000001e+00	1.231418e-01	3.246858e-03
3.380000000000001e+00	1.232636e-01	3.256736e-03
3.390000000000001e+00	1.233852e-01	3.266615e-03
3.400000000000000e+00	1.235064e-01	3.276494e-03
3.410000000000000e+00	1.236273e-01	3.286373e-03
3.420000000000000e+00	1.237479e-01	3.296252e-03
3.430000000000000e+00	1.238682e-01	3.306132e-03
3.440000000000000e+00	1.239881e-01	3.316012e-03
3.450000000000001e+00	1.241078e-01	3.325892e-03
3.460000000000001e+00	1.242271e-01	3.335773e-03
3.470000000000001e+00	1.243462e-01	3.345654e-03
3.480000000000000e+00	1.244649e-01	3.355535e-03
3.490000000000000e+00	1.245834e-01	3.365417e-03
3.500000000000000e+00	1.247015e-01	3.375299e-03
3.510000000000000e+00	1.248193e-01	3.385181e-03
3.520000000000000e+00	1.249369e-01	3.395063e-03
3.530000000000001e+00	1.250541e-01	3.404946e-03
3.540000000000001e+00	1.251711e-01	3.414829e-03
3.550000000000001e+00	1.252877e-01	3.424712e-03
3.560000000000000e+00	1.254041e-01	3.434596e-03
3.570000000000000e+00	1.255202e-01	3.444480e-03
3.580000000000000e+00	1.256359e-01	3.454364e-03
3.590000000000000e+00	1.257514e-01	3.464248e-03
3.600000000000000e+00	1.258667e-01	3.474133e-03
3.609999999999999e+00	1.259816e-01	3.484018e-03
3.620000000000001e+00	1.260962e-01	3.493904e-03
3.630000000000001e+00	1.262106e-01	3.503789e-03
3.640000000000001e+00	1.263247e-01	3.513675e-03
3.650000000000000e+00	1.264385e-01	3.523561e-03
3.660000000000000e+00	1.265520e-01	3.533448e-03
3.670000000000000e+00	1.266653e-01	3.543335e-03
3.680000000000000e+00	1.267783e-01	3.553222e-03
3.690000000000000e+00	1.268910e-01	3.563109e-03
3.700000000000001e+00	1.270035e-01	3.572996e-03
3.710000000000001e+00	1.271156e-01	3.582884e-03
3.720000000000001e+00	1.272275e-01	3.592772e-03
3.730000000000000e+00	1.273392e-01	3.602661e-03
3.740000000000000e+00	1.274506e-01	3.612550e-03
3.750000000000000e+00	1.275617e-01	3.622438e-03
3.760000000000000e+00	1.276725e-01	3.632328e-03
3.770000000000000e+00	1.277831e-01	3.642217e-03
3.780000000000001e+00	1.278935e-01	3.652107e-03
3.790000000000001e+00	1.280036e-01	3.661996e-03
3.800000000000001e+00	1.281134e-01	3.671887e-03
3.810000000000000e+00	1.282229e-01	3.681777e-03
3.820000000000000e+00	1.283322e-01	3.691668e-03
3.830000000000000e+00	1.284413e-01	3.701559e-03
3.840000000000000e+00	1.285501e-01	3.711450e-03
3.850000000000000e+00	1.286587e-01	3.721341e-03
3.859999999999999e+00	1.287670e-01	3.731233e-03
3.870000000000001e+00	1.288750e-01	3.741125e-03
3.880000000000001e+00	1.289828e-01	3.751017e-03
3.890000000000001e+00	1.290904e-01	3.760910e-03
3.900000000000000e+00	1.291977e-01	3.770802e-03
3.910000000000000e+00	1.293048e-01	3.780695e-03
3.920000000000000e+00	1.294117e-01	3.790588e-03
3.930000000000000e+00	1.295183e-01	3.800482e-03
3.940000000000000e+00	1.296246e-01	3.810375e-03
3.950000000000001e+00	1.297307e-01	3.820269e-03
3.960000000000001e+00	1.298366e-01	3.830163e-03
3.970000000000001e+00	1.299423e-01	3.840058e-03
3.980000000000000e+00	1.300477e-01	3.849952e-03
3.990000000000000e+00	1.301529e-01	3.859847e-03
4.000000000000000e+00	1.302578e-01	3.869742e-03
4.010000000000000e+00	1.303625e-01	3.879637e-03
4.020000000000000e+00	1.304670e-01	3.889533e-03
4.030000000000001e+00	1.305713e-01	3.899429e-03
4.040000000000001e+00	1.306753e-01	3.909325e-03
4.050000000000001e+00	1.307791e-01	3.919221e-03
4.060000000000000e+00	1.308827e-01	3.929117e-03
4.070000000000000e+00	1.309861e-01	3.939014e-03
4.080000000000000e+00	1.310892e-01	3.948911e-03
4.090000000000000e+00	1.311921e-01	3.958808e-03
4.100000000000000e+00	1.312948e-01	3.968705e-03
4.109999999999999e+00	1.313973e-01	3.978603e-03
4.120000000000001e+00	1.314995e-01	3.988501e-03
4.130000000000001e+00	1.316015e-01	3.998398e-03
4.140000000000001e+00	1.317033e-01	4.008297e-03
4.150000000000000e+00	1.318049e-01	4.018195e-03
4.160000000000000e+00	1.319063e-01	4.028094e-03
4.170000000000000e+00	1.320075e-01	4.037993e-03
4.180000000000000e+00	1.321084e-01	4.047892e-03
4.190000000000000e+00	1.322092e-01	4.057791e-03
4.200000000000001e+00	1.323097e-01	4.067690e-03
4.210000000000001e+00	1.324100e-01	4.077590e-03
4.220000000000001e+00	1.325102e-01	4.087490e-03
4.230000000000000e+00	1.326101e-01	4.097390e-03
4.240000000000000e+00	1.327098e-01	4.107290e-03
4.250000000000000e+00	1.328092e-01	4.117191e-03
4.260000000000000e+00	1.329085e-01	4.127091e-03
4.270000000000000e+00	1.330076e-01	4.136993e-03
4.280000000000001e+00	1.331065e-01	4.146894e-03
4.290000000000001e+00	1.332051e-01	4.156795e-03
4.300000000000001e+00	1.333036e-01	4.166696e-03
4.310000000000000e+00	1.334019e-01	4.176598e-03
4.320000000000000e+00	1.335000e-01	4.186500e-03
4.330000000000000e+00	1.335978e-01	4.196402e-03
4.340000000000000e+00	1.336955e-01	4.206304e-03
4.350000000000000e+00	1.337930e-01	4.216207e-03
4.359999999999999e+00	1.338903e-01	4.226110e-03
4.370000000000001e+00	1.339874e-01	4.236013e-03
4.380000000000001e+00	1.340842e-01	4.245916e-03
4.390000000000001e+00	1.341809e-01	4.255819e-03
4.400000000000000e+00	1.342774e-01	4.265722e-03
4.410000000000000e+00	1.343737e-01	4.275626e-03
4.420000000000000e+00	1.344699e-01	4.285530e-03
4.430000000000000e+00	1.345658e-01	4.295434e-03
4.440000000000000e+00	1.346615e-01	4.305338e-03
4.450000000000001e+00	1.347571e-01	4.315243e-03
4.460000000000001e+00	1.348524e-01	4.325148e-03
4.470000000000001e+00	1.349476e-01	4.335052e-03
4.480000000000000e+00	1.350426e-01	4.344957e-03
4.490000000000000e+00	1.351374e-01	4.354862e-03
4.500000000000000e+00	1.352320e-01	4.364768e-03
4.510000000000000e+00	1.353265e-01	4.374674e-03
4.520000000000000e+00	1.354207e-01	4.384579e-03
4.530000000000001e+00	1.355148e-01	4.394485e-03
4.540000000000001e+00	1.356087e-01	4.404391e-03
4.550000000000001e+00	1.357024e-01	4.414298e-03
4.560000000000000e+00	1.357959e-01	4.424204e-03
4.570000000000000e+00	1.358893e-01	4.434111e-03
4.580000000000000e+00	1.359824e-01	4.444018e-03
4.590000000000000e+00	1.360754e-01	4.453924e-03
4.600000000000000e+00	1.361682e-01	4.463832e-03
4.609999999999999e+00	1.362609e-01	4.473739e-03
4.620000000000001e+00	1.363534e-01	4.483647e-03
4.630000000000001e+00	1.364456e-01	4.493555e-03
4.640000000000001e+00	1.365378e-01	4.503462e-03
4.650000000000000e+00	1.366297e-01	4.513370e-03
4.660000000000000e+00	1.367215e-01	4.523279e-03
4.670000000000000e+00	1.368131e-01	4.533187e-03
4.680000000000000e+00	1.369045e-01	4.543095e-03
4.690000000000000e+00	1.369958e-01	4.553004e-03
4.700000000000001e+00	1.370868e-01	4.562913e-03
4.710000000000001e+00	1.371778e-01	4.572822e-03
4.720000000000001e+00	1.372685e-01	4.582732e-03
4.730000000000000e+00	1.373591e-01	4.592641e-03
4.740000000000000e+00	1.374495e-01	4.602551e-03
4.750000000000000e+00	1.375398e-01	4.612460e-03
4.760000000000000e+00	1.376299e-01	4.622370e-03
4.770000000000000e+00	1.377198e-01	4.632280e-03
4.780000000000001e+00	1.378095e-01	4.642190e-03
4.790000000000001e+00	1.378991e-01	4.652101e-03
4.800000000000001e+00	1.379886e-01	4.662011e-03
4.810000000000000e+00	1.380778e-01	4.671922e-03
4.820000000000000e+00	1.381669e-01	4.681833e-03
4.830000000000000e+00	1.382559e-01	4.691744e-03
4.840000000000000e+00	1.383447e-01	4.701655e-03
4.850000000000000e+00	1.384333e-01	4.711566e-03
4.859999999999999e+00	1.385217e-01	4.721478e-03
4.870000000000001e+00	1.386101e-01	4.731390e-03
4.880000000000001e+00	1.386982e-01	4.741302e-03
4.890000000000001e+00	1.387862e-01	4.751214e-03
4.900000000000000e+00	1.388741e-01	4.761126e-03
4.910000000000000e+00	1.389617e-01	4.771038e-03
4.920000000000000e+00	1.390493e-01	4.780951e-03
4.930000000000000e+00	1.391366e-01	4.790863e-03
4.940000000000000e+00	1.392238e-01	4.800776e-03
4.950000000000001e+00	1.393109e-01	4.810689e-03
4.960000000000001e+00	1.393978e-01	4.820602e-03
4.970000000000001e+00	1.394846e-01	4.830515e-03
4.980000000000000e+00	1.395712e-01	4.840429e-03
4.990000000000000e+00	1.396577e-01	4.850342e-03
5.000000000000000e+00	1.397440e-01	4.860256e-03
5.010000000000000e+00	1.398301e-01	4.870170e-03
5.020000000000000e+00	1.399161e-01	4.880084e-03
5.030000000000001e+00	1.400020e-01	4.889998e-03
5.040000000000001e+00	1.400877e-01	4.899913e-03
5.050000000000001e+00	1.401733e-01	4.909827e-03
5.060000000000000e+00	1.402587e-01	4.919741e-03
5.070000000000000e+00	1.403440e-01	4.929656e-03
5.080000000000000e+00	1.404291e-01	4.939571e-03
5.090000000000000e+00	1.405141e-01	4.949486e-03
5.100000000000000e+00	1.405989e-01	4.959401e-03
5.109999999999999e+00	1.406836e-01	4.969317e-03
5.120000000000001e+00	1.407682e-01	4.979232e-03
5.130000000000001e+00	1.408526e-01	4.989147e-03
5.140000000000001e+00	1.409369e-01	4.999063e-03
5.150000000000000e+00	1.410210e-01	5.008979e-03
5.160000000000000e+00	1.411050e-01	5.018895e-03
5.170000000000000e+00	1.411888e-01	5.028811e-03
5.180000000000000e+00	1.412725e-01	5.038728e-03
5.190000000000000e+00	1.413561e-01	5.048644e-03
5.200000000000001e+00	1.414395e-01	5.058561e-03
5.210000000000001e+00	1.415228e-01	5.068477e-03
5.220000000000001e+00	1.416059e-01	5.078394e-03
5.230000000000000e+00	1.416889e-01	5.088311e-03
5.240000000000000e+00	1.417718e-01	5.098228e-03
5.250000000000000e+00	1.418545e-01	5.108146e-03
5.260000000000000e+00	1.419371e-01	5.118063e-03
5.270000000000000e+00	1.420196e-01	5.127980e-03
5.280000000000001e+00	1.421019e-01	5.137898e-03
5.290000000000001e+00	1.421841e-01	5.147816e-03
5.300000000000001e+00	1.422662e-01	5.157734e-03
5.310000000000000e+00	1.423481e-01	5.167652e-03
5.320000000000000e+00	1.424299e-01	5.177570e-03
5.330000000000000e+00	1.425116e-01	5.187489e-03
5.340000000000000e+00	1.425931e-01	5.197407e-03
5.350000000000000e+00	1.426745e-01	5.207325e-03
5.359999999999999e+00	1.427558e-01	5.217244e-03
5.370000000000001e+00	1.428369e-01	5.227163e-03
5.380000000000001e+00	1.429179e-01	5.237082e-03
5.390000000000001e+00	1.429988e-01	5.247001e-03
5.400000000000000e+00	1.430795e-01	5.256921e-03
5.410000000000000e+00	1.431601e-01	5.266840e-03
5.420000000000000e+00	1.432406e-01	5.276759e-03
5.430000000000000e+00	1.433210e-01	5.286679e-03
5.440000000000000e+00	1.434012e-01	5.296599e-03
5.450000000000001e+00	1.434813e-01	5.306519e-03
5.460000000000001e+00	1.435613e-01	5.316439e-03
5.470000000000001e+00	1.436412e-01	5.326359e-03
5.480000000000000e+00	1.437209e-01	5.336279e-03
5.490000000000000e+00	1.438005e-01	5.346199e-03
5.500000000000000e+00	1.438800e-01	5.356120e-03
5.510000000000000e+00	1.439593e-01	5.366041e-03
5.520000000000000e+00	1.440386e-01	5.375961e-03
5.530000000000001e+00	1.441177e-01	5.385882e-03
5.540000000000001e+00	1.441967e-01	5.395803e-03
5.550000000000001e+00	1.442755e-01	5.405725e-03
5.560000000000000e+00	1.443543e-01	5.415646e-03
5.570000000000000e+00	1.444329e-01	5.425567e-03
5.580000000000000e+00	1.445114e-01	5.435489e-03
5.590000000000000e+00	1.445898e-01	5.445410e-03
5.600000000000000e+00	1.446680e-01	5.455332e-03
5.610000000000001e+00	1.447462e-01	5.465254e-03
5.620000000000001e+00	1.448242e-01	5.475176e-03
5.630000000000001e+00	1.449021e-01	5.485098e-03
5.640000000000001e+00	1.449799e-01	5.495020e-03
5.650000000000000e+00	1.450575e-01	5.504942e-03
5.660000000000000e+00	1.451351e-01	5.514865e-03
5.670000000000000e+00	1.452125e-01	5.524788e-03
5.680000000000000e+00	1.452898e-01	5.534710e-03
5.690000000000000e+00	1.453670e-01	5.544633e-03
5.700000000000001e+00	1.454441e-01	5.554556e-03
5.710000000000001e+00	1.455210e-01	5.564479e-03
5.720000000000001e+00	1.455979e-01	5.574402e-03
5.730000000000000e+00	1.456746e-01	5.584325e-03
5.740000000000000e+00	1.457513e-01	5.594249e-03
5.750000000000000e+00	1.458278e-01	5.604172e-03
5.760000000000000e+00	1.459041e-01	5.614096e-03
5.770000000000000e+00	1.459804e-01	5.624020e-03
5.780000000000001e+00	1.460566e-01	5.633943e-03
5.790000000000001e+00	1.461326e-01	5.643867e-03
5.800000000000001e+00	1.462086e-01	5.653792e-03
5.810000000000000e+00	1.462844e-01	5.663716e-03
5.820000000000000e+00	1.463601e-01	5.673640e-03
5.830000000000000e+00	1.464357e-01	5.683564e-03
5.840000000000000e+00	1.465112e-01	5.693489e-03
5.850000000000000e+00	1.465866e-01	5.703413e-03
5.860000000000001e+00	1.466619e-01	5.713338e-03
5.870000000000001e+00	1.467370e-01	5.723263e-03
5.880000000000001e+00	1.468121e-01	5.733188e-03
5.890000000000001e+00	1.468870e-01	5.743113e-03
5.900000000000000e+00	1.469619e-01	5.753038e-03
5.910000000000000e+00	1.470366e-01	5.762964e-03
5.920000000000000e+00	1.471112e-01	5.772889e-03
5.930000000000000e+00	1.471857e-01	5.782814e-03
5.940000000000000e+00	1.472601e-01	5.792740e-03
5.950000000000001e+00	1.473344e-01	5.802665e-03
5.960000000000001e+00	1.474086e-01	5.812591e-03
5.970000000000001e+00	1.474827e-01	5.822517e-03
5.980000000000000e+00	1.475567e-01	5.832443e-03
5.990000000000000e+00	1.476306e-01	5.842370e-03
6.000000000000000e+00	1.477043e-01	5.852296e-03
6.010000000000002e+00	1.477780e-01	5.862222e-03
6.020000000000000e+00	1.478515e-01	5.872149e-03
6.030000000000001e+00	1.479250e-01	5.882075e-03
6.039999999999999e+00	1.479984e-01	5.892002e-03
6.050000000000001e+00	1.480716e-01	5.901929e-03
6.059999999999999e+00	1.481448e-01	5.911855e-03
6.070000000000000e+00	1.482178e-01	5.921782e-03
6.080000000000002e+00	1.482907e-01	5.931709e-03
6.090000000000000e+00	1.483636e-01	5.941636e-03
6.100000000000001e+00	1.484363e-01	5.951564e-03
6.109999999999999e+00	1.485090e-01	5.961491e-03
6.120000000000001e+00	1.485815e-01	5.971419e-03
6.129999999999999e+00	1.486539e-01	5.981346e-03
6.140000000000001e+00	1.487263e-01	5.991274e-03
6.149999999999999e+00	1.487985e-01	6.001201e-03
6.160000000000000e+00	1.488706e-01	6.011129e-03
6.170000000000002e+00	1.489427e-01	6.021057e-03
6.180000000000000e+00	1.490146e-01	6.030986e-03
6.190000000000001e+00	1.490864e-01	6.040914e-03
6.199999999999999e+00	1.491582e-01	6.050842e-03
6.210000000000001e+00	1.492298e-01	6.060770e-03
6.219999999999999e+00	1.493014e-01	6.070699e-03
6.230000000000000e+00	1.493728e-01	6.080627e-03
6.240000000000002e+00	1.494442e-01	6.090556e-03
6.250000000000000e+00	1.495154e-01	6.100485e-03
6.260000000000002e+00	1.495866e-01	6.110413e-03
6.270000000000000e+00	1.496576e-01	6.120342e-03
6.280000000000001e+00	1.497286e-01	6.130272e-03
6.289999999999999e+00	1.497995e-01	6.140200e-03
6.300000000000001e+00	1.498702e-01	6.150130e-03
6.309999999999999e+00	1.499409e-01	6.160059e-03
6.320000000000000e+00	1.500115e-01	6.169988e-03
6.330000000000002e+00	1.500820e-01	6.179918e-03
6.340000000000000e+00	1.501524e-01	6.189848e-03
6.350000000000001e+00	1.502227e-01	6.199777e-03
6.359999999999999e+00	1.502929e-01	6.209707e-03
6.370000000000001e+00	1.503630e-01	6.219637e-03
6.379999999999999e+00	1.504330e-01	6.229567e-03
6.390000000000001e+00	1.505029e-01	6.239497e-03
6.399999999999999e+00	1.505728e-01	6.249427e-03
6.410000000000000e+00	1.506425e-01	6.259358e-03
6.420000000000002e+00	1.507121e-01	6.269288e-03
6.430000000000000e+00	1.507817e-01	6.279218e-03
6.440000000000001e+00	1.508512e-01	6.289149e-03
6.449999999999999e+00	1.509206e-01	6.299079e-03
6.460000000000001e+00	1.509898e-01	6.309010e-03
6.469999999999999e+00	1.510590e-01	6.318941e-03
6.480000000000000e+00	1.511281e-01	6.328872e-03
6.490000000000002e+00	1.511972e-01	6.338803e-03
6.500000000000000e+00	1.512661e-01	6.348734e-03
6.510000000000002e+00	1.513349e-01	6.358665e-03
6.520000000000000e+00	1.514037e-01	6.368597e-03
6.530000000000001e+00	1.514723e-01	6.378528e-03
6.539999999999999e+00	1.515409e-01	6.388459e-03
6.550000000000001e+00	1.516094e-01	6.398391e-03
6.559999999999999e+00	1.516778e-01	6.408322e-03
6.570000000000000e+00	1.517460e-01	6.418254e-03
6.580000000000002e+00	1.518143e-01	6.428186e-03
6.590000000000000e+00	1.518824e-01	6.438117e-03
6.600000000000001e+00	1.519504e-01	6.448050e-03
6.609999999999999e+00	1.520184e-01	6.457982e-03
6.620000000000001e+00	1.520863e-01	6.467914e-03
6.629999999999999e+00	1.521540e-01	6.477846e-03
6.640000000000001e+00	1.522217e-01	6.487778e-03
6.649999999999999e+00	1.522894e-01	6.497710e-03
6.660000000000000e+00	1.523569e-01	6.507643e-03
6.670000000000002e+00	1.524243e-01	6.517576e-03
6.680000000000000e+00	1.524917e-01	6.527508e-03
6.690000000000001e+00	1.525589e-01	6.537441e-03
6.699999999999999e+00	1.526261e-01	6.547374e-03
6.710000000000001e+00	1.526932e-01	6.557307e-03
6.719999999999999e+00	1.527603e-01	6.567240e-03
6.730000000000000e+00	1.528272e-01	6.577173e-03
6.740000000000002e+00	1.528940e-01	6.587106e-03
6.750000000000000e+00	1.529608e-01	6.597039e-03
6.760000000000002e+00	1.530275e-01	6.606972e-03
6.770000000000000e+00	1.530941e-01	6.616906e-03
6.780000000000001e+00	1.531606e-01	6.626839e-03
6.789999999999999e+00	1.532270e-01	6.636773e-03
6.800000000000001e+00	1.532934e-01	6.646707e-03
6.809999999999999e+00	1.533597e-01	6.656640e-03
6.820000000000000e+00	1.534259e-01	6.666574e-03
6.830000000000002e+00	1.534920e-01	6.676508e-03
6.840000000000000e+00	1.535580e-01	6.686442e-03
6.850000000000001e+00	1.536239e-01	6.696376e-03
6.859999999999999e+00	1.536898e-01	6.706310e-03
6.870000000000001e+00	1.537556e-01	6.716244e-03
6.879999999999999e+00	1.538213e-01	6.726179e-03
6.890000000000001e+00	1.538869e-01	6.736113e-03
6.899999999999999e+00	1.539525e-01	6.746048e-03
6.910000000000000e+00	1.540179e-01	6.755982e-03
6.920000000000002e+00	1.540833e-01	6.765916e-03
6.930000000000000e+00	1.541486e-01	6.775851e-03
6.940000000000001e+00	1.542139e-01	6.785786e-03
6.949999999999999e+00	1.542790e-01	6.795721e-03
6.960000000000001e+00	1.543441e-01	6.805656e-03
6.969999999999999e+00	1.544091e-01	6.815591e-03
6.980000000000000e+00	1.544740e-01	6.825526e-03
6.990000000000002e+00	1.545388e-01	6.835461e-03
7.000000000000000e+00	1.546036e-01	6.845396e-03
7.010000000000002e+00	1.546683e-01	6.855332e-03
7.020000000000000e+00	1.547329e-01	6.865267e-03
7.030000000000001e+00	1.547974e-01	6.875203e-03
7.039999999999999e+00	1.548619e-01	6.885138e-03
7.050000000000001e+00	1.549263e-01	6.895074e-03
7.059999999999999e+00	1.549906e-01	6.905010e-03
7.070000000000000e+00	1.550548e-01	6.914945e-03
7.080000000000002e+00	1.551189e-01	6.924881e-03
7.090000000000000e+00	1.551830e-01	6.934817e-03
7.100000000000001e+00	1.552470e-01	6.944753e-03
7.109999999999999e+00	1.553109e-01	6.954689e-03
7.120000000000001e+00	1.553748e-01	6.964625e-03
7.129999999999999e+00	1.554385e-01	6.974562e-03
7.140000000000001e+00	1.555022e-01	6.984498e-03
7.150000000000002e+00	1.555659e-01	6.994434e-03
7.160000000000000e+00	1.556294e-01	7.004370e-03
7.170000000000002e+00	1.556929e-01	7.014307e-03
7.180000000000000e+00	1.557563e-01	7.024244e-03
7.190000000000001e+00	1.558196e-01	7.034180e-03
7.199999999999999e+00	1.558829e-01	7.044117e-03
7.210000000000001e+00	1.559461e-01	7.054054e-03
7.219999999999999e+00	1.560092e-01	7.063991e-03
7.230000000000000e+00	1.560722e-01	7.073928e-03
7.240000000000002e+00	1.561352e-01	7.083865e-03
7.250000000000000e+00	1.561981e-01	7.093802e-03
7.260000000000002e+00	1.562609e-01	7.103739e-03
7.270000000000000e+00	1.563236e-01	7.113677e-03
7.280000000000001e+00	1.563863e-01	7.123614e-03
7.289999999999999e+00	1.564489e-01	7.133551e-03
7.300000000000001e+00	1.565114e-01	7.143489e-03
7.309999999999999e+00	1.565739e-01	7.153426e-03
7.320000000000000e+00	1.566363e-01	7.163364e-03
7.330000000000002e+00	1.566986e-01	7.173301e-03
7.340000000000000e+00	1.567609e-01	7.183239e-03
7.350000000000001e+00	1.568231e-01	7.193177e-03
7.359999999999999e+00	1.568852e-01	7.203115e-03
7.370000000000001e+00	1.569472e-01	7.213053e-03
7.379999999999999e+00	1.570092e-01	7.222991e-03
7.390000000000001e+00	1.570711e-01	7.232929e-03
7.400000000000002e+00	1.571329e-01	7.242867e-03
7.410000000000000e+00	1.571947e-01	7.252805e-03
7.420000000000002e+00	1.572563e-01	7.262744e-03
7.430000000000000e+00	1.573180e-01	7.272682e-03
7.440000000000001e+00	1.573795e-01	7.282620e-03
7.449999999999999e+00	1.574410e-01	7.292559e-03
7.460000000000001e+00	1.575024e-01	7.302498e-03
7.469999999999999e+00	1.575638e-01	7.312436e-03
7.480000000000000e+00	1.576251e-01	7.322375e-03
7.490000000000002e+00	1.576863e-01	7.332314e-03
7.500000000000000e+00	1.577474e-01	7.342252e-03
7.510000000000002e+00	1.578085e-01	7.352191e-03
7.520000000000000e+00	1.578695e-01	7.362131e-03
7.530000000000001e+00	1.579305e-01	7.372070e-03
7.539999999999999e+00	1.579913e-01	7.382009e-03
7.550000000000001e+00	1.580521e-01	7.391948e-03
7.559999999999999e+00	1.581129e-01	7.401887e-03
7.570000000000000e+00	1.581736e-01	7.411826e-03
7.580000000000002e+00	1.582342e-01	7.421766e-03
7.590000000000000e+00	1.582947e-01	7.431705e-03
7.600000000000001e+00	1.583552e-01	7.441645e-03
7.609999999999999e+00	1.584156e-01	7.451585e-03
7.620000000000001e+00	1.584760e-01	7.461524e-03
7.629999999999999e+00	1.585363e-01	7.471464e-03
7.640000000000001e+00	1.585965e-01	7.481404e-03
7.650000000000002e+00	1.586566e-01	7.491343e-03
7.660000000000000e+00	1.587167e-01	7.501283e-03
7.670000000000002e+00	1.587767e-01	7.511223e-03
7.680000000000000e+00	1.588367e-01	7.521163e-03
7.690000000000001e+00	1.588966e-01	7.531103e-03
7.699999999999999e+00	1.589564e-01	7.541044e-03
7.710000000000001e+00	1.590162e-01	7.550984e-03
7.719999999999999e+00	1.590759e-01	7.560924e-03
7.730000000000000e+00	1.591355e-01	7.570865e-03
7.740000000000002e+00	1.591951e-01	7.580805e-03
7.750000000000000e+00	1.592546e-01	7.590746e-03
7.760000000000002e+00	1.593141e-01	7.600686e-03
7.770000000000000e+00	1.593734e-01	7.610627e-03
7.780000000000001e+00	1.594328e-01	7.620567e-03
7.789999999999999e+00	1.594920e-01	7.630508e-03
7.800000000000001e+00	1.595512e-01	7.640449e-03
7.809999999999999e+00	1.596104e-01	7.650390e-03
7.820000000000000e+00	1.596694e-01	7.660331e-03
7.830000000000002e+00	1.597284e-01	7.670272e-03
7.840000000000000e+00	1.597874e-01	7.680213e-03
7.850000000000001e+00	1.598463e-01	7.690154e-03
7.859999999999999e+00	1.599051e-01	7.700095e-03
7.870000000000001e+00	1.599639e-01	7.710036e-03
7.879999999999999e+00	1.600226e-01	7.719977e-03
7.890000000000001e+00	1.600812e-01	7.729919e-03
7.900000000000002e+00	1.601398e-01	7.739860e-03
7.910000000000000e+00	1.601983e-01	7.749802e-03
7.920000000000002e+00	1.602568e-01	7.759743e-03
7.930000000000000e+00	1.603152e-01	7.769685e-03
7.940000000000001e+00	1.603735e-01	7.779627e-03
7.949999999999999e+00	1.604318e-01	7.789568e-03
7.960000000000001e+00	1.604900e-01	7.799510e-03
7.969999999999999e+00	1.605482e-01	7.809452e-03
7.980000000000000e+00	1.606063e-01	7.819394e-03
7.990000000000002e+00	1.606643e-01	7.829336e-03
8.000000000000000e+00	1.607223e-01	7.839277e-03
8.010000000000002e+00	1.607802e-01	7.849220e-03
8.020000000000000e+00	1.608380e-01	7.859162e-03
8.030000000000001e+00	1.608958e-01	7.869104e-03
8.039999999999999e+00	1.609536e-01	7.879047e-03
8.050000000000001e+00	1.610113e-01	7.888989e-03
8.059999999999999e+00	1.610689e-01	7.898931e-03
8.070000000000000e+00	1.611264e-01	7.908873e-03
8.080000000000002e+00	1.611840e-01	7.918816e-03
8.090000000000000e+00	1.612414e-01	7.928759e-03
8.100000000000001e+00	1.612988e-01	7.938702e-03
8.109999999999999e+00	1.613561e-01	7.948644e-03
8.120000000000001e+00	1.614134e-01	7.958586e-03
8.129999999999999e+00	1.614706e-01	7.968529e-03
8.140000000000001e+00	1.615278e-01	7.978472e-03
8.150000000000002e+00	1.615849e-01	7.988415e-03
8.160000000000000e+00	1.616419e-01	7.998358e-03
8.170000000000002e+00	1.616989e-01	8.008301e-03
8.180000000000000e+00	1.617558e-01	8.018244e-03
8.190000000000001e+00	1.618127e-01	8.028187e-03
8.199999999999999e+00	1.618695e-01	8.038131e-03
8.210000000000001e+00	1.619263e-01	8.048073e-03
8.219999999999999e+00	1.619830e-01	8.058017e-03
8.230000000000000e+00	1.620397e-01	8.067960e-03
8.240000000000002e+00	1.620962e-01	8.077904e-03
8.250000000000000e+00	1.621528e-01	8.087847e-03
8.260000000000002e+00	1.622093e-01	8.097791e-03
8.270000000000000e+00	1.622657e-01	8.107734e-03
8.280000000000001e+00	1.623221e-01	8.117678e-03
8.289999999999999e+00	1.623784e-01	8.127621e-03
8.300000000000001e+00	1.624346e-01	8.137565e-03
8.309999999999999e+00	1.624908e-01	8.147509e-03
8.320000000000000e+00	1.625470e-01	8.157453e-03
8.330000000000002e+00	1.626031e-01	8.167397e-03
8.340000000000000e+00	1.626591e-01	8.177341e-03
8.350000000000001e+00	1.627151e-01	8.187285e-03
8.359999999999999e+00	1.627710e-01	8.197229e-03
8.370000000000001e+00	1.628269e-01	8.207173e-03
8.379999999999999e+00	1.628827e-01	8.217117e-03
8.390000000000001e+00	1.629385e-01	8.227061e-03
8.400000000000002e+00	1.629942e-01	8.237006e-03
8.410000000000000e+00	1.630498e-01	8.246950e-03
8.420000000000002e+00	1.631055e-01	8.256895e-03
8.430000000000000e+00	1.631610e-01	8.266839e-03
8.440000000000001e+00	1.632165e-01	8.276784e-03
8.449999999999999e+00	1.632719e-01	8.286728e-03
8.460000000000001e+00	1.633273e-01	8.296672e-03
8.469999999999999e+00	1.633827e-01	8.306617e-03
8.480000000000000e+00	1.634380e-01	8.316562e-03
8.490000000000002e+00	1.634932e-01	8.326507e-03
8.500000000000000e+00	1.635484e-01	8.336452e-03
8.510000000000002e+00	1.636035e-01	8.346396e-03
8.520000000000000e+00	1.636586e-01	8.356341e-03
8.530000000000001e+00	1.637136e-01	8.366287e-03
8.539999999999999e+00	1.637686e-01	8.376231e-03
8.550000000000001e+00	1.638235e-01	8.386176e-03
8.559999999999999e+00	1.638783e-01	8.396122e-03
8.570000000000000e+00	1.639331e-01	8.406067e-03
8.580000000000002e+00	1.639879e-01	8.416012e-03
8.590000000000000e+00	1.640426e-01	8.425958e-03
8.600000000000001e+00	1.640973e-01	8.435903e-03
8.609999999999999e+00	1.641519e-01	8.445848e-03
8.620000000000001e+00	1.642064e-01	8.455793e-03
8.629999999999999e+00	1.642609e-01	8.465739e-03
8.640000000000001e+00	1.643154e-01	8.475685e-03
8.650000000000002e+00	1.643698e-01	8.485630e-03
8.660000000000000e+00	1.644241e-01	8.495576e-03
8.670000000000002e+00	1.644784e-01	8.505521e-03
8.680000000000000e+00	1.645327e-01	8.515467e-03
8.690000000000001e+00	1.645869e-01	8.525413e-03
8.699999999999999e+00	1.646410e-01	8.535359e-03
8.710000000000001e+00	1.646951e-01	8.545305e-03
8.719999999999999e+00	1.647492e-01	8.555251e-03
8.730000000000000e+00	1.648032e-01	8.565197e-03
8.740000000000002e+00	1.648571e-01	8.575143e-03
8.750000000000000e+00	1.649110e-01	8.585089e-03
8.760000000000002e+00	1.649649e-01	8.595035e-03
8.770000000000000e+00	1.650187e-01	8.604981e-03
8.780000000000001e+00	1.650724e-01	8.614928e-03
8.789999999999999e+00	1.651261e-01	8.624874e-03
8.800000000000001e+00	1.651798e-01	8.634821e-03
8.809999999999999e+00	1.652334e-01	8.644766e-03
8.820000000000000e+00	1.652869e-01	8.654713e-03
8.830000000000002e+00	1.653404e-01	8.664659e-03
8.840000000000000e+00	1.653939e-01	8.674606e-03
8.850000000000001e+00	1.654473e-01	8.684552e-03
8.859999999999999e+00	1.655006e-01	8.694500e-03
8.870000000000001e+00	1.655539e-01	8.704446e-03
8.879999999999999e+00	1.656072e-01	8.714393e-03
8.890000000000001e+00	1.656604e-01	8.724339e-03
8.900000000000002e+00	1.657136e-01	8.734287e-03
8.910000000000000e+00	1.657667e-01	8.744233e-03
8.920000000000002e+00	1.658197e-01	8.754180e-03
8.930000000000000e+00	1.658728e-01	8.764127e-03
8.940000000000001e+00	1.659257e-01	8.774074e-03
8.949999999999999e+00	1.659787e-01	8.784021e-03
8.960000000000001e+00	1.660315e-01	8.793969e-03
8.969999999999999e+00	1.660844e-01	8.803915e-03
8.980000000000000e+00	1.661372e-01	8.813863e-03
8.990000000000002e+00	1.661899e-01	8.823810e-03
9.000000000000000e+00	1.662426e-01	8.833758e-03
9.010000000000002e+00	1.662952e-01	8.843705e-03
9.020000000000000e+00	1.663478e-01	8.853653e-03
9.030000000000001e+00	1.664004e-01	8.863600e-03
9.039999999999999e+00	1.664529e-01	8.873547e-03
9.050000000000001e+00	1.665053e-01	8.883495e-03
9.059999999999999e+00	1.665577e-01	8.893442e-03
9.070000000000000e+00	1.666101e-01	8.903390e-03
9.080000000000002e+00	1.666624e-01	8.913337e-03
9.090000000000000e+00	1.667147e-01	8.923286e-03
9.100000000000001e+00	1.667669e-01	8.933233e-03
9.109999999999999e+00	1.668191e-01	8.943181e-03
9.120000000000001e+00	1.668712e-01	8.953129e-03
9.129999999999999e+00	1.669233e-01	8.963076e-03
9.140000000000001e+00	1.669753e-01	8.973025e-03
9.150000000000002e+00	1.670273e-01	8.982973e-03
9.160000000000000e+00	1.670792e-01	8.992921e-03
9.170000000000002e+00	1.671311e-01	9.002869e-03
9.180000000000000e+00	1.671830e-01	9.012817e-03
9.190000000000001e+00	1.672348e-01	9.022765e-03
9.199999999999999e+00	1.672866e-01	9.032713e-03
9.210000000000001e+00	1.673383e-01	9.042662e-03
9.219999999999999e+00	1.673900e-01	9.052610e-03
9.230000000000000e+00	1.674416e-01	9.062558e-03
9.240000000000002e+00	1.674932e-01	9.072507e-03
9.250000000000000e+00	1.675447e-01	9.082455e-03
9.260000000000002e+00	1.675962e-01	9.092404e-03
9.270000000000000e+00	1.676477e-01	9.102352e-03
9.280000000000001e+00	1.676991e-01	9.112301e-03
9.289999999999999e+00	1.677504e-01	9.122250e-03
9.300000000000001e+00	1.678018e-01	9.132198e-03
9.309999999999999e+00	1.678530e-01	9.142147e-03
9.320000000000000e+00	1.679043e-01	9.152096e-03
9.330000000000002e+00	1.679554e-01	9.162044e-03
9.340000000000000e+00	1.680066e-01	9.171993e-03
9.350000000000001e+00	1.680577e-01	9.181942e-03
9.359999999999999e+00	1.681087e-01	9.191891e-03
9.370000000000001e+00	1.681598e-01	9.201840e-03
9.379999999999999e+00	1.682107e-01	9.211789e-03
9.390000000000001e+00	1.682617e-01	9.221738e-03
9.400000000000002e+00	1.683125e-01	9.231688e-03
9.410000000000000e+00	1.683634e-01	9.241637e-03
9.420000000000002e+00	1.684142e-01	9.251586e-03
9.430000000000000e+00	1.684649e-01	9.261535e-03
9.440000000000001e+00	1.685156e-01	9.271485e-03
9.449999999999999e+00	1.685663e-01	9.281434e-03
9.460000000000001e+00	1.686169e-01	9.291383e-03
9.469999999999999e+00	1.686675e-01	9.301333e-03
9.480000000000000e+00	1.687181e-01	9.311282e-03
9.490000000000002e+00	1.687686e-01	9.321231e-03
9.500000000000000e+00	1.688190e-01	9.331181e-03
9.510000000000002e+00	1.688694e-01	9.341131e-03
9.520000000000000e+00	1.689198e-01	9.351080e-03
9.530000000000001e+00	1.689701e-01	9.361030e-03
9.539999999999999e+00	1.690204e-01	9.370980e-03
9.550000000000001e+00	1.690706e-01	9.380929e-03
9.559999999999999e+00	1.691208e-01	9.390879e-03
9.570000000000000e+00	1.691710e-01	9.400829e-03
9.580000000000002e+00	1.692211e-01	9.410779e-03
9.590000000000000e+00	1.692712e-01	9.420729e-03
9.600000000000001e+00	1.693213e-01	9.430679e-03
9.609999999999999e+00	1.693712e-01	9.440629e-03
9.620000000000001e+00	1.694212e-01	9.450579e-03
9.629999999999999e+00	1.694711e-01	9.460529e-03
9.640000000000001e+00	1.695210e-01	9.470479e-03
9.650000000000002e+00	1.695708e-01	9.480429e-03
9.660000000000000e+00	1.696206e-01	9.490379e-03
9.670000000000002e+00	1.696703e-01	9.500329e-03
9.680000000000000e+00	1.697201e-01	9.510280e-03
9.690000000000001e+00	1.697697e-01	9.520230e-03
9.699999999999999e+00	1.698194e-01	9.530181e-03
9.710000000000001e+00	1.698689e-01	9.540131e-03
9.719999999999999e+00	1.699185e-01	9.550082e-03
9.730000000000000e+00	1.699680e-01	9.560032e-03
9.740000000000002e+00	1.700175e-01	9.569983e-03
9.750000000000000e+00	1.700669e-01	9.579933e-03
9.760000000000002e+00	1.701163e-01	9.589883e-03
9.770000000000000e+00	1.701656e-01	9.599835e-03
9.780000000000001e+00	1.702149e-01	9.609785e-03
9.789999999999999e+00	1.702642e-01	9.619736e-03
9.800000000000001e+00	1.703134e-01	9.629686e-03
9.809999999999999e+00	1.703626e-01	9.639638e-03
9.820000000000000e+00	1.704117e-01	9.649589e-03
9.830000000000002e+00	1.704608e-01	9.659539e-03
9.840000000000000e+00	1.705099e-01	9.669490e-03
9.850000000000001e+00	1.705589e-01	9.679441e-03
9.859999999999999e+00	1.706079e-01	9.689393e-03
9.870000000000001e+00	1.706569e-01	9.699343e-03
9.879999999999999e+00	1.707058e-01	9.709294e-03
9.890000000000001e+00	1.707546e-01	9.719245e-03
9.900000000000002e+00	1.708035e-01	9.729196e-03
9.910000000000000e+00	1.708523e-01	9.739147e-03
9.920000000000002e+00	1.709010e-01	9.749099e-03
9.930000000000000e+00	1.709497e-01	9.759050e-03
9.940000000000001e+00	1.709984e-01	9.769002e-03
9.949999999999999e+00	1.710470e-01	9.778953e-03
9.960000000000001e+00	1.710956e-01	9.788904e-03
9.969999999999999e+00	1.711442e-01	9.798856e-03
9.980000000000000e+00	1.711927e-01	9.808808e-03
9.990000000000002e+00	1.712412e-01	9.818759e-03
1.000000000000000e+01	1.712896e-01	9.828710e-03
Step Information: Temp=125  (Step: 3/3)
-1.000000000000000e+01	-2.268785e+00	-7.731216e-03
-9.990000000000000e+00	-2.268725e+00	-7.721275e-03
-9.980000000000000e+00	-2.268666e+00	-7.711334e-03
-9.970000000000001e+00	-2.268606e+00	-7.701394e-03
-9.960000000000001e+00	-2.268547e+00	-7.691453e-03
-9.949999999999999e+00	-2.268487e+00	-7.681513e-03
-9.940000000000000e+00	-2.268427e+00	-7.671573e-03
-9.930000000000000e+00	-2.268367e+00	-7.661633e-03
-9.920000000000000e+00	-2.268307e+00	-7.651693e-03
-9.910000000000000e+00	-2.268247e+00	-7.641753e-03
-9.900000000000000e+00	-2.268188e+00	-7.631813e-03
-9.890000000000001e+00	-2.268127e+00	-7.621873e-03
-9.880000000000001e+00	-2.268067e+00	-7.611933e-03
-9.869999999999999e+00	-2.268007e+00	-7.601993e-03
-9.859999999999999e+00	-2.267946e+00	-7.592054e-03
-9.850000000000000e+00	-2.267886e+00	-7.582114e-03
-9.840000000000000e+00	-2.267826e+00	-7.572175e-03
-9.830000000000000e+00	-2.267765e+00	-7.562235e-03
-9.820000000000000e+00	-2.267704e+00	-7.552295e-03
-9.810000000000000e+00	-2.267644e+00	-7.542356e-03
-9.800000000000001e+00	-2.267583e+00	-7.532417e-03
-9.789999999999999e+00	-2.267522e+00	-7.522478e-03
-9.779999999999999e+00	-2.267461e+00	-7.512539e-03
-9.770000000000000e+00	-2.267400e+00	-7.502600e-03
-9.760000000000000e+00	-2.267339e+00	-7.492661e-03
-9.750000000000000e+00	-2.267278e+00	-7.482722e-03
-9.740000000000000e+00	-2.267217e+00	-7.472783e-03
-9.730000000000000e+00	-2.267155e+00	-7.462845e-03
-9.720000000000001e+00	-2.267094e+00	-7.452906e-03
-9.710000000000001e+00	-2.267032e+00	-7.442968e-03
-9.699999999999999e+00	-2.266971e+00	-7.433029e-03
-9.690000000000000e+00	-2.266909e+00	-7.423091e-03
-9.680000000000000e+00	-2.266848e+00	-7.413153e-03
-9.670000000000000e+00	-2.266786e+00	-7.403214e-03
-9.660000000000000e+00	-2.266724e+00	-7.393276e-03
-9.650000000000000e+00	-2.266662e+00	-7.383338e-03
-9.640000000000001e+00	-2.266600e+00	-7.373400e-03
-9.630000000000001e+00	-2.266538e+00	-7.363462e-03
-9.619999999999999e+00	-2.266476e+00	-7.353524e-03
-9.609999999999999e+00	-2.266413e+00	-7.343587e-03
-9.600000000000000e+00	-2.266351e+00	-7.333649e-03
-9.590000000000000e+00	-2.266289e+00	-7.323711e-03
-9.580000000000000e+00	-2.266226e+00	-7.313774e-03
-9.570000000000000e+00	-2.266164e+00	-7.303836e-03
-9.560000000000000e+00	-2.266101e+00	-7.293899e-03
-9.550000000000001e+00	-2.266038e+00	-7.283962e-03
-9.539999999999999e+00	-2.265975e+00	-7.274025e-03
-9.529999999999999e+00	-2.265913e+00	-7.264087e-03
-9.520000000000000e+00	-2.265850e+00	-7.254150e-03
-9.510000000000000e+00	-2.265787e+00	-7.244213e-03
-9.500000000000000e+00	-2.265723e+00	-7.234277e-03
-9.490000000000000e+00	-2.265660e+00	-7.224340e-03
-9.480000000000000e+00	-2.265597e+00	-7.214403e-03
-9.470000000000001e+00	-2.265533e+00	-7.204466e-03
-9.460000000000001e+00	-2.265470e+00	-7.194530e-03
-9.449999999999999e+00	-2.265407e+00	-7.184593e-03
-9.440000000000000e+00	-2.265343e+00	-7.174657e-03
-9.430000000000000e+00	-2.265279e+00	-7.164721e-03
-9.420000000000000e+00	-2.265215e+00	-7.154785e-03
-9.410000000000000e+00	-2.265152e+00	-7.144848e-03
-9.400000000000000e+00	-2.265088e+00	-7.134913e-03
-9.390000000000001e+00	-2.265023e+00	-7.124977e-03
-9.380000000000001e+00	-2.264959e+00	-7.115041e-03
-9.369999999999999e+00	-2.264895e+00	-7.105105e-03
-9.359999999999999e+00	-2.264831e+00	-7.095169e-03
-9.350000000000000e+00	-2.264766e+00	-7.085233e-03
-9.340000000000000e+00	-2.264702e+00	-7.075298e-03
-9.330000000000000e+00	-2.264637e+00	-7.065363e-03
-9.320000000000000e+00	-2.264573e+00	-7.055427e-03
-9.310000000000000e+00	-2.264508e+00	-7.045492e-03
-9.300000000000001e+00	-2.264443e+00	-7.035557e-03
-9.289999999999999e+00	-2.264378e+00	-7.025622e-03
-9.279999999999999e+00	-2.264313e+00	-7.015687e-03
-9.270000000000000e+00	-2.264248e+00	-7.005752e-03
-9.260000000000000e+00	-2.264183e+00	-6.995817e-03
-9.250000000000000e+00	-2.264118e+00	-6.985882e-03
-9.240000000000000e+00	-2.264052e+00	-6.975948e-03
-9.230000000000000e+00	-2.263987e+00	-6.966013e-03
-9.220000000000001e+00	-2.263921e+00	-6.956079e-03
-9.210000000000001e+00	-2.263856e+00	-6.946144e-03
-9.199999999999999e+00	-2.263790e+00	-6.936210e-03
-9.190000000000000e+00	-2.263724e+00	-6.926276e-03
-9.180000000000000e+00	-2.263658e+00	-6.916342e-03
-9.170000000000000e+00	-2.263592e+00	-6.906408e-03
-9.160000000000000e+00	-2.263526e+00	-6.896474e-03
-9.150000000000000e+00	-2.263460e+00	-6.886540e-03
-9.140000000000001e+00	-2.263394e+00	-6.876606e-03
-9.130000000000001e+00	-2.263327e+00	-6.866673e-03
-9.119999999999999e+00	-2.263261e+00	-6.856739e-03
-9.109999999999999e+00	-2.263195e+00	-6.846806e-03
-9.100000000000000e+00	-2.263128e+00	-6.836872e-03
-9.090000000000000e+00	-2.263061e+00	-6.826939e-03
-9.080000000000000e+00	-2.262994e+00	-6.817006e-03
-9.070000000000000e+00	-2.262927e+00	-6.807073e-03
-9.060000000000000e+00	-2.262860e+00	-6.797140e-03
-9.050000000000001e+00	-2.262793e+00	-6.787207e-03
-9.039999999999999e+00	-2.262726e+00	-6.777274e-03
-9.029999999999999e+00	-2.262659e+00	-6.767341e-03
-9.020000000000000e+00	-2.262591e+00	-6.757408e-03
-9.010000000000000e+00	-2.262524e+00	-6.747476e-03
-9.000000000000000e+00	-2.262456e+00	-6.737544e-03
-8.990000000000000e+00	-2.262389e+00	-6.727611e-03
-8.980000000000000e+00	-2.262321e+00	-6.717679e-03
-8.970000000000001e+00	-2.262253e+00	-6.707747e-03
-8.960000000000001e+00	-2.262185e+00	-6.697815e-03
-8.949999999999999e+00	-2.262117e+00	-6.687883e-03
-8.940000000000000e+00	-2.262049e+00	-6.677951e-03
-8.930000000000000e+00	-2.261981e+00	-6.668020e-03
-8.920000000000000e+00	-2.261912e+00	-6.658088e-03
-8.910000000000000e+00	-2.261844e+00	-6.648156e-03
-8.900000000000000e+00	-2.261775e+00	-6.638225e-03
-8.890000000000001e+00	-2.261707e+00	-6.628294e-03
-8.879999999999999e+00	-2.261638e+00	-6.618362e-03
-8.869999999999999e+00	-2.261569e+00	-6.608431e-03
-8.859999999999999e+00	-2.261500e+00	-6.598500e-03
-8.850000000000000e+00	-2.261431e+00	-6.588569e-03
-8.840000000000000e+00	-2.261362e+00	-6.578638e-03
-8.830000000000000e+00	-2.261292e+00	-6.568708e-03
-8.820000000000000e+00	-2.261223e+00	-6.558777e-03
-8.810000000000000e+00	-2.261154e+00	-6.548846e-03
-8.800000000000001e+00	-2.261084e+00	-6.538916e-03
-8.789999999999999e+00	-2.261014e+00	-6.528986e-03
-8.779999999999999e+00	-2.260945e+00	-6.519055e-03
-8.770000000000000e+00	-2.260875e+00	-6.509125e-03
-8.760000000000000e+00	-2.260805e+00	-6.499195e-03
-8.750000000000000e+00	-2.260735e+00	-6.489265e-03
-8.740000000000000e+00	-2.260664e+00	-6.479335e-03
-8.730000000000000e+00	-2.260594e+00	-6.469406e-03
-8.720000000000001e+00	-2.260524e+00	-6.459476e-03
-8.710000000000001e+00	-2.260453e+00	-6.449547e-03
-8.699999999999999e+00	-2.260383e+00	-6.439617e-03
-8.690000000000000e+00	-2.260312e+00	-6.429688e-03
-8.680000000000000e+00	-2.260241e+00	-6.419759e-03
-8.670000000000000e+00	-2.260170e+00	-6.409830e-03
-8.660000000000000e+00	-2.260099e+00	-6.399901e-03
-8.650000000000000e+00	-2.260028e+00	-6.389972e-03
-8.640000000000001e+00	-2.259957e+00	-6.380043e-03
-8.629999999999999e+00	-2.259886e+00	-6.370115e-03
-8.619999999999999e+00	-2.259814e+00	-6.360186e-03
-8.609999999999999e+00	-2.259742e+00	-6.350257e-03
-8.600000000000000e+00	-2.259671e+00	-6.340330e-03
-8.590000000000000e+00	-2.259599e+00	-6.330401e-03
-8.580000000000000e+00	-2.259527e+00	-6.320473e-03
-8.570000000000000e+00	-2.259455e+00	-6.310545e-03
-8.560000000000000e+00	-2.259383e+00	-6.300617e-03
-8.550000000000001e+00	-2.259310e+00	-6.290690e-03
-8.539999999999999e+00	-2.259238e+00	-6.280762e-03
-8.529999999999999e+00	-2.259166e+00	-6.270834e-03
-8.520000000000000e+00	-2.259093e+00	-6.260907e-03
-8.510000000000000e+00	-2.259020e+00	-6.250980e-03
-8.500000000000000e+00	-2.258948e+00	-6.241052e-03
-8.490000000000000e+00	-2.258875e+00	-6.231125e-03
-8.480000000000000e+00	-2.258801e+00	-6.221198e-03
-8.470000000000001e+00	-2.258729e+00	-6.211272e-03
-8.460000000000001e+00	-2.258655e+00	-6.201345e-03
-8.449999999999999e+00	-2.258582e+00	-6.191419e-03
-8.440000000000000e+00	-2.258508e+00	-6.181492e-03
-8.430000000000000e+00	-2.258435e+00	-6.171566e-03
-8.420000000000000e+00	-2.258361e+00	-6.161639e-03
-8.410000000000000e+00	-2.258287e+00	-6.151713e-03
-8.400000000000000e+00	-2.258213e+00	-6.141787e-03
-8.390000000000001e+00	-2.258139e+00	-6.131861e-03
-8.379999999999999e+00	-2.258065e+00	-6.121935e-03
-8.369999999999999e+00	-2.257990e+00	-6.112010e-03
-8.359999999999999e+00	-2.257916e+00	-6.102084e-03
-8.350000000000000e+00	-2.257841e+00	-6.092159e-03
-8.340000000000000e+00	-2.257766e+00	-6.082234e-03
-8.330000000000000e+00	-2.257692e+00	-6.072308e-03
-8.320000000000000e+00	-2.257617e+00	-6.062383e-03
-8.310000000000000e+00	-2.257542e+00	-6.052458e-03
-8.300000000000001e+00	-2.257467e+00	-6.042534e-03
-8.289999999999999e+00	-2.257391e+00	-6.032609e-03
-8.279999999999999e+00	-2.257316e+00	-6.022684e-03
-8.270000000000000e+00	-2.257240e+00	-6.012760e-03
-8.260000000000000e+00	-2.257164e+00	-6.002835e-03
-8.250000000000000e+00	-2.257089e+00	-5.992911e-03
-8.240000000000000e+00	-2.257013e+00	-5.982987e-03
-8.230000000000000e+00	-2.256937e+00	-5.973063e-03
-8.220000000000001e+00	-2.256860e+00	-5.963140e-03
-8.210000000000001e+00	-2.256784e+00	-5.953216e-03
-8.199999999999999e+00	-2.256708e+00	-5.943292e-03
-8.190000000000000e+00	-2.256631e+00	-5.933369e-03
-8.180000000000000e+00	-2.256554e+00	-5.923446e-03
-8.170000000000000e+00	-2.256477e+00	-5.913523e-03
-8.160000000000000e+00	-2.256401e+00	-5.903599e-03
-8.150000000000000e+00	-2.256323e+00	-5.893677e-03
-8.140000000000001e+00	-2.256246e+00	-5.883754e-03
-8.129999999999999e+00	-2.256169e+00	-5.873831e-03
-8.119999999999999e+00	-2.256091e+00	-5.863909e-03
-8.109999999999999e+00	-2.256014e+00	-5.853986e-03
-8.100000000000000e+00	-2.255936e+00	-5.844064e-03
-8.090000000000000e+00	-2.255858e+00	-5.834142e-03
-8.080000000000000e+00	-2.255780e+00	-5.824220e-03
-8.070000000000000e+00	-2.255702e+00	-5.814298e-03
-8.060000000000000e+00	-2.255624e+00	-5.804377e-03
-8.050000000000001e+00	-2.255545e+00	-5.794455e-03
-8.039999999999999e+00	-2.255466e+00	-5.784533e-03
-8.029999999999999e+00	-2.255388e+00	-5.774612e-03
-8.020000000000000e+00	-2.255309e+00	-5.764691e-03
-8.010000000000000e+00	-2.255230e+00	-5.754770e-03
-8.000000000000000e+00	-2.255151e+00	-5.744849e-03
-7.990000000000000e+00	-2.255072e+00	-5.734928e-03
-7.980000000000000e+00	-2.254992e+00	-5.725008e-03
-7.970000000000000e+00	-2.254913e+00	-5.715087e-03
-7.960000000000000e+00	-2.254833e+00	-5.705167e-03
-7.950000000000000e+00	-2.254753e+00	-5.695247e-03
-7.940000000000000e+00	-2.254673e+00	-5.685327e-03
-7.930000000000000e+00	-2.254593e+00	-5.675407e-03
-7.920000000000000e+00	-2.254513e+00	-5.665487e-03
-7.910000000000000e+00	-2.254432e+00	-5.655568e-03
-7.900000000000000e+00	-2.254352e+00	-5.645648e-03
-7.890000000000001e+00	-2.254271e+00	-5.635729e-03
-7.880000000000000e+00	-2.254190e+00	-5.625810e-03
-7.870000000000000e+00	-2.254110e+00	-5.615890e-03
-7.859999999999999e+00	-2.254029e+00	-5.605971e-03
-7.850000000000000e+00	-2.253947e+00	-5.596053e-03
-7.840000000000000e+00	-2.253866e+00	-5.586134e-03
-7.830000000000000e+00	-2.253784e+00	-5.576216e-03
-7.820000000000000e+00	-2.253703e+00	-5.566298e-03
-7.810000000000000e+00	-2.253621e+00	-5.556379e-03
-7.800000000000000e+00	-2.253539e+00	-5.546461e-03
-7.790000000000000e+00	-2.253457e+00	-5.536544e-03
-7.779999999999999e+00	-2.253374e+00	-5.526626e-03
-7.770000000000000e+00	-2.253292e+00	-5.516708e-03
-7.760000000000000e+00	-2.253209e+00	-5.506791e-03
-7.750000000000000e+00	-2.253126e+00	-5.496874e-03
-7.740000000000000e+00	-2.253043e+00	-5.486956e-03
-7.730000000000000e+00	-2.252960e+00	-5.477040e-03
-7.720000000000000e+00	-2.252877e+00	-5.467123e-03
-7.710000000000000e+00	-2.252794e+00	-5.457206e-03
-7.699999999999999e+00	-2.252710e+00	-5.447290e-03
-7.690000000000000e+00	-2.252627e+00	-5.437373e-03
-7.680000000000000e+00	-2.252543e+00	-5.427457e-03
-7.670000000000000e+00	-2.252459e+00	-5.417541e-03
-7.660000000000000e+00	-2.252375e+00	-5.407625e-03
-7.650000000000000e+00	-2.252290e+00	-5.397710e-03
-7.640000000000001e+00	-2.252206e+00	-5.387794e-03
-7.630000000000000e+00	-2.252121e+00	-5.377879e-03
-7.620000000000000e+00	-2.252036e+00	-5.367964e-03
-7.609999999999999e+00	-2.251951e+00	-5.358049e-03
-7.600000000000000e+00	-2.251866e+00	-5.348134e-03
-7.590000000000000e+00	-2.251781e+00	-5.338219e-03
-7.580000000000000e+00	-2.251695e+00	-5.328305e-03
-7.570000000000000e+00	-2.251610e+00	-5.318390e-03
-7.560000000000000e+00	-2.251524e+00	-5.308476e-03
-7.550000000000000e+00	-2.251438e+00	-5.298562e-03
-7.540000000000000e+00	-2.251352e+00	-5.288648e-03
-7.529999999999999e+00	-2.251266e+00	-5.278734e-03
-7.520000000000000e+00	-2.251179e+00	-5.268821e-03
-7.510000000000000e+00	-2.251092e+00	-5.258908e-03
-7.500000000000000e+00	-2.251006e+00	-5.248994e-03
-7.490000000000000e+00	-2.250919e+00	-5.239081e-03
-7.480000000000000e+00	-2.250832e+00	-5.229169e-03
-7.470000000000000e+00	-2.250744e+00	-5.219256e-03
-7.460000000000000e+00	-2.250657e+00	-5.209343e-03
-7.449999999999999e+00	-2.250569e+00	-5.199431e-03
-7.440000000000000e+00	-2.250481e+00	-5.189519e-03
-7.430000000000000e+00	-2.250393e+00	-5.179607e-03
-7.420000000000000e+00	-2.250305e+00	-5.169695e-03
-7.410000000000000e+00	-2.250217e+00	-5.159783e-03
-7.400000000000000e+00	-2.250128e+00	-5.149872e-03
-7.390000000000001e+00	-2.250039e+00	-5.139960e-03
-7.380000000000000e+00	-2.249950e+00	-5.130050e-03
-7.370000000000000e+00	-2.249861e+00	-5.120139e-03
-7.359999999999999e+00	-2.249772e+00	-5.110228e-03
-7.350000000000000e+00	-2.249683e+00	-5.100317e-03
-7.340000000000000e+00	-2.249593e+00	-5.090407e-03
-7.330000000000000e+00	-2.249503e+00	-5.080497e-03
-7.320000000000000e+00	-2.249413e+00	-5.070587e-03
-7.310000000000000e+00	-2.249323e+00	-5.060677e-03
-7.300000000000000e+00	-2.249233e+00	-5.050767e-03
-7.290000000000000e+00	-2.249142e+00	-5.040858e-03
-7.279999999999999e+00	-2.249051e+00	-5.030949e-03
-7.270000000000000e+00	-2.248960e+00	-5.021040e-03
-7.260000000000000e+00	-2.248869e+00	-5.011131e-03
-7.250000000000000e+00	-2.248778e+00	-5.001222e-03
-7.240000000000000e+00	-2.248686e+00	-4.991313e-03
-7.230000000000000e+00	-2.248595e+00	-4.981406e-03
-7.220000000000000e+00	-2.248503e+00	-4.971497e-03
-7.210000000000000e+00	-2.248411e+00	-4.961589e-03
-7.199999999999999e+00	-2.248318e+00	-4.951681e-03
-7.190000000000000e+00	-2.248226e+00	-4.941774e-03
-7.180000000000000e+00	-2.248133e+00	-4.931867e-03
-7.170000000000000e+00	-2.248040e+00	-4.921960e-03
-7.160000000000000e+00	-2.247947e+00	-4.912053e-03
-7.150000000000000e+00	-2.247854e+00	-4.902146e-03
-7.140000000000001e+00	-2.247760e+00	-4.892240e-03
-7.130000000000000e+00	-2.247667e+00	-4.882333e-03
-7.120000000000000e+00	-2.247573e+00	-4.872427e-03
-7.109999999999999e+00	-2.247479e+00	-4.862521e-03
-7.100000000000000e+00	-2.247384e+00	-4.852616e-03
-7.090000000000000e+00	-2.247290e+00	-4.842710e-03
-7.080000000000000e+00	-2.247195e+00	-4.832805e-03
-7.070000000000000e+00	-2.247100e+00	-4.822900e-03
-7.060000000000000e+00	-2.247005e+00	-4.812995e-03
-7.050000000000000e+00	-2.246910e+00	-4.803090e-03
-7.040000000000000e+00	-2.246814e+00	-4.793186e-03
-7.029999999999999e+00	-2.246718e+00	-4.783282e-03
-7.020000000000000e+00	-2.246623e+00	-4.773377e-03
-7.010000000000000e+00	-2.246526e+00	-4.763474e-03
-7.000000000000000e+00	-2.246430e+00	-4.753570e-03
-6.990000000000000e+00	-2.246333e+00	-4.743667e-03
-6.980000000000000e+00	-2.246236e+00	-4.733764e-03
-6.970000000000000e+00	-2.246139e+00	-4.723861e-03
-6.960000000000000e+00	-2.246042e+00	-4.713958e-03
-6.949999999999999e+00	-2.245944e+00	-4.704055e-03
-6.940000000000000e+00	-2.245847e+00	-4.694153e-03
-6.930000000000000e+00	-2.245749e+00	-4.684251e-03
-6.920000000000000e+00	-2.245651e+00	-4.674349e-03
-6.910000000000000e+00	-2.245552e+00	-4.664448e-03
-6.900000000000000e+00	-2.245454e+00	-4.654546e-03
-6.890000000000001e+00	-2.245355e+00	-4.644645e-03
-6.880000000000000e+00	-2.245256e+00	-4.634744e-03
-6.870000000000000e+00	-2.245156e+00	-4.624844e-03
-6.859999999999999e+00	-2.245057e+00	-4.614943e-03
-6.850000000000000e+00	-2.244957e+00	-4.605043e-03
-6.840000000000000e+00	-2.244857e+00	-4.595143e-03
-6.830000000000000e+00	-2.244757e+00	-4.585243e-03
-6.820000000000000e+00	-2.244656e+00	-4.575344e-03
-6.810000000000000e+00	-2.244556e+00	-4.565444e-03
-6.800000000000000e+00	-2.244455e+00	-4.555545e-03
-6.790000000000000e+00	-2.244354e+00	-4.545647e-03
-6.779999999999999e+00	-2.244252e+00	-4.535748e-03
-6.770000000000000e+00	-2.244150e+00	-4.525850e-03
-6.760000000000000e+00	-2.244048e+00	-4.515951e-03
-6.750000000000000e+00	-2.243946e+00	-4.506054e-03
-6.740000000000000e+00	-2.243844e+00	-4.496156e-03
-6.730000000000000e+00	-2.243741e+00	-4.486259e-03
-6.720000000000000e+00	-2.243638e+00	-4.476362e-03
-6.710000000000000e+00	-2.243535e+00	-4.466465e-03
-6.699999999999999e+00	-2.243432e+00	-4.456569e-03
-6.690000000000000e+00	-2.243328e+00	-4.446672e-03
-6.680000000000000e+00	-2.243224e+00	-4.436776e-03
-6.670000000000000e+00	-2.243120e+00	-4.426880e-03
-6.660000000000000e+00	-2.243016e+00	-4.416985e-03
-6.650000000000000e+00	-2.242911e+00	-4.407089e-03
-6.640000000000001e+00	-2.242806e+00	-4.397194e-03
-6.630000000000000e+00	-2.242701e+00	-4.387300e-03
-6.620000000000000e+00	-2.242595e+00	-4.377405e-03
-6.609999999999999e+00	-2.242489e+00	-4.367511e-03
-6.600000000000000e+00	-2.242383e+00	-4.357616e-03
-6.590000000000000e+00	-2.242277e+00	-4.347723e-03
-6.580000000000000e+00	-2.242171e+00	-4.337830e-03
-6.570000000000000e+00	-2.242064e+00	-4.327936e-03
-6.560000000000000e+00	-2.241957e+00	-4.318043e-03
-6.550000000000000e+00	-2.241849e+00	-4.308151e-03
-6.540000000000000e+00	-2.241742e+00	-4.298258e-03
-6.529999999999999e+00	-2.241634e+00	-4.288366e-03
-6.520000000000000e+00	-2.241526e+00	-4.278474e-03
-6.510000000000000e+00	-2.241417e+00	-4.268583e-03
-6.500000000000000e+00	-2.241308e+00	-4.258692e-03
-6.490000000000000e+00	-2.241199e+00	-4.248801e-03
-6.480000000000000e+00	-2.241090e+00	-4.238910e-03
-6.470000000000000e+00	-2.240980e+00	-4.229019e-03
-6.460000000000000e+00	-2.240870e+00	-4.219130e-03
-6.449999999999999e+00	-2.240760e+00	-4.209240e-03
-6.440000000000000e+00	-2.240650e+00	-4.199350e-03
-6.430000000000000e+00	-2.240539e+00	-4.189461e-03
-6.420000000000000e+00	-2.240428e+00	-4.179572e-03
-6.410000000000000e+00	-2.240317e+00	-4.169683e-03
-6.400000000000000e+00	-2.240205e+00	-4.159795e-03
-6.390000000000001e+00	-2.240093e+00	-4.149907e-03
-6.380000000000000e+00	-2.239981e+00	-4.140019e-03
-6.370000000000000e+00	-2.239868e+00	-4.130132e-03
-6.359999999999999e+00	-2.239755e+00	-4.120245e-03
-6.350000000000000e+00	-2.239642e+00	-4.110358e-03
-6.340000000000000e+00	-2.239529e+00	-4.100471e-03
-6.330000000000000e+00	-2.239415e+00	-4.090585e-03
-6.320000000000000e+00	-2.239301e+00	-4.080699e-03
-6.310000000000000e+00	-2.239187e+00	-4.070813e-03
-6.300000000000000e+00	-2.239072e+00	-4.060928e-03
-6.290000000000000e+00	-2.238957e+00	-4.051043e-03
-6.279999999999999e+00	-2.238842e+00	-4.041159e-03
-6.270000000000000e+00	-2.238726e+00	-4.031274e-03
-6.260000000000000e+00	-2.238610e+00	-4.021390e-03
-6.250000000000000e+00	-2.238493e+00	-4.011507e-03
-6.240000000000000e+00	-2.238377e+00	-4.001623e-03
-6.230000000000000e+00	-2.238260e+00	-3.991740e-03
-6.220000000000000e+00	-2.238142e+00	-3.981858e-03
-6.210000000000000e+00	-2.238025e+00	-3.971975e-03
-6.199999999999999e+00	-2.237907e+00	-3.962093e-03
-6.190000000000000e+00	-2.237788e+00	-3.952211e-03
-6.180000000000000e+00	-2.237670e+00	-3.942330e-03
-6.170000000000000e+00	-2.237551e+00	-3.932449e-03
-6.160000000000000e+00	-2.237432e+00	-3.922569e-03
-6.150000000000000e+00	-2.237312e+00	-3.912688e-03
-6.140000000000001e+00	-2.237192e+00	-3.902808e-03
-6.130000000000000e+00	-2.237071e+00	-3.892929e-03
-6.120000000000000e+00	-2.236951e+00	-3.883049e-03
-6.109999999999999e+00	-2.236830e+00	-3.873170e-03
-6.100000000000000e+00	-2.236708e+00	-3.863292e-03
-6.090000000000000e+00	-2.236586e+00	-3.853414e-03
-6.080000000000000e+00	-2.236464e+00	-3.843536e-03
-6.070000000000000e+00	-2.236341e+00	-3.833659e-03
-6.060000000000000e+00	-2.236219e+00	-3.823781e-03
-6.050000000000000e+00	-2.236095e+00	-3.813905e-03
-6.040000000000000e+00	-2.235972e+00	-3.804028e-03
-6.029999999999999e+00	-2.235848e+00	-3.794152e-03
-6.020000000000000e+00	-2.235723e+00	-3.784277e-03
-6.010000000000000e+00	-2.235599e+00	-3.774401e-03
-6.000000000000000e+00	-2.235473e+00	-3.764527e-03
-5.990000000000000e+00	-2.235348e+00	-3.754652e-03
-5.980000000000000e+00	-2.235222e+00	-3.744778e-03
-5.970000000000000e+00	-2.235096e+00	-3.734905e-03
-5.960000000000000e+00	-2.234969e+00	-3.725031e-03
-5.950000000000000e+00	-2.234842e+00	-3.715158e-03
-5.940000000000000e+00	-2.234714e+00	-3.705286e-03
-5.930000000000000e+00	-2.234586e+00	-3.695414e-03
-5.920000000000000e+00	-2.234458e+00	-3.685542e-03
-5.910000000000000e+00	-2.234329e+00	-3.675671e-03
-5.900000000000000e+00	-2.234200e+00	-3.665800e-03
-5.890000000000000e+00	-2.234071e+00	-3.655929e-03
-5.880000000000000e+00	-2.233941e+00	-3.646059e-03
-5.870000000000000e+00	-2.233810e+00	-3.636190e-03
-5.860000000000000e+00	-2.233680e+00	-3.626321e-03
-5.850000000000000e+00	-2.233548e+00	-3.616452e-03
-5.840000000000000e+00	-2.233417e+00	-3.606583e-03
-5.830000000000000e+00	-2.233285e+00	-3.596715e-03
-5.820000000000000e+00	-2.233152e+00	-3.586848e-03
-5.810000000000000e+00	-2.233019e+00	-3.576981e-03
-5.800000000000000e+00	-2.232886e+00	-3.567114e-03
-5.790000000000000e+00	-2.232752e+00	-3.557248e-03
-5.780000000000000e+00	-2.232618e+00	-3.547382e-03
-5.770000000000000e+00	-2.232483e+00	-3.537517e-03
-5.760000000000000e+00	-2.232348e+00	-3.527652e-03
-5.750000000000000e+00	-2.232213e+00	-3.517787e-03
-5.740000000000000e+00	-2.232076e+00	-3.507924e-03
-5.730000000000000e+00	-2.231940e+00	-3.498060e-03
-5.720000000000000e+00	-2.231803e+00	-3.488197e-03
-5.710000000000000e+00	-2.231666e+00	-3.478335e-03
-5.700000000000000e+00	-2.231528e+00	-3.468472e-03
-5.690000000000000e+00	-2.231389e+00	-3.458611e-03
-5.680000000000000e+00	-2.231251e+00	-3.448749e-03
-5.670000000000000e+00	-2.231111e+00	-3.438889e-03
-5.660000000000000e+00	-2.230971e+00	-3.429029e-03
-5.649999999999999e+00	-2.230831e+00	-3.419169e-03
-5.640000000000000e+00	-2.230690e+00	-3.409310e-03
-5.630000000000000e+00	-2.230549e+00	-3.399451e-03
-5.620000000000000e+00	-2.230407e+00	-3.389593e-03
-5.610000000000000e+00	-2.230265e+00	-3.379735e-03
-5.600000000000000e+00	-2.230122e+00	-3.369878e-03
-5.590000000000000e+00	-2.229979e+00	-3.360021e-03
-5.580000000000000e+00	-2.229835e+00	-3.350165e-03
-5.570000000000000e+00	-2.229691e+00	-3.340309e-03
-5.560000000000000e+00	-2.229546e+00	-3.330454e-03
-5.550000000000000e+00	-2.229400e+00	-3.320600e-03
-5.540000000000000e+00	-2.229254e+00	-3.310746e-03
-5.530000000000000e+00	-2.229108e+00	-3.300892e-03
-5.520000000000000e+00	-2.228961e+00	-3.291039e-03
-5.510000000000000e+00	-2.228814e+00	-3.281186e-03
-5.500000000000000e+00	-2.228666e+00	-3.271335e-03
-5.490000000000000e+00	-2.228517e+00	-3.261483e-03
-5.480000000000000e+00	-2.228368e+00	-3.251632e-03
-5.470000000000000e+00	-2.228218e+00	-3.241782e-03
-5.460000000000000e+00	-2.228068e+00	-3.231932e-03
-5.450000000000000e+00	-2.227917e+00	-3.222083e-03
-5.440000000000000e+00	-2.227765e+00	-3.212235e-03
-5.430000000000000e+00	-2.227613e+00	-3.202387e-03
-5.420000000000000e+00	-2.227461e+00	-3.192539e-03
-5.410000000000000e+00	-2.227308e+00	-3.182692e-03
-5.399999999999999e+00	-2.227154e+00	-3.172846e-03
-5.390000000000000e+00	-2.227000e+00	-3.163001e-03
-5.380000000000000e+00	-2.226845e+00	-3.153156e-03
-5.370000000000000e+00	-2.226689e+00	-3.143311e-03
-5.360000000000000e+00	-2.226533e+00	-3.133467e-03
-5.350000000000000e+00	-2.226376e+00	-3.123624e-03
-5.340000000000000e+00	-2.226218e+00	-3.113782e-03
-5.330000000000000e+00	-2.226060e+00	-3.103940e-03
-5.320000000000000e+00	-2.225902e+00	-3.094098e-03
-5.310000000000000e+00	-2.225742e+00	-3.084258e-03
-5.300000000000000e+00	-2.225582e+00	-3.074418e-03
-5.290000000000000e+00	-2.225422e+00	-3.064578e-03
-5.280000000000000e+00	-2.225260e+00	-3.054739e-03
-5.270000000000000e+00	-2.225099e+00	-3.044901e-03
-5.260000000000000e+00	-2.224936e+00	-3.035064e-03
-5.250000000000000e+00	-2.224773e+00	-3.025227e-03
-5.240000000000000e+00	-2.224609e+00	-3.015391e-03
-5.230000000000000e+00	-2.224444e+00	-3.005556e-03
-5.220000000000000e+00	-2.224279e+00	-2.995721e-03
-5.210000000000000e+00	-2.224113e+00	-2.985887e-03
-5.200000000000000e+00	-2.223946e+00	-2.976054e-03
-5.190000000000000e+00	-2.223778e+00	-2.966221e-03
-5.180000000000000e+00	-2.223610e+00	-2.956390e-03
-5.170000000000000e+00	-2.223441e+00	-2.946559e-03
-5.160000000000000e+00	-2.223272e+00	-2.936728e-03
-5.149999999999999e+00	-2.223102e+00	-2.926898e-03
-5.140000000000000e+00	-2.222930e+00	-2.917069e-03
-5.130000000000000e+00	-2.222759e+00	-2.907241e-03
-5.120000000000000e+00	-2.222586e+00	-2.897414e-03
-5.110000000000000e+00	-2.222413e+00	-2.887587e-03
-5.100000000000000e+00	-2.222239e+00	-2.877761e-03
-5.090000000000000e+00	-2.222064e+00	-2.867936e-03
-5.080000000000000e+00	-2.221888e+00	-2.858112e-03
-5.070000000000000e+00	-2.221711e+00	-2.848289e-03
-5.060000000000000e+00	-2.221534e+00	-2.838466e-03
-5.050000000000000e+00	-2.221356e+00	-2.828644e-03
-5.040000000000000e+00	-2.221177e+00	-2.818823e-03
-5.030000000000000e+00	-2.220998e+00	-2.809003e-03
-5.020000000000000e+00	-2.220817e+00	-2.799183e-03
-5.010000000000000e+00	-2.220636e+00	-2.789364e-03
-5.000000000000000e+00	-2.220454e+00	-2.779547e-03
-4.990000000000000e+00	-2.220270e+00	-2.769730e-03
-4.980000000000000e+00	-2.220086e+00	-2.759914e-03
-4.970000000000000e+00	-2.219902e+00	-2.750098e-03
-4.960000000000000e+00	-2.219716e+00	-2.740284e-03
-4.950000000000000e+00	-2.219529e+00	-2.730471e-03
-4.940000000000000e+00	-2.219342e+00	-2.720658e-03
-4.930000000000000e+00	-2.219153e+00	-2.710846e-03
-4.920000000000000e+00	-2.218964e+00	-2.701036e-03
-4.910000000000000e+00	-2.218774e+00	-2.691226e-03
-4.899999999999999e+00	-2.218583e+00	-2.681417e-03
-4.890000000000000e+00	-2.218391e+00	-2.671609e-03
-4.880000000000000e+00	-2.218198e+00	-2.661802e-03
-4.870000000000000e+00	-2.218004e+00	-2.651996e-03
-4.860000000000000e+00	-2.217808e+00	-2.642191e-03
-4.850000000000000e+00	-2.217613e+00	-2.632387e-03
-4.840000000000000e+00	-2.217416e+00	-2.622585e-03
-4.830000000000000e+00	-2.217217e+00	-2.612782e-03
-4.820000000000000e+00	-2.217019e+00	-2.602981e-03
-4.810000000000000e+00	-2.216819e+00	-2.593182e-03
-4.800000000000000e+00	-2.216617e+00	-2.583383e-03
-4.790000000000000e+00	-2.216415e+00	-2.573585e-03
-4.780000000000000e+00	-2.216212e+00	-2.563788e-03
-4.770000000000000e+00	-2.216008e+00	-2.553992e-03
-4.760000000000000e+00	-2.215802e+00	-2.544197e-03
-4.750000000000000e+00	-2.215596e+00	-2.534404e-03
-4.740000000000000e+00	-2.215389e+00	-2.524612e-03
-4.730000000000000e+00	-2.215180e+00	-2.514820e-03
-4.720000000000000e+00	-2.214970e+00	-2.505030e-03
-4.710000000000000e+00	-2.214759e+00	-2.495241e-03
-4.700000000000000e+00	-2.214547e+00	-2.485453e-03
-4.690000000000000e+00	-2.214334e+00	-2.475667e-03
-4.680000000000000e+00	-2.214119e+00	-2.465881e-03
-4.670000000000000e+00	-2.213903e+00	-2.456097e-03
-4.660000000000000e+00	-2.213686e+00	-2.446314e-03
-4.649999999999999e+00	-2.213468e+00	-2.436532e-03
-4.640000000000000e+00	-2.213249e+00	-2.426751e-03
-4.630000000000000e+00	-2.213028e+00	-2.416972e-03
-4.620000000000000e+00	-2.212806e+00	-2.407194e-03
-4.610000000000000e+00	-2.212583e+00	-2.397417e-03
-4.600000000000000e+00	-2.212359e+00	-2.387641e-03
-4.590000000000000e+00	-2.212133e+00	-2.377867e-03
-4.580000000000000e+00	-2.211906e+00	-2.368094e-03
-4.570000000000000e+00	-2.211677e+00	-2.358323e-03
-4.560000000000000e+00	-2.211447e+00	-2.348553e-03
-4.550000000000000e+00	-2.211216e+00	-2.338784e-03
-4.540000000000000e+00	-2.210983e+00	-2.329017e-03
-4.530000000000000e+00	-2.210749e+00	-2.319251e-03
-4.520000000000000e+00	-2.210514e+00	-2.309487e-03
-4.510000000000000e+00	-2.210276e+00	-2.299723e-03
-4.500000000000000e+00	-2.210038e+00	-2.289962e-03
-4.490000000000000e+00	-2.209798e+00	-2.280202e-03
-4.480000000000000e+00	-2.209557e+00	-2.270444e-03
-4.470000000000000e+00	-2.209313e+00	-2.260687e-03
-4.460000000000000e+00	-2.209069e+00	-2.250931e-03
-4.450000000000000e+00	-2.208822e+00	-2.241177e-03
-4.440000000000000e+00	-2.208575e+00	-2.231425e-03
-4.430000000000000e+00	-2.208325e+00	-2.221675e-03
-4.420000000000000e+00	-2.208074e+00	-2.211926e-03
-4.410000000000000e+00	-2.207822e+00	-2.202178e-03
-4.399999999999999e+00	-2.207567e+00	-2.192433e-03
-4.390000000000000e+00	-2.207311e+00	-2.182689e-03
-4.380000000000000e+00	-2.207053e+00	-2.172947e-03
-4.370000000000000e+00	-2.206794e+00	-2.163206e-03
-4.360000000000000e+00	-2.206532e+00	-2.153468e-03
-4.350000000000000e+00	-2.206269e+00	-2.143731e-03
-4.340000000000000e+00	-2.206004e+00	-2.133996e-03
-4.330000000000000e+00	-2.205737e+00	-2.124263e-03
-4.320000000000000e+00	-2.205468e+00	-2.114532e-03
-4.310000000000000e+00	-2.205198e+00	-2.104803e-03
-4.300000000000000e+00	-2.204925e+00	-2.095075e-03
-4.290000000000000e+00	-2.204650e+00	-2.085350e-03
-4.280000000000000e+00	-2.204374e+00	-2.075627e-03
-4.270000000000000e+00	-2.204095e+00	-2.065905e-03
-4.260000000000000e+00	-2.203814e+00	-2.056186e-03
-4.250000000000000e+00	-2.203531e+00	-2.046469e-03
-4.240000000000000e+00	-2.203246e+00	-2.036754e-03
-4.230000000000000e+00	-2.202959e+00	-2.027041e-03
-4.220000000000000e+00	-2.202670e+00	-2.017330e-03
-4.210000000000000e+00	-2.202378e+00	-2.007622e-03
-4.200000000000000e+00	-2.202085e+00	-1.997916e-03
-4.190000000000000e+00	-2.201788e+00	-1.988212e-03
-4.180000000000000e+00	-2.201490e+00	-1.978510e-03
-4.170000000000000e+00	-2.201189e+00	-1.968811e-03
-4.160000000000000e+00	-2.200886e+00	-1.959114e-03
-4.149999999999999e+00	-2.200580e+00	-1.949420e-03
-4.140000000000000e+00	-2.200272e+00	-1.939728e-03
-4.130000000000000e+00	-2.199961e+00	-1.930039e-03
-4.120000000000000e+00	-2.199648e+00	-1.920352e-03
-4.110000000000000e+00	-2.199332e+00	-1.910668e-03
-4.100000000000000e+00	-2.199013e+00	-1.900987e-03
-4.090000000000000e+00	-2.198692e+00	-1.891308e-03
-4.080000000000000e+00	-2.198368e+00	-1.881632e-03
-4.070000000000000e+00	-2.198041e+00	-1.871959e-03
-4.060000000000000e+00	-2.197711e+00	-1.862289e-03
-4.050000000000000e+00	-2.197378e+00	-1.852622e-03
-4.040000000000000e+00	-2.197043e+00	-1.842957e-03
-4.030000000000000e+00	-2.196704e+00	-1.833296e-03
-4.020000000000000e+00	-2.196362e+00	-1.823638e-03
-4.010000000000000e+00	-2.196017e+00	-1.813983e-03
-4.000000000000000e+00	-2.195669e+00	-1.804331e-03
-3.990000000000000e+00	-2.195318e+00	-1.794682e-03
-3.980000000000000e+00	-2.194963e+00	-1.785037e-03
-3.970000000000000e+00	-2.194605e+00	-1.775395e-03
-3.960000000000000e+00	-2.194244e+00	-1.765756e-03
-3.950000000000000e+00	-2.193879e+00	-1.756121e-03
-3.940000000000000e+00	-2.193510e+00	-1.746490e-03
-3.930000000000000e+00	-2.193138e+00	-1.736862e-03
-3.920000000000000e+00	-2.192762e+00	-1.727238e-03
-3.910000000000000e+00	-2.192382e+00	-1.717618e-03
-3.899999999999999e+00	-2.191998e+00	-1.708001e-03
-3.890000000000000e+00	-2.191611e+00	-1.698389e-03
-3.880000000000000e+00	-2.191219e+00	-1.688781e-03
-3.870000000000000e+00	-2.190824e+00	-1.679176e-03
-3.859999999999999e+00	-2.190423e+00	-1.669577e-03
-3.850000000000000e+00	-2.190019e+00	-1.659981e-03
-3.840000000000000e+00	-2.189610e+00	-1.650390e-03
-3.830000000000000e+00	-2.189197e+00	-1.640803e-03
-3.820000000000000e+00	-2.188780e+00	-1.631220e-03
-3.810000000000000e+00	-2.188357e+00	-1.621643e-03
-3.800000000000000e+00	-2.187930e+00	-1.612070e-03
-3.790000000000000e+00	-2.187497e+00	-1.602503e-03
-3.780000000000000e+00	-2.187060e+00	-1.592940e-03
-3.770000000000000e+00	-2.186618e+00	-1.583382e-03
-3.760000000000000e+00	-2.186170e+00	-1.573830e-03
-3.750000000000000e+00	-2.185717e+00	-1.564283e-03
-3.740000000000000e+00	-2.185258e+00	-1.554742e-03
-3.730000000000000e+00	-2.184794e+00	-1.545206e-03
-3.720000000000000e+00	-2.184324e+00	-1.535677e-03
-3.710000000000000e+00	-2.183847e+00	-1.526153e-03
-3.700000000000000e+00	-2.183365e+00	-1.516635e-03
-3.690000000000000e+00	-2.182877e+00	-1.507123e-03
-3.680000000000000e+00	-2.182381e+00	-1.497619e-03
-3.670000000000000e+00	-2.181880e+00	-1.488120e-03
-3.660000000000000e+00	-2.181371e+00	-1.478629e-03
-3.649999999999999e+00	-2.180856e+00	-1.469144e-03
-3.640000000000000e+00	-2.180333e+00	-1.459667e-03
-3.630000000000000e+00	-2.179803e+00	-1.450196e-03
-3.620000000000000e+00	-2.179266e+00	-1.440734e-03
-3.609999999999999e+00	-2.178721e+00	-1.431279e-03
-3.600000000000000e+00	-2.178167e+00	-1.421833e-03
-3.590000000000000e+00	-2.177606e+00	-1.412394e-03
-3.580000000000000e+00	-2.177036e+00	-1.402965e-03
-3.570000000000000e+00	-2.176456e+00	-1.393543e-03
-3.560000000000000e+00	-2.175869e+00	-1.384131e-03
-3.550000000000000e+00	-2.175271e+00	-1.374729e-03
-3.540000000000000e+00	-2.174664e+00	-1.365336e-03
-3.530000000000000e+00	-2.174047e+00	-1.355952e-03
-3.520000000000000e+00	-2.173420e+00	-1.346580e-03
-3.510000000000000e+00	-2.172783e+00	-1.337217e-03
-3.500000000000000e+00	-2.172134e+00	-1.327866e-03
-3.490000000000000e+00	-2.171474e+00	-1.318526e-03
-3.480000000000000e+00	-2.170802e+00	-1.309198e-03
-3.470000000000000e+00	-2.170119e+00	-1.299881e-03
-3.460000000000000e+00	-2.169422e+00	-1.290578e-03
-3.450000000000000e+00	-2.168713e+00	-1.281287e-03
-3.440000000000000e+00	-2.167990e+00	-1.272010e-03
-3.430000000000000e+00	-2.167253e+00	-1.262747e-03
-3.420000000000000e+00	-2.166501e+00	-1.253499e-03
-3.410000000000000e+00	-2.165734e+00	-1.244266e-03
-3.399999999999999e+00	-2.164952e+00	-1.235048e-03
-3.390000000000000e+00	-2.164153e+00	-1.225847e-03
-3.380000000000000e+00	-2.163337e+00	-1.216663e-03
-3.370000000000000e+00	-2.162503e+00	-1.207497e-03
-3.359999999999999e+00	-2.161651e+00	-1.198349e-03
-3.350000000000000e+00	-2.160779e+00	-1.189221e-03
-3.340000000000000e+00	-2.159887e+00	-1.180113e-03
-3.330000000000000e+00	-2.158974e+00	-1.171026e-03
-3.320000000000000e+00	-2.158039e+00	-1.161961e-03
-3.310000000000000e+00	-2.157081e+00	-1.152919e-03
-3.300000000000000e+00	-2.156098e+00	-1.143902e-03
-3.290000000000000e+00	-2.155090e+00	-1.134910e-03
-3.280000000000000e+00	-2.154055e+00	-1.125945e-03
-3.270000000000000e+00	-2.152991e+00	-1.117009e-03
-3.260000000000000e+00	-2.151898e+00	-1.108102e-03
-3.250000000000000e+00	-2.150774e+00	-1.099226e-03
-3.240000000000000e+00	-2.149616e+00	-1.090384e-03
-3.230000000000000e+00	-2.148424e+00	-1.081576e-03
-3.220000000000000e+00	-2.147194e+00	-1.072806e-03
-3.210000000000000e+00	-2.145926e+00	-1.064074e-03
-3.200000000000000e+00	-2.144615e+00	-1.055385e-03
-3.190000000000000e+00	-2.143260e+00	-1.046739e-03
-3.180000000000000e+00	-2.141859e+00	-1.038141e-03
-3.170000000000000e+00	-2.140407e+00	-1.029593e-03
-3.160000000000000e+00	-2.138901e+00	-1.021099e-03
-3.149999999999999e+00	-2.137338e+00	-1.012662e-03
-3.140000000000000e+00	-2.135713e+00	-1.004287e-03
-3.130000000000000e+00	-2.134022e+00	-9.959775e-04
-3.120000000000000e+00	-2.132261e+00	-9.877395e-04
-3.109999999999999e+00	-2.130422e+00	-9.795782e-04
-3.100000000000000e+00	-2.128500e+00	-9.714999e-04
-3.090000000000000e+00	-2.126489e+00	-9.635114e-04
-3.080000000000000e+00	-2.124380e+00	-9.556202e-04
-3.070000000000000e+00	-2.122165e+00	-9.478350e-04
-3.060000000000000e+00	-2.119835e+00	-9.401652e-04
-3.050000000000000e+00	-2.117378e+00	-9.326217e-04
-3.040000000000000e+00	-2.114784e+00	-9.252161e-04
-3.030000000000000e+00	-2.112038e+00	-9.179619e-04
-3.020000000000000e+00	-2.109126e+00	-9.108740e-04
-3.010000000000000e+00	-2.106031e+00	-9.039692e-04
-3.000000000000000e+00	-2.102734e+00	-8.972658e-04
-2.990000000000000e+00	-2.099216e+00	-8.907845e-04
-2.980000000000000e+00	-2.095452e+00	-8.845479e-04
-2.970000000000000e+00	-2.091420e+00	-8.785804e-04
-2.960000000000000e+00	-2.087092e+00	-8.729082e-04
-2.950000000000000e+00	-2.082442e+00	-8.675584e-04
-2.940000000000000e+00	-2.077441e+00	-8.625587e-04
-2.930000000000000e+00	-2.072065e+00	-8.579353e-04
-2.920000000000000e+00	-2.066288e+00	-8.537116e-04
-2.910000000000000e+00	-2.060094e+00	-8.499058e-04
-2.899999999999999e+00	-2.053471e+00	-8.465287e-04
-2.890000000000000e+00	-2.046419e+00	-8.435812e-04
-2.880000000000000e+00	-2.038947e+00	-8.410531e-04
-2.870000000000000e+00	-2.031077e+00	-8.389232e-04
-2.859999999999999e+00	-2.022840e+00	-8.371599e-04
-2.850000000000000e+00	-2.014276e+00	-8.357241e-04
-2.840000000000000e+00	-2.005427e+00	-8.345728e-04
-2.830000000000000e+00	-1.996338e+00	-8.336621e-04
-2.820000000000000e+00	-1.987050e+00	-8.329500e-04
-2.810000000000000e+00	-1.977601e+00	-8.323985e-04
-2.800000000000000e+00	-1.968025e+00	-8.319749e-04
-2.790000000000000e+00	-1.958348e+00	-8.316516e-04
-2.780000000000000e+00	-1.948594e+00	-8.314060e-04
-2.770000000000000e+00	-1.938780e+00	-8.312202e-04
-2.760000000000000e+00	-1.928920e+00	-8.310800e-04
-2.750000000000000e+00	-1.919025e+00	-8.309745e-04
-2.740000000000000e+00	-1.909105e+00	-8.308953e-04
-2.730000000000000e+00	-1.899164e+00	-8.308359e-04
-2.720000000000000e+00	-1.889209e+00	-8.307914e-04
-2.710000000000000e+00	-1.879242e+00	-8.307580e-04
-2.700000000000000e+00	-1.869267e+00	-8.307330e-04
-2.690000000000000e+00	-1.859286e+00	-8.307144e-04
-2.680000000000000e+00	-1.849300e+00	-8.307004e-04
-2.670000000000000e+00	-1.839310e+00	-8.306900e-04
-2.660000000000000e+00	-1.829318e+00	-8.306822e-04
-2.649999999999999e+00	-1.819324e+00	-8.306763e-04
-2.640000000000000e+00	-1.809328e+00	-8.306720e-04
-2.630000000000000e+00	-1.799331e+00	-8.306687e-04
-2.620000000000000e+00	-1.789334e+00	-8.306663e-04
-2.609999999999999e+00	-1.779335e+00	-8.306645e-04
-2.600000000000000e+00	-1.769337e+00	-8.306631e-04
-2.590000000000000e+00	-1.759338e+00	-8.306621e-04
-2.580000000000000e+00	-1.749339e+00	-8.306613e-04
-2.570000000000000e+00	-1.739339e+00	-8.306607e-04
-2.560000000000000e+00	-1.729340e+00	-8.306603e-04
-2.550000000000000e+00	-1.719340e+00	-8.306600e-04
-2.540000000000000e+00	-1.709340e+00	-8.306598e-04
-2.530000000000000e+00	-1.699340e+00	-8.306596e-04
-2.520000000000000e+00	-1.689340e+00	-8.306595e-04
-2.510000000000000e+00	-1.679341e+00	-8.306594e-04
-2.500000000000000e+00	-1.669341e+00	-8.306593e-04
-2.490000000000000e+00	-1.659341e+00	-8.306592e-04
-2.480000000000000e+00	-1.649341e+00	-8.306592e-04
-2.470000000000000e+00	-1.639341e+00	-8.306592e-04
-2.460000000000000e+00	-1.629341e+00	-8.306592e-04
-2.450000000000000e+00	-1.619341e+00	-8.306591e-04
-2.440000000000000e+00	-1.609341e+00	-8.306591e-04
-2.430000000000000e+00	-1.599341e+00	-8.306591e-04
-2.420000000000000e+00	-1.589341e+00	-8.306591e-04
-2.410000000000000e+00	-1.579341e+00	-8.306591e-04
-2.399999999999999e+00	-1.569341e+00	-8.306591e-04
-2.390000000000000e+00	-1.559341e+00	-8.306591e-04
-2.380000000000000e+00	-1.549341e+00	-8.306591e-04
-2.370000000000000e+00	-1.539341e+00	-8.306591e-04
-2.359999999999999e+00	-1.529341e+00	-8.306591e-04
-2.350000000000000e+00	-1.519341e+00	-8.306591e-04
-2.340000000000000e+00	-1.509341e+00	-8.306591e-04
-2.330000000000000e+00	-1.499341e+00	-8.306591e-04
-2.320000000000000e+00	-1.489341e+00	-8.306591e-04
-2.310000000000000e+00	-1.479341e+00	-8.306591e-04
-2.300000000000000e+00	-1.469341e+00	-8.306591e-04
-2.290000000000000e+00	-1.459341e+00	-8.306591e-04
-2.280000000000000e+00	-1.449341e+00	-8.306591e-04
-2.270000000000000e+00	-1.439341e+00	-8.306591e-04
-2.260000000000000e+00	-1.429341e+00	-8.306591e-04
-2.250000000000000e+00	-1.419341e+00	-8.306591e-04
-2.240000000000000e+00	-1.409341e+00	-8.306591e-04
-2.230000000000000e+00	-1.399341e+00	-8.306591e-04
-2.220000000000000e+00	-1.389341e+00	-8.306591e-04
-2.210000000000000e+00	-1.379341e+00	-8.306591e-04
-2.200000000000000e+00	-1.369341e+00	-8.306591e-04
-2.190000000000000e+00	-1.359341e+00	-8.306591e-04
-2.180000000000000e+00	-1.349341e+00	-8.306591e-04
-2.170000000000000e+00	-1.339341e+00	-8.306591e-04
-2.160000000000000e+00	-1.329341e+00	-8.306591e-04
-2.149999999999999e+00	-1.319341e+00	-8.306591e-04
-2.140000000000000e+00	-1.309341e+00	-8.306591e-04
-2.130000000000000e+00	-1.299341e+00	-8.306591e-04
-2.120000000000000e+00	-1.289341e+00	-8.306591e-04
-2.109999999999999e+00	-1.279341e+00	-8.306591e-04
-2.100000000000000e+00	-1.269341e+00	-8.306591e-04
-2.090000000000000e+00	-1.259341e+00	-8.306591e-04
-2.080000000000000e+00	-1.249341e+00	-8.306591e-04
-2.069999999999999e+00	-1.239341e+00	-8.306591e-04
-2.060000000000000e+00	-1.229341e+00	-8.306591e-04
-2.050000000000000e+00	-1.219341e+00	-8.306591e-04
-2.040000000000000e+00	-1.209341e+00	-8.306591e-04
-2.030000000000000e+00	-1.199341e+00	-8.306591e-04
-2.020000000000000e+00	-1.189341e+00	-8.306591e-04
-2.010000000000000e+00	-1.179341e+00	-8.306591e-04
-2.000000000000000e+00	-1.169341e+00	-8.306591e-04
-1.990000000000000e+00	-1.159341e+00	-8.306591e-04
-1.980000000000000e+00	-1.149341e+00	-8.306591e-04
-1.970000000000001e+00	-1.139341e+00	-8.306591e-04
-1.959999999999999e+00	-1.129341e+00	-8.306591e-04
-1.949999999999999e+00	-1.119341e+00	-8.306591e-04
-1.940000000000000e+00	-1.109341e+00	-8.306591e-04
-1.930000000000000e+00	-1.099341e+00	-8.306591e-04
-1.920000000000000e+00	-1.089341e+00	-8.306591e-04
-1.910000000000000e+00	-1.079341e+00	-8.306591e-04
-1.900000000000000e+00	-1.069341e+00	-8.306591e-04
-1.890000000000001e+00	-1.059341e+00	-8.306591e-04
-1.879999999999999e+00	-1.049341e+00	-8.306591e-04
-1.869999999999999e+00	-1.039341e+00	-8.306591e-04
-1.859999999999999e+00	-1.029341e+00	-8.306591e-04
-1.850000000000000e+00	-1.019341e+00	-8.306591e-04
-1.840000000000000e+00	-1.009341e+00	-8.306591e-04
-1.830000000000000e+00	-9.993409e-01	-8.306591e-04
-1.820000000000000e+00	-9.893409e-01	-8.306591e-04
-1.810000000000000e+00	-9.793409e-01	-8.306591e-04
-1.800000000000001e+00	-9.693409e-01	-8.306591e-04
-1.789999999999999e+00	-9.593409e-01	-8.306591e-04
-1.779999999999999e+00	-9.493409e-01	-8.306591e-04
-1.770000000000000e+00	-9.393409e-01	-8.306591e-04
-1.760000000000000e+00	-9.293409e-01	-8.306591e-04
-1.750000000000000e+00	-9.193409e-01	-8.306591e-04
-1.740000000000000e+00	-9.093409e-01	-8.306591e-04
-1.730000000000000e+00	-8.993409e-01	-8.306591e-04
-1.720000000000001e+00	-8.893409e-01	-8.306591e-04
-1.709999999999999e+00	-8.793409e-01	-8.306591e-04
-1.699999999999999e+00	-8.693409e-01	-8.306591e-04
-1.690000000000000e+00	-8.593409e-01	-8.306591e-04
-1.680000000000000e+00	-8.493409e-01	-8.306591e-04
-1.670000000000000e+00	-8.393409e-01	-8.306591e-04
-1.660000000000000e+00	-8.293409e-01	-8.306591e-04
-1.650000000000000e+00	-8.193409e-01	-8.306591e-04
-1.640000000000001e+00	-8.093409e-01	-8.306591e-04
-1.629999999999999e+00	-7.993409e-01	-8.306591e-04
-1.619999999999999e+00	-7.893409e-01	-8.306591e-04
-1.609999999999999e+00	-7.793409e-01	-8.306591e-04
-1.600000000000000e+00	-7.693409e-01	-8.306591e-04
-1.590000000000000e+00	-7.593409e-01	-8.306591e-04
-1.580000000000000e+00	-7.493410e-01	-8.306591e-04
-1.570000000000000e+00	-7.393410e-01	-8.306591e-04
-1.560000000000000e+00	-7.293409e-01	-8.306591e-04
-1.550000000000001e+00	-7.193409e-01	-8.306591e-04
-1.539999999999999e+00	-7.093409e-01	-8.306591e-04
-1.529999999999999e+00	-6.993409e-01	-8.306591e-04
-1.520000000000000e+00	-6.893409e-01	-8.306591e-04
-1.510000000000000e+00	-6.793410e-01	-8.306590e-04
-1.500000000000000e+00	-6.693410e-01	-8.306590e-04
-1.490000000000000e+00	-6.593410e-01	-8.306590e-04
-1.480000000000000e+00	-6.493410e-01	-8.306589e-04
-1.470000000000001e+00	-6.393411e-01	-8.306589e-04
-1.459999999999999e+00	-6.293411e-01	-8.306589e-04
-1.449999999999999e+00	-6.193412e-01	-8.306588e-04
-1.440000000000000e+00	-6.093413e-01	-8.306588e-04
-1.430000000000000e+00	-5.993413e-01	-8.306587e-04
-1.420000000000000e+00	-5.893415e-01	-8.306585e-04
-1.410000000000000e+00	-5.793416e-01	-8.306584e-04
-1.400000000000000e+00	-5.693418e-01	-8.306582e-04
-1.390000000000001e+00	-5.593420e-01	-8.306580e-04
-1.379999999999999e+00	-5.493423e-01	-8.306577e-04
-1.369999999999999e+00	-5.393426e-01	-8.306574e-04
-1.359999999999999e+00	-5.293431e-01	-8.306568e-04
-1.350000000000000e+00	-5.193437e-01	-8.306563e-04
-1.340000000000000e+00	-5.093445e-01	-8.306555e-04
-1.330000000000000e+00	-4.993455e-01	-8.306545e-04
-1.320000000000000e+00	-4.893468e-01	-8.306532e-04
-1.310000000000000e+00	-4.793484e-01	-8.306516e-04
-1.299999999999999e+00	-4.693504e-01	-8.306496e-04
-1.289999999999999e+00	-4.593530e-01	-8.306470e-04
-1.279999999999999e+00	-4.493563e-01	-8.306436e-04
-1.270000000000000e+00	-4.393606e-01	-8.306394e-04
-1.260000000000000e+00	-4.293660e-01	-8.306340e-04
-1.250000000000000e+00	-4.193729e-01	-8.306271e-04
-1.240000000000000e+00	-4.093817e-01	-8.306184e-04
-1.230000000000000e+00	-3.993928e-01	-8.306072e-04
-1.220000000000001e+00	-3.894071e-01	-8.305929e-04
-1.209999999999999e+00	-3.794252e-01	-8.305748e-04
-1.199999999999999e+00	-3.694484e-01	-8.305517e-04
-1.190000000000000e+00	-3.594778e-01	-8.305222e-04
-1.180000000000000e+00	-3.495153e-01	-8.304847e-04
-1.170000000000000e+00	-3.395629e-01	-8.304371e-04
-1.160000000000000e+00	-3.296236e-01	-8.303765e-04
-1.150000000000000e+00	-3.197006e-01	-8.302995e-04
-1.140000000000001e+00	-3.097984e-01	-8.302017e-04
-1.129999999999999e+00	-2.999223e-01	-8.300776e-04
-1.119999999999999e+00	-2.900794e-01	-8.299206e-04
-1.109999999999999e+00	-2.802779e-01	-8.297222e-04
-1.100000000000000e+00	-2.705282e-01	-8.294718e-04
-1.090000000000000e+00	-2.608431e-01	-8.291570e-04
-1.080000000000000e+00	-2.512378e-01	-8.287622e-04
-1.070000000000000e+00	-2.417304e-01	-8.282696e-04
-1.060000000000000e+00	-2.323424e-01	-8.276576e-04
-1.049999999999999e+00	-2.230979e-01	-8.269021e-04
-1.039999999999999e+00	-2.140241e-01	-8.259759e-04
-1.029999999999999e+00	-2.051503e-01	-8.248497e-04
-1.020000000000000e+00	-1.965071e-01	-8.234929e-04
-1.010000000000000e+00	-1.881248e-01	-8.218752e-04
-1.000000000000000e+00	-1.800321e-01	-8.199679e-04
-9.900000000000002e-01	-1.722544e-01	-8.177456e-04
-9.800000000000004e-01	-1.648120e-01	-8.151880e-04
-9.700000000000006e-01	-1.577192e-01	-8.122808e-04
-9.599999999999991e-01	-1.509838e-01	-8.090162e-04
-9.499999999999993e-01	-1.446071e-01	-8.053929e-04
-9.399999999999995e-01	-1.385844e-01	-8.014156e-04
-9.299999999999997e-01	-1.329057e-01	-7.970943e-04
-9.199999999999999e-01	-1.275575e-01	-7.924425e-04
-9.100000000000001e-01	-1.225231e-01	-7.874769e-04
-9.000000000000004e-01	-1.177844e-01	-7.822156e-04
-8.900000000000006e-01	-1.133224e-01	-7.766776e-04
-8.799999999999990e-01	-1.091180e-01	-7.708820e-04
-8.699999999999992e-01	-1.051525e-01	-7.648475e-04
-8.599999999999994e-01	-1.014079e-01	-7.585921e-04
-8.499999999999996e-01	-9.786735e-02	-7.521327e-04
-8.399999999999999e-01	-9.451504e-02	-7.454850e-04
-8.300000000000001e-01	-9.133635e-02	-7.386637e-04
-8.200000000000003e-01	-8.831780e-02	-7.316822e-04
-8.100000000000005e-01	-8.544706e-02	-7.245530e-04
-7.999999999999989e-01	-8.271285e-02	-7.172871e-04
-7.899999999999991e-01	-8.010490e-02	-7.098951e-04
-7.799999999999994e-01	-7.761384e-02	-7.023861e-04
-7.699999999999996e-01	-7.523115e-02	-6.947689e-04
-7.599999999999998e-01	-7.294907e-02	-6.870509e-04
-7.500000000000000e-01	-7.076054e-02	-6.792395e-04
-7.400000000000002e-01	-6.865913e-02	-6.713409e-04
-7.300000000000004e-01	-6.663895e-02	-6.633610e-04
-7.200000000000006e-01	-6.469465e-02	-6.553053e-04
-7.099999999999991e-01	-6.282134e-02	-6.471787e-04
-6.999999999999993e-01	-6.101451e-02	-6.389855e-04
-6.899999999999995e-01	-5.927008e-02	-6.307299e-04
-6.799999999999997e-01	-5.758425e-02	-6.224157e-04
-6.699999999999999e-01	-5.595357e-02	-6.140464e-04
-6.600000000000001e-01	-5.437484e-02	-6.056252e-04
-6.500000000000004e-01	-5.284511e-02	-5.971549e-04
-6.400000000000006e-01	-5.136168e-02	-5.886383e-04
-6.299999999999990e-01	-4.992202e-02	-5.800780e-04
-6.199999999999992e-01	-4.852381e-02	-5.714762e-04
-6.099999999999994e-01	-4.716490e-02	-5.628351e-04
-5.999999999999996e-01	-4.584328e-02	-5.541567e-04
-5.899999999999999e-01	-4.455708e-02	-5.454429e-04
-5.800000000000001e-01	-4.330458e-02	-5.366954e-04
-5.700000000000003e-01	-4.208416e-02	-5.279158e-04
-5.600000000000005e-01	-4.089430e-02	-5.191057e-04
-5.499999999999989e-01	-3.973361e-02	-5.102664e-04
-5.399999999999991e-01	-3.860076e-02	-5.013992e-04
-5.299999999999994e-01	-3.749451e-02	-4.925055e-04
-5.199999999999996e-01	-3.641371e-02	-4.835863e-04
-5.099999999999998e-01	-3.535726e-02	-4.746427e-04
-5.000000000000000e-01	-3.432415e-02	-4.656758e-04
-4.900000000000002e-01	-3.331342e-02	-4.566866e-04
-4.800000000000004e-01	-3.232415e-02	-4.476758e-04
-4.700000000000006e-01	-3.135549e-02	-4.386445e-04
-4.599999999999991e-01	-3.040664e-02	-4.295934e-04
-4.499999999999993e-01	-2.947683e-02	-4.205232e-04
-4.399999999999995e-01	-2.856534e-02	-4.114347e-04
-4.299999999999997e-01	-2.767150e-02	-4.023285e-04
-4.199999999999999e-01	-2.679465e-02	-3.932054e-04
-4.100000000000001e-01	-2.593418e-02	-3.840658e-04
-4.000000000000004e-01	-2.508952e-02	-3.749105e-04
-3.900000000000006e-01	-2.426011e-02	-3.657399e-04
-3.799999999999990e-01	-2.344543e-02	-3.565546e-04
-3.699999999999992e-01	-2.264498e-02	-3.473550e-04
-3.599999999999994e-01	-2.185829e-02	-3.381417e-04
-3.499999999999996e-01	-2.108490e-02	-3.289151e-04
-3.399999999999999e-01	-2.032439e-02	-3.196756e-04
-3.300000000000001e-01	-1.957634e-02	-3.104237e-04
-3.200000000000003e-01	-1.884036e-02	-3.011596e-04
-3.100000000000005e-01	-1.811608e-02	-2.918839e-04
-2.999999999999989e-01	-1.740315e-02	-2.825969e-04
-2.899999999999991e-01	-1.670121e-02	-2.732988e-04
-2.799999999999994e-01	-1.600995e-02	-2.639900e-04
-2.699999999999996e-01	-1.532905e-02	-2.546709e-04
-2.599999999999998e-01	-1.465821e-02	-2.453418e-04
-2.500000000000000e-01	-1.399714e-02	-2.360029e-04
-2.400000000000002e-01	-1.334558e-02	-2.266544e-04
-2.300000000000004e-01	-1.270325e-02	-2.172968e-04
-2.200000000000006e-01	-1.206990e-02	-2.079301e-04
-2.099999999999991e-01	-1.144528e-02	-1.985547e-04
-1.999999999999993e-01	-1.082918e-02	-1.891708e-04
-1.899999999999995e-01	-1.022135e-02	-1.797787e-04
-1.799999999999997e-01	-9.621580e-03	-1.703784e-04
-1.699999999999999e-01	-9.029669e-03	-1.609703e-04
-1.600000000000001e-01	-8.445412e-03	-1.515546e-04
-1.500000000000004e-01	-7.868618e-03	-1.421314e-04
-1.400000000000006e-01	-7.299099e-03	-1.327009e-04
-1.299999999999990e-01	-6.736677e-03	-1.232633e-04
-1.199999999999992e-01	-6.181180e-03	-1.138188e-04
-1.099999999999994e-01	-5.632440e-03	-1.043676e-04
-9.999999999999964e-02	-5.090297e-03	-9.490970e-05
-8.999999999999986e-02	-4.554596e-03	-8.544540e-05
-8.000000000000007e-02	-4.025186e-03	-7.597481e-05
-7.000000000000028e-02	-3.501923e-03	-6.649808e-05
-6.000000000000050e-02	-2.984668e-03	-5.701533e-05
-4.999999999999893e-02	-2.473283e-03	-4.752672e-05
-3.999999999999915e-02	-1.967640e-03	-3.803236e-05
-2.999999999999936e-02	-1.467610e-03	-2.853239e-05
-1.999999999999957e-02	-9.730724e-04	-1.902693e-05
-9.999999999999787e-03	-4.839071e-04	-9.516093e-06
0.000000000000000e+00	0.000000e+00	0.000000e+00
9.999999999999787e-03	4.787613e-04	9.521239e-06
1.999999999999957e-02	9.524836e-04	1.904752e-05
2.999999999999936e-02	1.421272e-03	2.857873e-05
4.000000000000092e-02	1.885228e-03	3.811477e-05
5.000000000000071e-02	2.344450e-03	4.765555e-05
6.000000000000050e-02	2.799033e-03	5.720097e-05
7.000000000000028e-02	3.249070e-03	6.675093e-05
8.000000000000007e-02	3.694651e-03	7.630535e-05
8.999999999999986e-02	4.135863e-03	8.586414e-05
9.999999999999964e-02	4.572792e-03	9.542721e-05
1.099999999999994e-01	5.005518e-03	1.049945e-04
1.200000000000010e-01	5.434124e-03	1.145659e-04
1.300000000000008e-01	5.858686e-03	1.241413e-04
1.400000000000006e-01	6.279281e-03	1.337207e-04
1.500000000000004e-01	6.695981e-03	1.433040e-04
1.600000000000001e-01	7.108859e-03	1.528911e-04
1.699999999999999e-01	7.517984e-03	1.624820e-04
1.799999999999997e-01	7.923424e-03	1.720766e-04
1.899999999999995e-01	8.325246e-03	1.816748e-04
2.000000000000011e-01	8.723513e-03	1.912765e-04
2.100000000000009e-01	9.118288e-03	2.008817e-04
2.200000000000006e-01	9.509632e-03	2.104904e-04
2.300000000000004e-01	9.897606e-03	2.201024e-04
2.400000000000002e-01	1.028226e-02	2.297177e-04
2.500000000000000e-01	1.066367e-02	2.393363e-04
2.599999999999998e-01	1.104187e-02	2.489581e-04
2.699999999999996e-01	1.141692e-02	2.585831e-04
2.799999999999994e-01	1.178888e-02	2.682111e-04
2.900000000000009e-01	1.215779e-02	2.778422e-04
3.000000000000007e-01	1.252371e-02	2.874763e-04
3.100000000000005e-01	1.288668e-02	2.971133e-04
3.200000000000003e-01	1.324675e-02	3.067532e-04
3.300000000000001e-01	1.360397e-02	3.163960e-04
3.399999999999999e-01	1.395838e-02	3.260416e-04
3.499999999999996e-01	1.431003e-02	3.356900e-04
3.599999999999994e-01	1.465896e-02	3.453410e-04
3.700000000000010e-01	1.500522e-02	3.549948e-04
3.800000000000008e-01	1.534883e-02	3.646512e-04
3.900000000000006e-01	1.568985e-02	3.743102e-04
4.000000000000004e-01	1.602832e-02	3.839717e-04
4.100000000000001e-01	1.636427e-02	3.936357e-04
4.199999999999999e-01	1.669773e-02	4.033023e-04
4.299999999999997e-01	1.702875e-02	4.129712e-04
4.399999999999995e-01	1.735737e-02	4.226426e-04
4.500000000000011e-01	1.768362e-02	4.323164e-04
4.600000000000009e-01	1.800752e-02	4.419925e-04
4.700000000000006e-01	1.832912e-02	4.516709e-04
4.800000000000004e-01	1.864846e-02	4.613515e-04
4.900000000000002e-01	1.896555e-02	4.710344e-04
5.000000000000000e-01	1.928044e-02	4.807196e-04
5.099999999999998e-01	1.959315e-02	4.904069e-04
5.199999999999996e-01	1.990371e-02	5.000963e-04
5.299999999999994e-01	2.021216e-02	5.097878e-04
5.400000000000009e-01	2.051852e-02	5.194815e-04
5.500000000000007e-01	2.082283e-02	5.291772e-04
5.600000000000005e-01	2.112510e-02	5.388749e-04
5.700000000000003e-01	2.142538e-02	5.485746e-04
5.800000000000001e-01	2.172367e-02	5.582763e-04
5.899999999999999e-01	2.202002e-02	5.679800e-04
5.999999999999996e-01	2.231444e-02	5.776855e-04
6.099999999999994e-01	2.260697e-02	5.873930e-04
6.200000000000010e-01	2.289762e-02	5.971024e-04
6.300000000000008e-01	2.318642e-02	6.068136e-04
6.400000000000006e-01	2.347340e-02	6.165266e-04
6.500000000000004e-01	2.375857e-02	6.262414e-04
6.600000000000001e-01	2.404197e-02	6.359580e-04
6.699999999999999e-01	2.432361e-02	6.456764e-04
6.799999999999997e-01	2.460351e-02	6.553965e-04
6.899999999999995e-01	2.488171e-02	6.651183e-04
7.000000000000011e-01	2.515821e-02	6.748418e-04
7.100000000000009e-01	2.543304e-02	6.845670e-04
7.200000000000006e-01	2.570622e-02	6.942938e-04
7.300000000000004e-01	2.597777e-02	7.040222e-04
7.400000000000002e-01	2.624771e-02	7.137523e-04
7.500000000000000e-01	2.651606e-02	7.234839e-04
7.599999999999998e-01	2.678284e-02	7.332172e-04
7.699999999999996e-01	2.704807e-02	7.429519e-04
7.799999999999994e-01	2.731176e-02	7.526883e-04
7.900000000000009e-01	2.757393e-02	7.624261e-04
8.000000000000007e-01	2.783461e-02	7.721654e-04
8.100000000000005e-01	2.809381e-02	7.819062e-04
8.200000000000003e-01	2.835154e-02	7.916485e-04
8.300000000000001e-01	2.860783e-02	8.013922e-04
8.399999999999999e-01	2.886268e-02	8.111373e-04
8.499999999999996e-01	2.911613e-02	8.208839e-04
8.599999999999994e-01	2.936817e-02	8.306318e-04
8.700000000000010e-01	2.961883e-02	8.403812e-04
8.800000000000008e-01	2.986813e-02	8.501319e-04
8.900000000000006e-01	3.011607e-02	8.598839e-04
9.000000000000004e-01	3.036268e-02	8.696373e-04
9.100000000000001e-01	3.060796e-02	8.793920e-04
9.199999999999999e-01	3.085194e-02	8.891480e-04
9.299999999999997e-01	3.109463e-02	8.989054e-04
9.399999999999995e-01	3.133604e-02	9.086640e-04
9.500000000000011e-01	3.157618e-02	9.184238e-04
9.600000000000009e-01	3.181507e-02	9.281849e-04
9.700000000000006e-01	3.205272e-02	9.379473e-04
9.800000000000004e-01	3.228915e-02	9.477108e-04
9.900000000000002e-01	3.252437e-02	9.574756e-04
1.000000000000000e+00	3.275838e-02	9.672416e-04
1.010000000000000e+00	3.299121e-02	9.770088e-04
1.020000000000000e+00	3.322287e-02	9.867771e-04
1.029999999999999e+00	3.345336e-02	9.965466e-04
1.040000000000001e+00	3.368270e-02	1.006317e-03
1.050000000000001e+00	3.391091e-02	1.016089e-03
1.060000000000000e+00	3.413799e-02	1.025862e-03
1.070000000000000e+00	3.436395e-02	1.035636e-03
1.080000000000000e+00	3.458881e-02	1.045411e-03
1.090000000000000e+00	3.481258e-02	1.055187e-03
1.100000000000000e+00	3.503526e-02	1.064965e-03
1.109999999999999e+00	3.525688e-02	1.074743e-03
1.120000000000001e+00	3.547743e-02	1.084523e-03
1.130000000000001e+00	3.569693e-02	1.094303e-03
1.140000000000001e+00	3.591540e-02	1.104085e-03
1.150000000000000e+00	3.613283e-02	1.113867e-03
1.160000000000000e+00	3.634924e-02	1.123651e-03
1.170000000000000e+00	3.656465e-02	1.133435e-03
1.180000000000000e+00	3.677906e-02	1.143221e-03
1.190000000000000e+00	3.699247e-02	1.153007e-03
1.200000000000001e+00	3.720490e-02	1.162795e-03
1.210000000000001e+00	3.741636e-02	1.172584e-03
1.220000000000001e+00	3.762687e-02	1.182373e-03
1.230000000000000e+00	3.783641e-02	1.192164e-03
1.240000000000000e+00	3.804502e-02	1.201955e-03
1.250000000000000e+00	3.825268e-02	1.211747e-03
1.260000000000000e+00	3.845942e-02	1.221541e-03
1.270000000000000e+00	3.866524e-02	1.231335e-03
1.279999999999999e+00	3.887015e-02	1.241130e-03
1.290000000000001e+00	3.907416e-02	1.250926e-03
1.300000000000001e+00	3.927728e-02	1.260723e-03
1.310000000000000e+00	3.947951e-02	1.270521e-03
1.320000000000000e+00	3.968086e-02	1.280319e-03
1.330000000000000e+00	3.988134e-02	1.290119e-03
1.340000000000000e+00	4.008097e-02	1.299919e-03
1.350000000000000e+00	4.027974e-02	1.309720e-03
1.359999999999999e+00	4.047766e-02	1.319522e-03
1.370000000000001e+00	4.067474e-02	1.329325e-03
1.380000000000001e+00	4.087100e-02	1.339129e-03
1.390000000000001e+00	4.106642e-02	1.348934e-03
1.400000000000000e+00	4.126104e-02	1.358739e-03
1.410000000000000e+00	4.145484e-02	1.368545e-03
1.420000000000000e+00	4.164784e-02	1.378352e-03
1.430000000000000e+00	4.184004e-02	1.388160e-03
1.440000000000000e+00	4.203145e-02	1.397969e-03
1.450000000000001e+00	4.222208e-02	1.407778e-03
1.460000000000001e+00	4.241194e-02	1.417588e-03
1.470000000000001e+00	4.260103e-02	1.427399e-03
1.480000000000000e+00	4.278935e-02	1.437211e-03
1.490000000000000e+00	4.297692e-02	1.447023e-03
1.500000000000000e+00	4.316374e-02	1.456836e-03
1.510000000000000e+00	4.334981e-02	1.466650e-03
1.520000000000000e+00	4.353514e-02	1.476465e-03
1.529999999999999e+00	4.371975e-02	1.486280e-03
1.540000000000001e+00	4.390363e-02	1.496096e-03
1.550000000000001e+00	4.408679e-02	1.505913e-03
1.560000000000000e+00	4.426924e-02	1.515731e-03
1.570000000000000e+00	4.445098e-02	1.525549e-03
1.580000000000000e+00	4.463201e-02	1.535368e-03
1.590000000000000e+00	4.481236e-02	1.545188e-03
1.600000000000000e+00	4.499200e-02	1.555008e-03
1.609999999999999e+00	4.517097e-02	1.564829e-03
1.620000000000001e+00	4.534926e-02	1.574651e-03
1.630000000000001e+00	4.552687e-02	1.584473e-03
1.640000000000001e+00	4.570381e-02	1.594296e-03
1.650000000000000e+00	4.588009e-02	1.604120e-03
1.660000000000000e+00	4.605570e-02	1.613944e-03
1.670000000000000e+00	4.623067e-02	1.623769e-03
1.680000000000000e+00	4.640499e-02	1.633595e-03
1.690000000000000e+00	4.657866e-02	1.643421e-03
1.700000000000001e+00	4.675170e-02	1.653248e-03
1.710000000000001e+00	4.692410e-02	1.663076e-03
1.720000000000001e+00	4.709588e-02	1.672904e-03
1.730000000000000e+00	4.726703e-02	1.682733e-03
1.740000000000000e+00	4.743756e-02	1.692562e-03
1.750000000000000e+00	4.760748e-02	1.702392e-03
1.760000000000000e+00	4.777679e-02	1.712223e-03
1.770000000000000e+00	4.794549e-02	1.722055e-03
1.779999999999999e+00	4.811360e-02	1.731886e-03
1.790000000000001e+00	4.828110e-02	1.741719e-03
1.800000000000001e+00	4.844802e-02	1.751552e-03
1.810000000000000e+00	4.861435e-02	1.761386e-03
1.820000000000000e+00	4.878009e-02	1.771220e-03
1.830000000000000e+00	4.894526e-02	1.781055e-03
1.840000000000000e+00	4.910985e-02	1.790890e-03
1.850000000000000e+00	4.927387e-02	1.800726e-03
1.859999999999999e+00	4.943733e-02	1.810563e-03
1.870000000000001e+00	4.960022e-02	1.820400e-03
1.880000000000001e+00	4.976256e-02	1.830237e-03
1.890000000000001e+00	4.992435e-02	1.840076e-03
1.900000000000000e+00	5.008558e-02	1.849914e-03
1.910000000000000e+00	5.024627e-02	1.859754e-03
1.920000000000000e+00	5.040642e-02	1.869594e-03
1.930000000000000e+00	5.056603e-02	1.879434e-03
1.940000000000000e+00	5.072510e-02	1.889275e-03
1.950000000000001e+00	5.088364e-02	1.899116e-03
1.960000000000001e+00	5.104166e-02	1.908958e-03
1.970000000000001e+00	5.119915e-02	1.918801e-03
1.980000000000000e+00	5.135613e-02	1.928644e-03
1.990000000000000e+00	5.151259e-02	1.938487e-03
2.000000000000000e+00	5.166854e-02	1.948331e-03
2.010000000000000e+00	5.182397e-02	1.958176e-03
2.020000000000000e+00	5.197890e-02	1.968021e-03
2.030000000000001e+00	5.213334e-02	1.977867e-03
2.040000000000001e+00	5.228727e-02	1.987713e-03
2.050000000000001e+00	5.244071e-02	1.997559e-03
2.060000000000000e+00	5.259366e-02	2.007406e-03
2.070000000000000e+00	5.274611e-02	2.017254e-03
2.080000000000000e+00	5.289809e-02	2.027102e-03
2.090000000000000e+00	5.304958e-02	2.036950e-03
2.100000000000000e+00	5.320060e-02	2.046800e-03
2.109999999999999e+00	5.335113e-02	2.056649e-03
2.120000000000001e+00	5.350120e-02	2.066499e-03
2.130000000000001e+00	5.365080e-02	2.076349e-03
2.140000000000001e+00	5.379993e-02	2.086200e-03
2.150000000000000e+00	5.394860e-02	2.096051e-03
2.160000000000000e+00	5.409681e-02	2.105903e-03
2.170000000000000e+00	5.424457e-02	2.115755e-03
2.180000000000000e+00	5.439187e-02	2.125608e-03
2.190000000000000e+00	5.453872e-02	2.135461e-03
2.200000000000001e+00	5.468512e-02	2.145315e-03
2.210000000000001e+00	5.483108e-02	2.155169e-03
2.220000000000001e+00	5.497659e-02	2.165023e-03
2.230000000000000e+00	5.512167e-02	2.174878e-03
2.240000000000000e+00	5.526631e-02	2.184734e-03
2.250000000000000e+00	5.541052e-02	2.194589e-03
2.260000000000000e+00	5.555429e-02	2.204446e-03
2.270000000000000e+00	5.569764e-02	2.214302e-03
2.280000000000001e+00	5.584056e-02	2.224159e-03
2.290000000000001e+00	5.598306e-02	2.234017e-03
2.300000000000001e+00	5.612514e-02	2.243875e-03
2.310000000000000e+00	5.626681e-02	2.253733e-03
2.320000000000000e+00	5.640806e-02	2.263592e-03
2.330000000000000e+00	5.654889e-02	2.273451e-03
2.340000000000000e+00	5.668932e-02	2.283311e-03
2.350000000000000e+00	5.682934e-02	2.293171e-03
2.359999999999999e+00	5.696895e-02	2.303031e-03
2.370000000000001e+00	5.710816e-02	2.312892e-03
2.380000000000001e+00	5.724698e-02	2.322753e-03
2.390000000000001e+00	5.738540e-02	2.332615e-03
2.400000000000000e+00	5.752342e-02	2.342477e-03
2.410000000000000e+00	5.766105e-02	2.352339e-03
2.420000000000000e+00	5.779829e-02	2.362202e-03
2.430000000000000e+00	5.793514e-02	2.372065e-03
2.440000000000000e+00	5.807161e-02	2.381928e-03
2.450000000000001e+00	5.820769e-02	2.391792e-03
2.460000000000001e+00	5.834340e-02	2.401657e-03
2.470000000000001e+00	5.847872e-02	2.411521e-03
2.480000000000000e+00	5.861367e-02	2.421386e-03
2.490000000000000e+00	5.874825e-02	2.431252e-03
2.500000000000000e+00	5.888245e-02	2.441118e-03
2.510000000000000e+00	5.901628e-02	2.450984e-03
2.520000000000000e+00	5.914975e-02	2.460850e-03
2.530000000000001e+00	5.928285e-02	2.470717e-03
2.540000000000001e+00	5.941559e-02	2.480584e-03
2.550000000000001e+00	5.954797e-02	2.490452e-03
2.560000000000000e+00	5.967999e-02	2.500320e-03
2.570000000000000e+00	5.981166e-02	2.510188e-03
2.580000000000000e+00	5.994297e-02	2.520057e-03
2.590000000000000e+00	6.007392e-02	2.529926e-03
2.600000000000000e+00	6.020453e-02	2.539795e-03
2.609999999999999e+00	6.033479e-02	2.549665e-03
2.620000000000001e+00	6.046470e-02	2.559535e-03
2.630000000000001e+00	6.059426e-02	2.569406e-03
2.640000000000001e+00	6.072349e-02	2.579276e-03
2.650000000000000e+00	6.085237e-02	2.589148e-03
2.660000000000000e+00	6.098092e-02	2.599019e-03
2.670000000000000e+00	6.110913e-02	2.608891e-03
2.680000000000000e+00	6.123700e-02	2.618763e-03
2.690000000000000e+00	6.136454e-02	2.628635e-03
2.700000000000001e+00	6.149175e-02	2.638508e-03
2.710000000000001e+00	6.161863e-02	2.648381e-03
2.720000000000001e+00	6.174519e-02	2.658255e-03
2.730000000000000e+00	6.187141e-02	2.668129e-03
2.740000000000000e+00	6.199732e-02	2.678003e-03
2.750000000000000e+00	6.212290e-02	2.687877e-03
2.760000000000000e+00	6.224816e-02	2.697752e-03
2.770000000000000e+00	6.237311e-02	2.707627e-03
2.780000000000001e+00	6.249773e-02	2.717502e-03
2.790000000000001e+00	6.262204e-02	2.727378e-03
2.800000000000001e+00	6.274604e-02	2.737254e-03
2.810000000000000e+00	6.286973e-02	2.747130e-03
2.820000000000000e+00	6.299310e-02	2.757007e-03
2.830000000000000e+00	6.311617e-02	2.766884e-03
2.840000000000000e+00	6.323893e-02	2.776761e-03
2.850000000000000e+00	6.336139e-02	2.786639e-03
2.859999999999999e+00	6.348354e-02	2.796517e-03
2.870000000000001e+00	6.360540e-02	2.806395e-03
2.880000000000001e+00	6.372695e-02	2.816273e-03
2.890000000000001e+00	6.384820e-02	2.826152e-03
2.900000000000000e+00	6.396916e-02	2.836031e-03
2.910000000000000e+00	6.408982e-02	2.845910e-03
2.920000000000000e+00	6.421019e-02	2.855790e-03
2.930000000000000e+00	6.433026e-02	2.865670e-03
2.940000000000000e+00	6.445005e-02	2.875550e-03
2.950000000000001e+00	6.456955e-02	2.885430e-03
2.960000000000001e+00	6.468876e-02	2.895311e-03
2.970000000000001e+00	6.480768e-02	2.905192e-03
2.980000000000000e+00	6.492632e-02	2.915074e-03
2.990000000000000e+00	6.504467e-02	2.924955e-03
3.000000000000000e+00	6.516274e-02	2.934837e-03
3.010000000000000e+00	6.528053e-02	2.944720e-03
3.020000000000000e+00	6.539805e-02	2.954602e-03
3.030000000000001e+00	6.551529e-02	2.964485e-03
3.040000000000001e+00	6.563225e-02	2.974368e-03
3.050000000000001e+00	6.574893e-02	2.984251e-03
3.060000000000000e+00	6.586535e-02	2.994135e-03
3.070000000000000e+00	6.598148e-02	3.004018e-03
3.080000000000000e+00	6.609736e-02	3.013903e-03
3.090000000000000e+00	6.621296e-02	3.023787e-03
3.100000000000000e+00	6.632829e-02	3.033672e-03
3.109999999999999e+00	6.644336e-02	3.043557e-03
3.120000000000001e+00	6.655817e-02	3.053442e-03
3.130000000000001e+00	6.667271e-02	3.063327e-03
3.140000000000001e+00	6.678698e-02	3.073213e-03
3.150000000000000e+00	6.690100e-02	3.083099e-03
3.160000000000000e+00	6.701475e-02	3.092985e-03
3.170000000000000e+00	6.712825e-02	3.102872e-03
3.180000000000000e+00	6.724149e-02	3.112759e-03
3.190000000000000e+00	6.735448e-02	3.122645e-03
3.200000000000001e+00	6.746721e-02	3.132533e-03
3.210000000000001e+00	6.757969e-02	3.142420e-03
3.220000000000001e+00	6.769191e-02	3.152308e-03
3.230000000000000e+00	6.780388e-02	3.162196e-03
3.240000000000000e+00	6.791561e-02	3.172084e-03
3.250000000000000e+00	6.802709e-02	3.181973e-03
3.260000000000000e+00	6.813831e-02	3.191862e-03
3.270000000000000e+00	6.824929e-02	3.201751e-03
3.280000000000001e+00	6.836003e-02	3.211640e-03
3.290000000000001e+00	6.847052e-02	3.221530e-03
3.300000000000001e+00	6.858078e-02	3.231419e-03
3.310000000000000e+00	6.869078e-02	3.241309e-03
3.320000000000000e+00	6.880055e-02	3.251199e-03
3.330000000000000e+00	6.891008e-02	3.261090e-03
3.340000000000000e+00	6.901938e-02	3.270981e-03
3.350000000000000e+00	6.912844e-02	3.280872e-03
3.359999999999999e+00	6.923725e-02	3.290763e-03
3.370000000000001e+00	6.934584e-02	3.300654e-03
3.380000000000001e+00	6.945419e-02	3.310546e-03
3.390000000000001e+00	6.956232e-02	3.320438e-03
3.400000000000000e+00	6.967020e-02	3.330330e-03
3.410000000000000e+00	6.977786e-02	3.340222e-03
3.420000000000000e+00	6.988529e-02	3.350115e-03
3.430000000000000e+00	6.999249e-02	3.360007e-03
3.440000000000000e+00	7.009947e-02	3.369901e-03
3.450000000000001e+00	7.020622e-02	3.379794e-03
3.460000000000001e+00	7.031274e-02	3.389687e-03
3.470000000000001e+00	7.041904e-02	3.399581e-03
3.480000000000000e+00	7.052512e-02	3.409475e-03
3.490000000000000e+00	7.063097e-02	3.419369e-03
3.500000000000000e+00	7.073660e-02	3.429263e-03
3.510000000000000e+00	7.084202e-02	3.439158e-03
3.520000000000000e+00	7.094721e-02	3.449053e-03
3.530000000000001e+00	7.105219e-02	3.458948e-03
3.540000000000001e+00	7.115695e-02	3.468843e-03
3.550000000000001e+00	7.126150e-02	3.478738e-03
3.560000000000000e+00	7.136583e-02	3.488634e-03
3.570000000000000e+00	7.146995e-02	3.498530e-03
3.580000000000000e+00	7.157385e-02	3.508426e-03
3.590000000000000e+00	7.167754e-02	3.518322e-03
3.600000000000000e+00	7.178102e-02	3.528219e-03
3.609999999999999e+00	7.188429e-02	3.538116e-03
3.620000000000001e+00	7.198735e-02	3.548013e-03
3.630000000000001e+00	7.209021e-02	3.557910e-03
3.640000000000001e+00	7.219286e-02	3.567807e-03
3.650000000000000e+00	7.229529e-02	3.577705e-03
3.660000000000000e+00	7.239753e-02	3.587602e-03
3.670000000000000e+00	7.249956e-02	3.597501e-03
3.680000000000000e+00	7.260139e-02	3.607399e-03
3.690000000000000e+00	7.270300e-02	3.617297e-03
3.700000000000001e+00	7.280443e-02	3.627195e-03
3.710000000000001e+00	7.290565e-02	3.637094e-03
3.720000000000001e+00	7.300667e-02	3.646993e-03
3.730000000000000e+00	7.310749e-02	3.656893e-03
3.740000000000000e+00	7.320812e-02	3.666792e-03
3.750000000000000e+00	7.330854e-02	3.676692e-03
3.760000000000000e+00	7.340877e-02	3.686591e-03
3.770000000000000e+00	7.350880e-02	3.696491e-03
3.780000000000001e+00	7.360864e-02	3.706391e-03
3.790000000000001e+00	7.370829e-02	3.716292e-03
3.800000000000001e+00	7.380774e-02	3.726192e-03
3.810000000000000e+00	7.390700e-02	3.736093e-03
3.820000000000000e+00	7.400606e-02	3.745994e-03
3.830000000000000e+00	7.410493e-02	3.755895e-03
3.840000000000000e+00	7.420363e-02	3.765796e-03
3.850000000000000e+00	7.430212e-02	3.775698e-03
3.859999999999999e+00	7.440043e-02	3.785599e-03
3.870000000000001e+00	7.449855e-02	3.795502e-03
3.880000000000001e+00	7.459649e-02	3.805404e-03
3.890000000000001e+00	7.469423e-02	3.815306e-03
3.900000000000000e+00	7.479180e-02	3.825208e-03
3.910000000000000e+00	7.488918e-02	3.835111e-03
3.920000000000000e+00	7.498637e-02	3.845014e-03
3.930000000000000e+00	7.508338e-02	3.854917e-03
3.940000000000000e+00	7.518021e-02	3.864820e-03
3.950000000000001e+00	7.527686e-02	3.874723e-03
3.960000000000001e+00	7.537333e-02	3.884627e-03
3.970000000000001e+00	7.546962e-02	3.894530e-03
3.980000000000000e+00	7.556573e-02	3.904434e-03
3.990000000000000e+00	7.566166e-02	3.914339e-03
4.000000000000000e+00	7.575741e-02	3.924243e-03
4.010000000000000e+00	7.585298e-02	3.934147e-03
4.020000000000000e+00	7.594839e-02	3.944051e-03
4.030000000000001e+00	7.604361e-02	3.953957e-03
4.040000000000001e+00	7.613866e-02	3.963861e-03
4.050000000000001e+00	7.623354e-02	3.973767e-03
4.060000000000000e+00	7.632824e-02	3.983672e-03
4.070000000000000e+00	7.642277e-02	3.993577e-03
4.080000000000000e+00	7.651713e-02	4.003483e-03
4.090000000000000e+00	7.661131e-02	4.013389e-03
4.100000000000000e+00	7.670533e-02	4.023295e-03
4.109999999999999e+00	7.679918e-02	4.033201e-03
4.120000000000001e+00	7.689285e-02	4.043107e-03
4.130000000000001e+00	7.698636e-02	4.053014e-03
4.140000000000001e+00	7.707970e-02	4.062920e-03
4.150000000000000e+00	7.717288e-02	4.072827e-03
4.160000000000000e+00	7.726588e-02	4.082734e-03
4.170000000000000e+00	7.735872e-02	4.092641e-03
4.180000000000000e+00	7.745139e-02	4.102549e-03
4.190000000000000e+00	7.754391e-02	4.112456e-03
4.200000000000001e+00	7.763626e-02	4.122364e-03
4.210000000000001e+00	7.772844e-02	4.132272e-03
4.220000000000001e+00	7.782046e-02	4.142180e-03
4.230000000000000e+00	7.791232e-02	4.152087e-03
4.240000000000000e+00	7.800402e-02	4.161996e-03
4.250000000000000e+00	7.809556e-02	4.171905e-03
4.260000000000000e+00	7.818694e-02	4.181813e-03
4.270000000000000e+00	7.827815e-02	4.191722e-03
4.280000000000001e+00	7.836921e-02	4.201631e-03
4.290000000000001e+00	7.846011e-02	4.211540e-03
4.300000000000001e+00	7.855085e-02	4.221449e-03
4.310000000000000e+00	7.864144e-02	4.231358e-03
4.320000000000000e+00	7.873187e-02	4.241268e-03
4.330000000000000e+00	7.882214e-02	4.251178e-03
4.340000000000000e+00	7.891227e-02	4.261088e-03
4.350000000000000e+00	7.900223e-02	4.270998e-03
4.359999999999999e+00	7.909204e-02	4.280908e-03
4.370000000000001e+00	7.918170e-02	4.290818e-03
4.380000000000001e+00	7.927120e-02	4.300729e-03
4.390000000000001e+00	7.936056e-02	4.310640e-03
4.400000000000000e+00	7.944976e-02	4.320550e-03
4.410000000000000e+00	7.953881e-02	4.330461e-03
4.420000000000000e+00	7.962771e-02	4.340373e-03
4.430000000000000e+00	7.971646e-02	4.350284e-03
4.440000000000000e+00	7.980505e-02	4.360195e-03
4.450000000000001e+00	7.989351e-02	4.370106e-03
4.460000000000001e+00	7.998181e-02	4.380018e-03
4.470000000000001e+00	8.006997e-02	4.389930e-03
4.480000000000000e+00	8.015797e-02	4.399842e-03
4.490000000000000e+00	8.024584e-02	4.409754e-03
4.500000000000000e+00	8.033355e-02	4.419666e-03
4.510000000000000e+00	8.042112e-02	4.429579e-03
4.520000000000000e+00	8.050855e-02	4.439491e-03
4.530000000000001e+00	8.059583e-02	4.449404e-03
4.540000000000001e+00	8.068296e-02	4.459317e-03
4.550000000000001e+00	8.076996e-02	4.469230e-03
4.560000000000000e+00	8.085681e-02	4.479143e-03
4.570000000000000e+00	8.094352e-02	4.489056e-03
4.580000000000000e+00	8.103009e-02	4.498970e-03
4.590000000000000e+00	8.111651e-02	4.508884e-03
4.600000000000000e+00	8.120280e-02	4.518797e-03
4.609999999999999e+00	8.128894e-02	4.528711e-03
4.620000000000001e+00	8.137495e-02	4.538625e-03
4.630000000000001e+00	8.146081e-02	4.548539e-03
4.640000000000001e+00	8.154655e-02	4.558453e-03
4.650000000000000e+00	8.163213e-02	4.568368e-03
4.660000000000000e+00	8.171758e-02	4.578283e-03
4.670000000000000e+00	8.180290e-02	4.588197e-03
4.680000000000000e+00	8.188807e-02	4.598112e-03
4.690000000000000e+00	8.197311e-02	4.608027e-03
4.700000000000001e+00	8.205802e-02	4.617942e-03
4.710000000000001e+00	8.214279e-02	4.627857e-03
4.720000000000001e+00	8.222743e-02	4.637773e-03
4.730000000000000e+00	8.231193e-02	4.647688e-03
4.740000000000000e+00	8.239630e-02	4.657604e-03
4.750000000000000e+00	8.248053e-02	4.667520e-03
4.760000000000000e+00	8.256464e-02	4.677435e-03
4.770000000000000e+00	8.264861e-02	4.687351e-03
4.780000000000001e+00	8.273245e-02	4.697267e-03
4.790000000000001e+00	8.281615e-02	4.707184e-03
4.800000000000001e+00	8.289973e-02	4.717100e-03
4.810000000000000e+00	8.298317e-02	4.727017e-03
4.820000000000000e+00	8.306649e-02	4.736933e-03
4.830000000000000e+00	8.314967e-02	4.746850e-03
4.840000000000000e+00	8.323273e-02	4.756767e-03
4.850000000000000e+00	8.331566e-02	4.766684e-03
4.859999999999999e+00	8.339845e-02	4.776602e-03
4.870000000000001e+00	8.348113e-02	4.786519e-03
4.880000000000001e+00	8.356367e-02	4.796437e-03
4.890000000000001e+00	8.364609e-02	4.806354e-03
4.900000000000000e+00	8.372838e-02	4.816272e-03
4.910000000000000e+00	8.381055e-02	4.826189e-03
4.920000000000000e+00	8.389259e-02	4.836108e-03
4.930000000000000e+00	8.397450e-02	4.846026e-03
4.940000000000000e+00	8.405630e-02	4.855944e-03
4.950000000000001e+00	8.413796e-02	4.865862e-03
4.960000000000001e+00	8.421950e-02	4.875781e-03
4.970000000000001e+00	8.430092e-02	4.885699e-03
4.980000000000000e+00	8.438222e-02	4.895618e-03
4.990000000000000e+00	8.446340e-02	4.905537e-03
5.000000000000000e+00	8.454444e-02	4.915455e-03
5.010000000000000e+00	8.462537e-02	4.925374e-03
5.020000000000000e+00	8.470618e-02	4.935294e-03
5.030000000000001e+00	8.478687e-02	4.945213e-03
5.040000000000001e+00	8.486743e-02	4.955132e-03
5.050000000000001e+00	8.494788e-02	4.965052e-03
5.060000000000000e+00	8.502821e-02	4.974972e-03
5.070000000000000e+00	8.510842e-02	4.984892e-03
5.080000000000000e+00	8.518851e-02	4.994811e-03
5.090000000000000e+00	8.526848e-02	5.004731e-03
5.100000000000000e+00	8.534833e-02	5.014651e-03
5.109999999999999e+00	8.542807e-02	5.024572e-03
5.120000000000001e+00	8.550768e-02	5.034492e-03
5.130000000000001e+00	8.558719e-02	5.044413e-03
5.140000000000001e+00	8.566657e-02	5.054333e-03
5.150000000000000e+00	8.574584e-02	5.064254e-03
5.160000000000000e+00	8.582499e-02	5.074175e-03
5.170000000000000e+00	8.590403e-02	5.084096e-03
5.180000000000000e+00	8.598296e-02	5.094017e-03
5.190000000000000e+00	8.606176e-02	5.103938e-03
5.200000000000001e+00	8.614045e-02	5.113860e-03
5.210000000000001e+00	8.621904e-02	5.123781e-03
5.220000000000001e+00	8.629750e-02	5.133702e-03
5.230000000000000e+00	8.637585e-02	5.143624e-03
5.240000000000000e+00	8.645409e-02	5.153546e-03
5.250000000000000e+00	8.653223e-02	5.163468e-03
5.260000000000000e+00	8.661024e-02	5.173390e-03
5.270000000000000e+00	8.668815e-02	5.183312e-03
5.280000000000001e+00	8.676594e-02	5.193234e-03
5.290000000000001e+00	8.684362e-02	5.203156e-03
5.300000000000001e+00	8.692120e-02	5.213079e-03
5.310000000000000e+00	8.699866e-02	5.223001e-03
5.320000000000000e+00	8.707602e-02	5.232924e-03
5.330000000000000e+00	8.715326e-02	5.242847e-03
5.340000000000000e+00	8.723039e-02	5.252770e-03
5.350000000000000e+00	8.730742e-02	5.262692e-03
5.359999999999999e+00	8.738434e-02	5.272616e-03
5.370000000000001e+00	8.746114e-02	5.282539e-03
5.380000000000001e+00	8.753785e-02	5.292462e-03
5.390000000000001e+00	8.761444e-02	5.302385e-03
5.400000000000000e+00	8.769093e-02	5.312309e-03
5.410000000000000e+00	8.776731e-02	5.322233e-03
5.420000000000000e+00	8.784358e-02	5.332157e-03
5.430000000000000e+00	8.791975e-02	5.342080e-03
5.440000000000000e+00	8.799581e-02	5.352004e-03
5.450000000000001e+00	8.807177e-02	5.361928e-03
5.460000000000001e+00	8.814763e-02	5.371852e-03
5.470000000000001e+00	8.822338e-02	5.381776e-03
5.480000000000000e+00	8.829902e-02	5.391701e-03
5.490000000000000e+00	8.837456e-02	5.401625e-03
5.500000000000000e+00	8.844999e-02	5.411550e-03
5.510000000000000e+00	8.852533e-02	5.421475e-03
5.520000000000000e+00	8.860056e-02	5.431399e-03
5.530000000000001e+00	8.867569e-02	5.441324e-03
5.540000000000001e+00	8.875071e-02	5.451249e-03
5.550000000000001e+00	8.882564e-02	5.461175e-03
5.560000000000000e+00	8.890045e-02	5.471100e-03
5.570000000000000e+00	8.897518e-02	5.481025e-03
5.580000000000000e+00	8.904979e-02	5.490950e-03
5.590000000000000e+00	8.912431e-02	5.500876e-03
5.600000000000000e+00	8.919873e-02	5.510801e-03
5.610000000000001e+00	8.927305e-02	5.520727e-03
5.620000000000001e+00	8.934727e-02	5.530653e-03
5.630000000000001e+00	8.942138e-02	5.540579e-03
5.640000000000001e+00	8.949541e-02	5.550505e-03
5.650000000000000e+00	8.956932e-02	5.560431e-03
5.660000000000000e+00	8.964315e-02	5.570357e-03
5.670000000000000e+00	8.971687e-02	5.580283e-03
5.680000000000000e+00	8.979049e-02	5.590209e-03
5.690000000000000e+00	8.986402e-02	5.600136e-03
5.700000000000001e+00	8.993746e-02	5.610063e-03
5.710000000000001e+00	9.001078e-02	5.619989e-03
5.720000000000001e+00	9.008402e-02	5.629916e-03
5.730000000000000e+00	9.015717e-02	5.639843e-03
5.740000000000000e+00	9.023021e-02	5.649770e-03
5.750000000000000e+00	9.030316e-02	5.659697e-03
5.760000000000000e+00	9.037601e-02	5.669624e-03
5.770000000000000e+00	9.044877e-02	5.679551e-03
5.780000000000001e+00	9.052143e-02	5.689478e-03
5.790000000000001e+00	9.059399e-02	5.699406e-03
5.800000000000001e+00	9.066647e-02	5.709333e-03
5.810000000000000e+00	9.073885e-02	5.719261e-03
5.820000000000000e+00	9.081113e-02	5.729189e-03
5.830000000000000e+00	9.088332e-02	5.739117e-03
5.840000000000000e+00	9.095542e-02	5.749044e-03
5.850000000000000e+00	9.102742e-02	5.758972e-03
5.860000000000001e+00	9.109934e-02	5.768901e-03
5.870000000000001e+00	9.117116e-02	5.778829e-03
5.880000000000001e+00	9.124289e-02	5.788757e-03
5.890000000000001e+00	9.131452e-02	5.798685e-03
5.900000000000000e+00	9.138606e-02	5.808614e-03
5.910000000000000e+00	9.145752e-02	5.818543e-03
5.920000000000000e+00	9.152888e-02	5.828471e-03
5.930000000000000e+00	9.160015e-02	5.838400e-03
5.940000000000000e+00	9.167133e-02	5.848329e-03
5.950000000000001e+00	9.174242e-02	5.858257e-03
5.960000000000001e+00	9.181342e-02	5.868187e-03
5.970000000000001e+00	9.188432e-02	5.878116e-03
5.980000000000000e+00	9.195515e-02	5.888045e-03
5.990000000000000e+00	9.202588e-02	5.897974e-03
6.000000000000000e+00	9.209651e-02	5.907903e-03
6.010000000000002e+00	9.216707e-02	5.917833e-03
6.020000000000000e+00	9.223753e-02	5.927762e-03
6.030000000000001e+00	9.230791e-02	5.937692e-03
6.039999999999999e+00	9.237820e-02	5.947622e-03
6.050000000000001e+00	9.244840e-02	5.957552e-03
6.059999999999999e+00	9.251851e-02	5.967482e-03
6.070000000000000e+00	9.258854e-02	5.977411e-03
6.080000000000002e+00	9.265848e-02	5.987342e-03
6.090000000000000e+00	9.272832e-02	5.997272e-03
6.100000000000001e+00	9.279809e-02	6.007202e-03
6.109999999999999e+00	9.286777e-02	6.017132e-03
6.120000000000001e+00	9.293737e-02	6.027062e-03
6.129999999999999e+00	9.300687e-02	6.036993e-03
6.140000000000001e+00	9.307630e-02	6.046924e-03
6.149999999999999e+00	9.314563e-02	6.056855e-03
6.160000000000000e+00	9.321488e-02	6.066785e-03
6.170000000000002e+00	9.328405e-02	6.076716e-03
6.180000000000000e+00	9.335313e-02	6.086647e-03
6.190000000000001e+00	9.342213e-02	6.096578e-03
6.199999999999999e+00	9.349104e-02	6.106509e-03
6.210000000000001e+00	9.355988e-02	6.116440e-03
6.219999999999999e+00	9.362862e-02	6.126371e-03
6.230000000000000e+00	9.369728e-02	6.136303e-03
6.240000000000002e+00	9.376586e-02	6.146234e-03
6.250000000000000e+00	9.383436e-02	6.156166e-03
6.260000000000002e+00	9.390277e-02	6.166097e-03
6.270000000000000e+00	9.397111e-02	6.176029e-03
6.280000000000001e+00	9.403936e-02	6.185960e-03
6.289999999999999e+00	9.410752e-02	6.195893e-03
6.300000000000001e+00	9.417561e-02	6.205824e-03
6.309999999999999e+00	9.424362e-02	6.215756e-03
6.320000000000000e+00	9.431154e-02	6.225688e-03
6.330000000000002e+00	9.437939e-02	6.235620e-03
6.340000000000000e+00	9.444715e-02	6.245553e-03
6.350000000000001e+00	9.451483e-02	6.255485e-03
6.359999999999999e+00	9.458243e-02	6.265418e-03
6.370000000000001e+00	9.464995e-02	6.275350e-03
6.379999999999999e+00	9.471739e-02	6.285283e-03
6.390000000000001e+00	9.478475e-02	6.295215e-03
6.399999999999999e+00	9.485204e-02	6.305148e-03
6.410000000000000e+00	9.491924e-02	6.315081e-03
6.420000000000002e+00	9.498636e-02	6.325013e-03
6.430000000000000e+00	9.505341e-02	6.334946e-03
6.440000000000001e+00	9.512038e-02	6.344880e-03
6.449999999999999e+00	9.518726e-02	6.354813e-03
6.460000000000001e+00	9.525407e-02	6.364746e-03
6.469999999999999e+00	9.532081e-02	6.374679e-03
6.480000000000000e+00	9.538746e-02	6.384613e-03
6.490000000000002e+00	9.545404e-02	6.394546e-03
6.500000000000000e+00	9.552053e-02	6.404479e-03
6.510000000000002e+00	9.558696e-02	6.414413e-03
6.520000000000000e+00	9.565330e-02	6.424346e-03
6.530000000000001e+00	9.571957e-02	6.434280e-03
6.539999999999999e+00	9.578577e-02	6.444214e-03
6.550000000000001e+00	9.585188e-02	6.454148e-03
6.559999999999999e+00	9.591792e-02	6.464082e-03
6.570000000000000e+00	9.598389e-02	6.474016e-03
6.580000000000002e+00	9.604977e-02	6.483950e-03
6.590000000000000e+00	9.611559e-02	6.493885e-03
6.600000000000001e+00	9.618133e-02	6.503819e-03
6.609999999999999e+00	9.624699e-02	6.513753e-03
6.620000000000001e+00	9.631258e-02	6.523687e-03
6.629999999999999e+00	9.637809e-02	6.533622e-03
6.640000000000001e+00	9.644353e-02	6.543557e-03
6.649999999999999e+00	9.650889e-02	6.553491e-03
6.660000000000000e+00	9.657418e-02	6.563426e-03
6.670000000000002e+00	9.663940e-02	6.573360e-03
6.680000000000000e+00	9.670454e-02	6.583295e-03
6.690000000000001e+00	9.676961e-02	6.593230e-03
6.699999999999999e+00	9.683461e-02	6.603166e-03
6.710000000000001e+00	9.689953e-02	6.613100e-03
6.719999999999999e+00	9.696438e-02	6.623036e-03
6.730000000000000e+00	9.702916e-02	6.632971e-03
6.740000000000002e+00	9.709387e-02	6.642906e-03
6.750000000000000e+00	9.715850e-02	6.652841e-03
6.760000000000002e+00	9.722306e-02	6.662777e-03
6.770000000000000e+00	9.728755e-02	6.672713e-03
6.780000000000001e+00	9.735197e-02	6.682648e-03
6.789999999999999e+00	9.741631e-02	6.692584e-03
6.800000000000001e+00	9.748059e-02	6.702519e-03
6.809999999999999e+00	9.754479e-02	6.712455e-03
6.820000000000000e+00	9.760892e-02	6.722391e-03
6.830000000000002e+00	9.767298e-02	6.732327e-03
6.840000000000000e+00	9.773698e-02	6.742263e-03
6.850000000000001e+00	9.780090e-02	6.752199e-03
6.859999999999999e+00	9.786475e-02	6.762135e-03
6.870000000000001e+00	9.792852e-02	6.772072e-03
6.879999999999999e+00	9.799223e-02	6.782008e-03
6.890000000000001e+00	9.805588e-02	6.791944e-03
6.899999999999999e+00	9.811945e-02	6.801880e-03
6.910000000000000e+00	9.818295e-02	6.811817e-03
6.920000000000002e+00	9.824638e-02	6.821753e-03
6.930000000000000e+00	9.830975e-02	6.831690e-03
6.940000000000001e+00	9.837304e-02	6.841627e-03
6.949999999999999e+00	9.843627e-02	6.851564e-03
6.960000000000001e+00	9.849942e-02	6.861500e-03
6.969999999999999e+00	9.856252e-02	6.871438e-03
6.980000000000000e+00	9.862553e-02	6.881374e-03
6.990000000000002e+00	9.868849e-02	6.891312e-03
7.000000000000000e+00	9.875137e-02	6.901249e-03
7.010000000000002e+00	9.881419e-02	6.911186e-03
7.020000000000000e+00	9.887694e-02	6.921123e-03
7.030000000000001e+00	9.893963e-02	6.931060e-03
7.039999999999999e+00	9.900224e-02	6.940998e-03
7.050000000000001e+00	9.906479e-02	6.950935e-03
7.059999999999999e+00	9.912727e-02	6.960873e-03
7.070000000000000e+00	9.918969e-02	6.970810e-03
7.080000000000002e+00	9.925204e-02	6.980748e-03
7.090000000000000e+00	9.931432e-02	6.990686e-03
7.100000000000001e+00	9.937654e-02	7.000623e-03
7.109999999999999e+00	9.943869e-02	7.010561e-03
7.120000000000001e+00	9.950078e-02	7.020499e-03
7.129999999999999e+00	9.956280e-02	7.030437e-03
7.140000000000001e+00	9.962475e-02	7.040375e-03
7.150000000000002e+00	9.968664e-02	7.050314e-03
7.160000000000000e+00	9.974847e-02	7.060252e-03
7.170000000000002e+00	9.981023e-02	7.070190e-03
7.180000000000000e+00	9.987193e-02	7.080128e-03
7.190000000000001e+00	9.993356e-02	7.090067e-03
7.199999999999999e+00	9.999512e-02	7.100005e-03
7.210000000000001e+00	1.000566e-01	7.109943e-03
7.219999999999999e+00	1.001181e-01	7.119882e-03
7.230000000000000e+00	1.001794e-01	7.129821e-03
7.240000000000002e+00	1.002407e-01	7.139759e-03
7.250000000000000e+00	1.003020e-01	7.149698e-03
7.260000000000002e+00	1.003632e-01	7.159637e-03
7.270000000000000e+00	1.004243e-01	7.169576e-03
7.280000000000001e+00	1.004853e-01	7.179515e-03
7.289999999999999e+00	1.005463e-01	7.189454e-03
7.300000000000001e+00	1.006073e-01	7.199393e-03
7.309999999999999e+00	1.006681e-01	7.209332e-03
7.320000000000000e+00	1.007289e-01	7.219271e-03
7.330000000000002e+00	1.007897e-01	7.229210e-03
7.340000000000000e+00	1.008504e-01	7.239149e-03
7.350000000000001e+00	1.009110e-01	7.249089e-03
7.359999999999999e+00	1.009715e-01	7.259028e-03
7.370000000000001e+00	1.010320e-01	7.268968e-03
7.379999999999999e+00	1.010925e-01	7.278908e-03
7.390000000000001e+00	1.011528e-01	7.288847e-03
7.400000000000002e+00	1.012132e-01	7.298787e-03
7.410000000000000e+00	1.012734e-01	7.308727e-03
7.420000000000002e+00	1.013336e-01	7.318666e-03
7.430000000000000e+00	1.013937e-01	7.328606e-03
7.440000000000001e+00	1.014538e-01	7.338546e-03
7.449999999999999e+00	1.015138e-01	7.348486e-03
7.460000000000001e+00	1.015737e-01	7.358426e-03
7.469999999999999e+00	1.016336e-01	7.368366e-03
7.480000000000000e+00	1.016935e-01	7.378307e-03
7.490000000000002e+00	1.017532e-01	7.388247e-03
7.500000000000000e+00	1.018129e-01	7.398187e-03
7.510000000000002e+00	1.018726e-01	7.408128e-03
7.520000000000000e+00	1.019322e-01	7.418068e-03
7.530000000000001e+00	1.019917e-01	7.428008e-03
7.539999999999999e+00	1.020511e-01	7.437949e-03
7.550000000000001e+00	1.021105e-01	7.447890e-03
7.559999999999999e+00	1.021699e-01	7.457830e-03
7.570000000000000e+00	1.022292e-01	7.467771e-03
7.580000000000002e+00	1.022884e-01	7.477711e-03
7.590000000000000e+00	1.023476e-01	7.487652e-03
7.600000000000001e+00	1.024067e-01	7.497593e-03
7.609999999999999e+00	1.024658e-01	7.507534e-03
7.620000000000001e+00	1.025248e-01	7.517475e-03
7.629999999999999e+00	1.025837e-01	7.527416e-03
7.640000000000001e+00	1.026426e-01	7.537358e-03
7.650000000000002e+00	1.027014e-01	7.547298e-03
7.660000000000000e+00	1.027602e-01	7.557240e-03
7.670000000000002e+00	1.028189e-01	7.567181e-03
7.680000000000000e+00	1.028775e-01	7.577123e-03
7.690000000000001e+00	1.029361e-01	7.587064e-03
7.699999999999999e+00	1.029947e-01	7.597005e-03
7.710000000000001e+00	1.030532e-01	7.606947e-03
7.719999999999999e+00	1.031116e-01	7.616888e-03
7.730000000000000e+00	1.031699e-01	7.626830e-03
7.740000000000002e+00	1.032283e-01	7.636772e-03
7.750000000000000e+00	1.032865e-01	7.646713e-03
7.760000000000002e+00	1.033447e-01	7.656655e-03
7.770000000000000e+00	1.034028e-01	7.666597e-03
7.780000000000001e+00	1.034609e-01	7.676539e-03
7.789999999999999e+00	1.035190e-01	7.686481e-03
7.800000000000001e+00	1.035769e-01	7.696423e-03
7.809999999999999e+00	1.036348e-01	7.706365e-03
7.820000000000000e+00	1.036927e-01	7.716307e-03
7.830000000000002e+00	1.037505e-01	7.726249e-03
7.840000000000000e+00	1.038083e-01	7.736192e-03
7.850000000000001e+00	1.038660e-01	7.746134e-03
7.859999999999999e+00	1.039236e-01	7.756076e-03
7.870000000000001e+00	1.039812e-01	7.766019e-03
7.879999999999999e+00	1.040387e-01	7.775961e-03
7.890000000000001e+00	1.040962e-01	7.785904e-03
7.900000000000002e+00	1.041536e-01	7.795847e-03
7.910000000000000e+00	1.042110e-01	7.805789e-03
7.920000000000002e+00	1.042683e-01	7.815732e-03
7.930000000000000e+00	1.043256e-01	7.825674e-03
7.940000000000001e+00	1.043828e-01	7.835617e-03
7.949999999999999e+00	1.044399e-01	7.845560e-03
7.960000000000001e+00	1.044970e-01	7.855503e-03
7.969999999999999e+00	1.045541e-01	7.865446e-03
7.980000000000000e+00	1.046111e-01	7.875388e-03
7.990000000000002e+00	1.046680e-01	7.885332e-03
8.000000000000000e+00	1.047249e-01	7.895275e-03
8.010000000000002e+00	1.047817e-01	7.905218e-03
8.020000000000000e+00	1.048385e-01	7.915162e-03
8.030000000000001e+00	1.048952e-01	7.925104e-03
8.039999999999999e+00	1.049519e-01	7.935048e-03
8.050000000000001e+00	1.050085e-01	7.944992e-03
8.059999999999999e+00	1.050651e-01	7.954935e-03
8.070000000000000e+00	1.051216e-01	7.964878e-03
8.080000000000002e+00	1.051781e-01	7.974822e-03
8.090000000000000e+00	1.052345e-01	7.984766e-03
8.100000000000001e+00	1.052908e-01	7.994710e-03
8.109999999999999e+00	1.053471e-01	8.004653e-03
8.120000000000001e+00	1.054034e-01	8.014597e-03
8.129999999999999e+00	1.054596e-01	8.024541e-03
8.140000000000001e+00	1.055158e-01	8.034484e-03
8.150000000000002e+00	1.055719e-01	8.044428e-03
8.160000000000000e+00	1.056279e-01	8.054372e-03
8.170000000000002e+00	1.056839e-01	8.064316e-03
8.180000000000000e+00	1.057398e-01	8.074260e-03
8.190000000000001e+00	1.057957e-01	8.084204e-03
8.199999999999999e+00	1.058516e-01	8.094149e-03
8.210000000000001e+00	1.059074e-01	8.104092e-03
8.219999999999999e+00	1.059631e-01	8.114037e-03
8.230000000000000e+00	1.060188e-01	8.123981e-03
8.240000000000002e+00	1.060745e-01	8.133925e-03
8.250000000000000e+00	1.061300e-01	8.143870e-03
8.260000000000002e+00	1.061856e-01	8.153815e-03
8.270000000000000e+00	1.062411e-01	8.163759e-03
8.280000000000001e+00	1.062965e-01	8.173703e-03
8.289999999999999e+00	1.063519e-01	8.183648e-03
8.300000000000001e+00	1.064072e-01	8.193593e-03
8.309999999999999e+00	1.064625e-01	8.203537e-03
8.320000000000000e+00	1.065178e-01	8.213482e-03
8.330000000000002e+00	1.065730e-01	8.223427e-03
8.340000000000000e+00	1.066281e-01	8.233372e-03
8.350000000000001e+00	1.066832e-01	8.243317e-03
8.359999999999999e+00	1.067383e-01	8.253261e-03
8.370000000000001e+00	1.067932e-01	8.263207e-03
8.379999999999999e+00	1.068482e-01	8.273152e-03
8.390000000000001e+00	1.069031e-01	8.283097e-03
8.400000000000002e+00	1.069579e-01	8.293042e-03
8.410000000000000e+00	1.070127e-01	8.302988e-03
8.420000000000002e+00	1.070675e-01	8.312932e-03
8.430000000000000e+00	1.071222e-01	8.322878e-03
8.440000000000001e+00	1.071768e-01	8.332823e-03
8.449999999999999e+00	1.072315e-01	8.342769e-03
8.460000000000001e+00	1.072860e-01	8.352714e-03
8.469999999999999e+00	1.073405e-01	8.362659e-03
8.480000000000000e+00	1.073950e-01	8.372605e-03
8.490000000000002e+00	1.074494e-01	8.382550e-03
8.500000000000000e+00	1.075038e-01	8.392496e-03
8.510000000000002e+00	1.075581e-01	8.402442e-03
8.520000000000000e+00	1.076124e-01	8.412387e-03
8.530000000000001e+00	1.076666e-01	8.422334e-03
8.539999999999999e+00	1.077208e-01	8.432279e-03
8.550000000000001e+00	1.077749e-01	8.442225e-03
8.559999999999999e+00	1.078290e-01	8.452171e-03
8.570000000000000e+00	1.078830e-01	8.462117e-03
8.580000000000002e+00	1.079370e-01	8.472063e-03
8.590000000000000e+00	1.079909e-01	8.482009e-03
8.600000000000001e+00	1.080448e-01	8.491955e-03
8.609999999999999e+00	1.080987e-01	8.501901e-03
8.620000000000001e+00	1.081525e-01	8.511848e-03
8.629999999999999e+00	1.082062e-01	8.521793e-03
8.640000000000001e+00	1.082599e-01	8.531740e-03
8.650000000000002e+00	1.083136e-01	8.541686e-03
8.660000000000000e+00	1.083672e-01	8.551633e-03
8.670000000000002e+00	1.084208e-01	8.561580e-03
8.680000000000000e+00	1.084743e-01	8.571526e-03
8.690000000000001e+00	1.085278e-01	8.581473e-03
8.699999999999999e+00	1.085812e-01	8.591419e-03
8.710000000000001e+00	1.086346e-01	8.601366e-03
8.719999999999999e+00	1.086880e-01	8.611312e-03
8.730000000000000e+00	1.087413e-01	8.621259e-03
8.740000000000002e+00	1.087945e-01	8.631205e-03
8.750000000000000e+00	1.088477e-01	8.641153e-03
8.760000000000002e+00	1.089009e-01	8.651099e-03
8.770000000000000e+00	1.089540e-01	8.661046e-03
8.780000000000001e+00	1.090071e-01	8.670993e-03
8.789999999999999e+00	1.090601e-01	8.680940e-03
8.800000000000001e+00	1.091131e-01	8.690887e-03
8.809999999999999e+00	1.091660e-01	8.700834e-03
8.820000000000000e+00	1.092189e-01	8.710781e-03
8.830000000000002e+00	1.092717e-01	8.720729e-03
8.840000000000000e+00	1.093246e-01	8.730675e-03
8.850000000000001e+00	1.093773e-01	8.740623e-03
8.859999999999999e+00	1.094300e-01	8.750570e-03
8.870000000000001e+00	1.094827e-01	8.760517e-03
8.879999999999999e+00	1.095353e-01	8.770465e-03
8.890000000000001e+00	1.095879e-01	8.780412e-03
8.900000000000002e+00	1.096404e-01	8.790360e-03
8.910000000000000e+00	1.096929e-01	8.800307e-03
8.920000000000002e+00	1.097454e-01	8.810255e-03
8.930000000000000e+00	1.097978e-01	8.820202e-03
8.940000000000001e+00	1.098502e-01	8.830150e-03
8.949999999999999e+00	1.099025e-01	8.840097e-03
8.960000000000001e+00	1.099548e-01	8.850046e-03
8.969999999999999e+00	1.100070e-01	8.859993e-03
8.980000000000000e+00	1.100592e-01	8.869940e-03
8.990000000000002e+00	1.101113e-01	8.879889e-03
9.000000000000000e+00	1.101634e-01	8.889836e-03
9.010000000000002e+00	1.102155e-01	8.899785e-03
9.020000000000000e+00	1.102675e-01	8.909732e-03
9.030000000000001e+00	1.103195e-01	8.919680e-03
9.039999999999999e+00	1.103714e-01	8.929629e-03
9.050000000000001e+00	1.104233e-01	8.939576e-03
9.059999999999999e+00	1.104752e-01	8.949525e-03
9.070000000000000e+00	1.105270e-01	8.959473e-03
9.080000000000002e+00	1.105787e-01	8.969421e-03
9.090000000000000e+00	1.106305e-01	8.979370e-03
9.100000000000001e+00	1.106821e-01	8.989318e-03
9.109999999999999e+00	1.107338e-01	8.999267e-03
9.120000000000001e+00	1.107854e-01	9.009215e-03
9.129999999999999e+00	1.108369e-01	9.019163e-03
9.140000000000001e+00	1.108884e-01	9.029112e-03
9.150000000000002e+00	1.109399e-01	9.039060e-03
9.160000000000000e+00	1.109913e-01	9.049009e-03
9.170000000000002e+00	1.110427e-01	9.058957e-03
9.180000000000000e+00	1.110941e-01	9.068906e-03
9.190000000000001e+00	1.111454e-01	9.078855e-03
9.199999999999999e+00	1.111966e-01	9.088803e-03
9.210000000000001e+00	1.112479e-01	9.098752e-03
9.219999999999999e+00	1.112990e-01	9.108701e-03
9.230000000000000e+00	1.113502e-01	9.118650e-03
9.240000000000002e+00	1.114013e-01	9.128598e-03
9.250000000000000e+00	1.114523e-01	9.138548e-03
9.260000000000002e+00	1.115033e-01	9.148496e-03
9.270000000000000e+00	1.115543e-01	9.158446e-03
9.280000000000001e+00	1.116053e-01	9.168395e-03
9.289999999999999e+00	1.116562e-01	9.178344e-03
9.300000000000001e+00	1.117070e-01	9.188293e-03
9.309999999999999e+00	1.117578e-01	9.198242e-03
9.320000000000000e+00	1.118086e-01	9.208191e-03
9.330000000000002e+00	1.118593e-01	9.218141e-03
9.340000000000000e+00	1.119100e-01	9.228090e-03
9.350000000000001e+00	1.119607e-01	9.238039e-03
9.359999999999999e+00	1.120113e-01	9.247988e-03
9.370000000000001e+00	1.120619e-01	9.257938e-03
9.379999999999999e+00	1.121124e-01	9.267888e-03
9.390000000000001e+00	1.121629e-01	9.277837e-03
9.400000000000002e+00	1.122133e-01	9.287787e-03
9.410000000000000e+00	1.122638e-01	9.297736e-03
9.420000000000002e+00	1.123141e-01	9.307686e-03
9.430000000000000e+00	1.123645e-01	9.317636e-03
9.440000000000001e+00	1.124148e-01	9.327585e-03
9.449999999999999e+00	1.124650e-01	9.337535e-03
9.460000000000001e+00	1.125152e-01	9.347484e-03
9.469999999999999e+00	1.125654e-01	9.357435e-03
9.480000000000000e+00	1.126156e-01	9.367384e-03
9.490000000000002e+00	1.126657e-01	9.377334e-03
9.500000000000000e+00	1.127157e-01	9.387285e-03
9.510000000000002e+00	1.127657e-01	9.397234e-03
9.520000000000000e+00	1.128157e-01	9.407184e-03
9.530000000000001e+00	1.128657e-01	9.417134e-03
9.539999999999999e+00	1.129156e-01	9.427085e-03
9.550000000000001e+00	1.129654e-01	9.437035e-03
9.559999999999999e+00	1.130153e-01	9.446985e-03
9.570000000000000e+00	1.130651e-01	9.456935e-03
9.580000000000002e+00	1.131148e-01	9.466886e-03
9.590000000000000e+00	1.131645e-01	9.476836e-03
9.600000000000001e+00	1.132142e-01	9.486786e-03
9.609999999999999e+00	1.132639e-01	9.496736e-03
9.620000000000001e+00	1.133135e-01	9.506687e-03
9.629999999999999e+00	1.133630e-01	9.516637e-03
9.640000000000001e+00	1.134125e-01	9.526587e-03
9.650000000000002e+00	1.134620e-01	9.536538e-03
9.660000000000000e+00	1.135115e-01	9.546489e-03
9.670000000000002e+00	1.135609e-01	9.556439e-03
9.680000000000000e+00	1.136103e-01	9.566390e-03
9.690000000000001e+00	1.136596e-01	9.576340e-03
9.699999999999999e+00	1.137089e-01	9.586291e-03
9.710000000000001e+00	1.137582e-01	9.596242e-03
9.719999999999999e+00	1.138074e-01	9.606193e-03
9.730000000000000e+00	1.138566e-01	9.616143e-03
9.740000000000002e+00	1.139057e-01	9.626094e-03
9.750000000000000e+00	1.139548e-01	9.636045e-03
9.760000000000002e+00	1.140039e-01	9.645996e-03
9.770000000000000e+00	1.140529e-01	9.655947e-03
9.780000000000001e+00	1.141019e-01	9.665898e-03
9.789999999999999e+00	1.141509e-01	9.675849e-03
9.800000000000001e+00	1.141998e-01	9.685800e-03
9.809999999999999e+00	1.142487e-01	9.695752e-03
9.820000000000000e+00	1.142976e-01	9.705703e-03
9.830000000000002e+00	1.143464e-01	9.715654e-03
9.840000000000000e+00	1.143952e-01	9.725605e-03
9.850000000000001e+00	1.144439e-01	9.735556e-03
9.859999999999999e+00	1.144926e-01	9.745508e-03
9.870000000000001e+00	1.145413e-01	9.755459e-03
9.879999999999999e+00	1.145899e-01	9.765410e-03
9.890000000000001e+00	1.146385e-01	9.775361e-03
9.900000000000002e+00	1.146871e-01	9.785313e-03
9.910000000000000e+00	1.147356e-01	9.795264e-03
9.920000000000002e+00	1.147841e-01	9.805216e-03
9.930000000000000e+00	1.148326e-01	9.815168e-03
9.940000000000001e+00	1.148810e-01	9.825119e-03
9.949999999999999e+00	1.149294e-01	9.835071e-03
9.960000000000001e+00	1.149777e-01	9.845022e-03
9.969999999999999e+00	1.150260e-01	9.854974e-03
9.980000000000000e+00	1.150743e-01	9.864925e-03
9.990000000000002e+00	1.151226e-01	9.874878e-03
1.000000000000000e+01	1.151708e-01	9.884830e-03
